DATE,TIME,RIVER_LEVEL,RW_FLOW,RW_NTU,RW_CLR,RW_PH,FILT_NTU,CW_WELL_LEVEL,PH,NTU,CLR,CL2,ALUM,TW_FLOW,REMARKS,MONTH,tw_pump_count,rw_pump_count
2025-01-01 00:00:00,700.0,6.22,45.3,150.0,850.0,7.0,0.04,3.82,7.2,0.12,5.0,1.5,0.04,42.6,,1,2,1
2025-01-01 00:00:00,300.0,5.35,48.6,67.0,680.0,7.0,0.05,3.81,7.2,0.12,5.0,1.5,0.04,41.9,,1,2,1
2025-01-01 00:00:00,100.0,5.4,48.6,67.0,680.0,7.0,0.05,3.81,7.2,0.12,5.0,1.5,0.04,41.9,,1,2,1
2025-01-01 00:00:00,2300.0,5.47,48.9,100.0,950.0,7.0,0.05,3.8,7.2,0.12,5.0,1.6,0.04,42.0,B/W filter no. 2&5 (10.00pm),1,2,1
2025-01-01 00:00:00,2100.0,5.36,44.2,99.0,948.0,7.0,0.05,3.64,7.2,0.11,5.0,1.6,0.04,42.5,,1,2,1
2025-01-01 00:00:00,1900.0,5.45,44.2,102.0,1117.0,7.0,0.05,3.66,7.2,0.11,5.0,1.5,0.04,42.6,,1,2,1
2025-01-01 00:00:00,500.0,5.27,48.5,72.0,690.0,7.0,0.05,3.82,7.2,0.12,5.0,1.6,0.04,40.1,,1,2,1
2025-01-01 00:00:00,1500.0,5.83,44.5,56.0,641.0,7.0,0.05,3.58,7.2,0.11,5.0,1.6,0.04,42.5,,1,2,1
2025-01-01 00:00:00,1300.0,5.99,44.9,62.0,720.0,7.0,0.05,3.58,7.2,0.11,5.0,1.6,0.04,42.3,,1,2,1
2025-01-01 00:00:00,1100.0,6.17,44.9,82.0,780.0,7.0,0.05,3.81,7.2,0.12,5.0,1.6,0.04,42.7,"B/W No.4,6",1,2,1
2025-01-01 00:00:00,900.0,6.34,45.2,120.0,830.0,7.0,0.05,3.81,7.2,0.12,5.0,1.5,0.04,42.6,,1,2,1
2025-01-01 00:00:00,1700.0,5.57,44.5,75.0,694.0,7.0,0.06,3.71,7.2,0.11,5.0,1.6,0.04,42.4,,1,2,1
2025-01-02 00:00:00,500.0,9.87,45.1,12.0,143.0,7.0,0.07,3.68,7.3,0.27,5.0,1.6,0.06,42.8,,2,2,1
2025-01-02 00:00:00,1100.0,10.26,45.6,16.0,158.0,7.0,0.2,3.76,7.3,0.5,5.0,1.7,0.06,42.8,,2,2,1
2025-01-02 00:00:00,1300.0,10.17,46.1,15.0,145.0,7.0,0.4,3.61,7.3,0.44,5.0,1.7,0.06,42.6,,2,2,1
2025-01-02 00:00:00,1500.0,10.17,46.0,15.0,145.0,7.0,0.4,3.51,7.3,0.53,5.0,1.7,0.06,42.0,B/W filter no.3&3 (11.00pm),2,2,1
2025-01-02 00:00:00,1700.0,10.17,46.0,14.0,145.0,7.0,0.4,3.41,7.3,1.75,5.0,1.7,0.06,42.2,B/W filter no.1&4 (11.00pm),2,2,1
2025-01-02 00:00:00,1900.0,9.91,44.6,13.0,145.0,7.0,0.04,3.5,7.3,1.79,5.0,1.7,0.06,42.2,,2,2,1
2025-01-02 00:00:00,2100.0,9.91,44.6,13.0,145.0,7.0,0.04,3.51,7.3,1.71,5.0,1.7,0.06,42.2,,2,2,1
2025-01-02 00:00:00,2300.0,9.86,46.2,12.0,143.0,7.0,0.07,3.58,7.3,0.32,5.0,1.6,0.06,43.8,B/W no.6,2,2,1
2025-01-02 00:00:00,100.0,,45.4,12.0,143.0,7.0,0.07,3.55,7.3,0.31,5.0,1.6,0.06,42.7,,2,2,1
2025-01-02 00:00:00,300.0,9.93,45.1,12.0,143.0,7.0,0.07,3.58,7.3,0.3,5.0,1.6,0.06,42.6,,2,2,1
2025-01-02 00:00:00,900.0,10.24,45.2,16.0,158.0,7.0,0.4,3.81,7.3,0.43,5.0,1.7,0.06,42.7,,2,2,1
2025-01-02 00:00:00,700.0,10.23,45.4,16.0,158.0,7.0,0.4,3.81,7.3,0.43,5.0,1.7,0.06,42.7,,2,2,1
2025-01-03 00:00:00,2300.0,4.87,44.8,26.0,232.0,7.0,0.04,3.68,7.3,0.13,5.0,1.5,0.06,41.0,,3,2,2
2025-01-03 00:00:00,500.0,5.25,44.5,21.0,192.0,7.0,0.04,3.7,7.3,0.12,5.0,1.5,0.06,41.0,,3,2,2
2025-01-03 00:00:00,2100.0,4.64,44.9,25.0,230.0,7.0,0.04,3.68,7.3,0.14,5.0,1.5,0.06,41.1,,3,2,2
2025-01-03 00:00:00,1900.0,4.63,45.0,27.0,235.0,7.0,0.04,3.61,7.3,0.14,5.0,1.5,0.06,41.0,,3,2,2
2025-01-03 00:00:00,1700.0,4.67,45.8,23.0,200.0,7.0,0.04,3.5,7.3,0.15,5.0,1.6,0.06,40.4,,3,2,2
2025-01-03 00:00:00,1500.0,4.72,46.0,25.0,230.0,7.0,0.04,3.21,7.3,0.23,5.0,1.6,0.06,39.4,,3,2,2
2025-01-03 00:00:00,1300.0,5.01,47.2,30.0,250.0,7.0,0.03,3.01,7.3,0.23,5.0,1.6,0.06,41.7,,3,2,2
2025-01-03 00:00:00,1100.0,5.12,45.7,23.0,200.0,7.0,0.04,3.05,7.3,0.22,5.0,1.6,0.06,41.6,,3,2,2
2025-01-03 00:00:00,900.0,5.09,45.7,23.0,200.0,7.0,0.04,3.11,7.3,0.23,5.0,1.6,0.06,42.1,,3,2,2
2025-01-03 00:00:00,700.0,4.97,44.1,23.0,200.0,7.0,0.23,3.32,7.3,0.23,5.0,1.6,0.06,42.2,B/W filter no 2&6 (2.45am),3,2,2
2025-01-03 00:00:00,300.0,5.17,44.5,22.0,208.0,7.0,0.04,3.71,7.3,0.12,5.0,1.5,0.06,41.0,,3,2,2
2025-01-03 00:00:00,100.0,4.99,44.7,24.0,220.0,7.0,0.04,3.68,7.3,0.12,5.0,1.5,0.06,41.1,,3,2,2
2025-01-04 00:00:00,500.0,6.78,47.2,54.0,530.0,7.0,0.24,3.82,7.3,0.17,5.0,1.6,0.05,43.5,,4,2,2
2025-01-04 00:00:00,300.0,6.79,47.0,57.0,542.0,7.0,0.15,3.79,7.3,0.14,5.0,1.6,0.05,43.5,,4,2,2
2025-01-04 00:00:00,100.0,6.82,47.3,60.0,554.0,7.0,0.14,3.81,7.3,0.13,5.0,1.5,0.05,43.6,,4,2,2
2025-01-04 00:00:00,2300.0,6.8,47.0,63.0,561.0,7.0,0.13,3.8,7.3,0.13,5.0,1.5,0.05,43.5,,4,2,2
2025-01-04 00:00:00,2100.0,6.89,47.0,55.0,537.0,7.0,0.16,3.76,7.3,0.13,5.0,1.6,0.05,42.6,,4,2,2
2025-01-04 00:00:00,1900.0,7.01,47.0,55.0,537.0,7.0,0.13,3.78,7.3,0.13,5.0,1.6,0.05,42.6,,4,2,2
2025-01-04 00:00:00,1700.0,7.21,47.6,62.0,540.0,7.0,0.09,3.79,7.3,0.12,5.0,1.6,0.05,42.6,,4,2,2
2025-01-04 00:00:00,1500.0,7.22,48.1,76.0,680.0,7.0,0.09,3.81,7.3,0.11,5.0,1.6,0.05,42.6,,4,2,2
2025-01-04 00:00:00,1300.0,7.44,47.6,94.0,931.0,7.0,0.07,3.86,7.3,0.1,5.0,1.6,0.05,43.6,,4,2,2
2025-01-04 00:00:00,700.0,7.45,48.4,120.0,1183.0,7.0,0.06,3.83,7.3,0.1,5.0,1.7,0.05,43.5,,4,2,2
2025-01-04 00:00:00,900.0,7.5,48.6,146.0,1439.0,7.0,0.08,3.72,7.3,0.1,5.0,1.5,0.05,43.6,B/W filter no.3,4,2,2
2025-01-04 00:00:00,1100.0,7.59,48.2,109.0,988.0,7.0,0.06,3.83,7.3,0.1,5.0,1.6,0.05,43.8,,4,2,2
2025-01-09 00:00:00,500.0,3.42,53.2,18.0,196.0,7.0,0.18,3.83,7.3,0.26,5.0,1.5,0.05,47.6,,9,2,1
2025-01-09 00:00:00,300.0,3.43,53.5,19.0,205.0,7.0,0.16,3.83,7.3,0.26,5.0,1.5,0.05,47.9,,9,2,1
2025-01-09 00:00:00,100.0,3.43,53.6,20.0,211.0,7.0,0.15,3.83,7.3,0.26,5.0,1.3,0.05,47.9,,9,2,1
2025-01-09 00:00:00,2300.0,3.44,53.8,22.0,250.0,7.0,0.13,3.83,7.3,0.26,5.0,1.1,0.05,47.9,,9,2,1
2025-01-09 00:00:00,2100.0,3.45,53.1,24.0,275.0,7.0,0.15,3.83,7.3,0.24,5.0,1.2,0.05,47.9,,9,2,1
2025-01-09 00:00:00,1900.0,3.42,55.0,22.0,270.0,7.0,0.15,3.84,7.3,0.25,5.0,1.2,0.05,48.0,,9,2,1
2025-01-09 00:00:00,1700.0,3.43,56.3,28.0,315.0,7.0,0.1,3.83,7.3,0.24,5.0,1.3,0.05,47.9,,9,2,1
2025-01-09 00:00:00,1500.0,3.45,52.8,41.0,380.0,7.0,0.11,3.83,7.3,0.24,5.0,1.2,0.05,47.9,,9,2,1
2025-01-09 00:00:00,1300.0,,53.2,34.0,380.0,7.0,0.12,3.81,7.3,0.24,5.0,1.6,0.05,48.0,,9,2,1
2025-01-09 00:00:00,1100.0,,53.2,32.0,350.0,7.0,0.1,3.8,7.3,0.28,5.0,1.3,0.05,48.0,,9,2,1
2025-01-09 00:00:00,900.0,,53.2,33.0,350.0,7.0,0.11,3.81,7.3,0.27,5.0,1.3,0.05,48.0,,9,2,1
2025-01-10 00:00:00,300.0,,52.5,23.0,214.0,7.0,0.04,3.81,7.3,0.43,5.0,1.4,0.06,48.2,,10,2,1
2025-01-10 00:00:00,100.0,,52.6,23.0,214.0,7.0,0.04,3.81,7.3,0.43,5.0,1.4,0.06,48.3,,10,2,1
2025-01-10 00:00:00,2300.0,3.89,52.4,23.0,214.0,7.0,0.04,3.78,7.3,0.44,5.0,1.4,0.06,48.2,,10,2,1
2025-01-10 00:00:00,2100.0,3.92,53.5,23.0,214.0,7.0,0.11,3.83,7.3,0.44,5.0,1.4,0.06,48.2,,10,2,1
2025-01-10 00:00:00,500.0,,52.2,23.0,214.0,7.0,0.04,3.81,7.3,0.43,5.0,1.4,0.06,48.2,,10,2,1
2025-01-10 00:00:00,900.0,4.16,52.7,25.0,224.0,7.0,0.07,3.81,7.3,0.41,5.0,1.4,0.06,47.3,,10,2,1
2025-01-10 00:00:00,1100.0,4.12,52.6,23.0,214.0,7.0,0.07,3.81,7.3,0.42,5.0,1.4,0.06,47.1,,10,2,1
2025-01-10 00:00:00,1300.0,4.07,52.4,23.0,214.0,7.0,0.07,3.82,7.3,0.43,5.0,1.4,0.06,47.8,,10,2,1
2025-01-10 00:00:00,1500.0,4.04,52.6,23.0,214.0,7.0,0.08,3.83,7.3,0.44,5.0,1.1,0.06,48.3,,10,2,1
2025-01-10 00:00:00,1700.0,3.95,52.1,24.0,220.0,7.0,0.1,3.83,7.3,0.44,5.0,1.3,0.06,48.3,,10,2,1
2025-01-10 00:00:00,1900.0,3.93,52.1,24.0,220.0,7.0,0.1,3.83,7.3,0.44,5.0,1.4,0.06,48.3,,10,2,1
2025-01-11 00:00:00,500.0,3.88,51.4,17.0,189.0,7.0,0.04,3.83,7.3,0.17,5.0,2.3,0.05,47.2,,11,2,1
2025-01-11 00:00:00,100.0,3.87,52.0,18.0,195.0,7.0,0.05,3.7,7.3,0.19,5.0,2.0,0.05,47.1,,11,2,1
2025-01-11 00:00:00,2300.0,3.9,51.3,18.0,195.0,7.0,0.06,3.83,7.3,0.2,5.0,2.1,0.05,47.0,,11,2,1
2025-01-11 00:00:00,2100.0,4.16,52.4,15.0,161.0,7.0,0.04,3.84,7.3,0.19,5.0,1.7,0.05,47.3,,11,2,1
2025-01-11 00:00:00,300.0,3.84,51.5,18.0,195.0,7.0,0.05,3.79,7.3,0.18,5.0,2.0,0.05,47.3,,11,2,1
2025-01-11 00:00:00,1700.0,4.16,52.4,10.0,104.0,7.0,0.04,3.84,7.3,0.15,5.0,1.8,0.05,47.3,,11,2,1
2025-01-11 00:00:00,1500.0,4.25,52.8,10.0,104.0,7.0,0.04,3.84,7.3,0.17,5.0,1.4,0.05,47.1,,11,2,1
2025-01-11 00:00:00,900.0,4.21,52.5,9.0,91.0,7.0,0.05,3.84,7.3,0.15,5.0,1.7,0.05,47.3,,11,2,1
2025-01-11 00:00:00,1100.0,4.23,53.0,10.0,104.0,7.0,0.05,3.84,7.3,0.15,5.0,1.5,0.05,47.1,,11,2,1
2025-01-11 00:00:00,1300.0,4.26,53.0,10.0,104.0,7.0,0.03,3.84,7.3,0.15,5.0,1.4,0.05,47.4,,11,2,1
2025-01-11 00:00:00,1900.0,4.15,52.3,12.0,126.0,7.0,0.04,3.83,7.3,0.2,5.0,1.8,0.05,47.3,,11,2,1
2025-01-12 00:00:00,500.0,4.98,54.5,28.0,280.0,7.0,0.04,3.83,7.3,0.24,5.0,1.0,0.06,50.5,,12,3,1
2025-01-12 00:00:00,900.0,4.86,54.0,20.0,300.0,7.0,0.04,3.84,7.3,0.22,5.0,1.0,0.05,52.0,,12,3,1
2025-01-12 00:00:00,1100.0,4.81,54.1,21.0,210.0,7.0,0.04,3.82,7.3,0.24,5.0,1.0,0.05,52.0,,12,3,1
2025-01-12 00:00:00,1300.0,4.76,54.0,21.0,210.0,7.0,0.03,3.84,7.3,0.24,5.0,1.0,0.05,51.9,,12,3,1
2025-01-12 00:00:00,1500.0,4.73,54.8,22.0,211.0,7.0,0.04,3.84,7.3,0.34,5.0,1.0,0.06,50.4,,12,3,1
2025-01-12 00:00:00,1700.0,4.72,54.6,27.0,282.0,7.0,0.04,3.84,7.3,0.26,5.0,1.0,0.06,50.6,,12,3,1
2025-01-12 00:00:00,1900.0,4.77,54.4,31.0,324.0,7.0,0.04,3.84,7.3,0.26,5.0,1.0,0.06,50.2,,12,3,1
2025-01-12 00:00:00,2100.0,4.76,54.6,29.0,311.0,7.0,0.04,3.83,7.3,0.26,5.0,1.2,0.06,50.4,,12,3,1
2025-01-12 00:00:00,100.0,4.81,54.21,24.0,260.0,7.0,0.04,3.83,7.3,0.25,5.0,1.1,0.06,50.2,,12,3,1
2025-01-12 00:00:00,300.0,4.86,54.6,24.0,260.0,7.0,0.04,3.83,7.3,0.27,5.0,1.0,0.06,50.3,,12,3,1
2025-01-12 00:00:00,2300.0,4.77,54.2,27.0,284.0,7.0,0.04,3.83,7.3,0.25,5.0,1.2,0.06,50.6,,12,3,1
2025-01-13 00:00:00,500.0,6.59,45.5,59.0,474.0,7.0,0.04,3.56,7.3,0.13,5.0,1.5,0.05,42.3,,1,2,1
2025-01-13 00:00:00,100.0,6.18,45.5,44.0,414.0,7.0,0.04,3.68,7.3,0.13,5.0,1.5,0.05,42.3,,1,2,1
2025-01-13 00:00:00,2300.0,5.73,45.1,39.0,386.0,7.0,0.04,3.64,7.3,0.14,5.0,1.6,0.05,41.9,,1,2,1
2025-01-13 00:00:00,2100.0,5.54,44.3,39.0,385.0,7.0,0.04,3.79,7.3,0.14,5.0,1.5,0.05,42.1,B/W no 3 (3.50),1,2,1
2025-01-13 00:00:00,1900.0,5.19,44.4,38.0,385.0,7.0,0.04,3.81,7.3,0.14,5.0,1.5,0.05,41.9,,1,2,1
2025-01-13 00:00:00,1700.0,5.15,44.5,43.0,500.0,7.0,0.03,3.8,7.3,0.14,5.0,1.6,0.06,41.8,,1,2,1
2025-01-13 00:00:00,1300.0,5.37,44.3,42.0,480.0,7.0,0.03,3.79,7.3,0.14,5.0,1.5,0.05,41.7,,1,2,1
2025-01-13 00:00:00,1100.0,5.47,46.4,37.0,450.0,7.0,0.03,3.78,7.3,0.14,5.0,1.5,0.05,42.8,,1,2,1
2025-01-13 00:00:00,900.0,5.55,45.7,48.0,520.0,7.0,0.03,3.76,7.3,0.14,5.0,1.5,0.05,42.0,,1,2,1
2025-01-13 00:00:00,1500.0,5.17,45.0,56.0,600.0,7.0,0.03,3.73,7.3,0.14,5.0,1.6,0.06,41.7,,1,2,1
2025-01-13 00:00:00,300.0,6.29,45.5,50.0,430.0,7.0,0.04,3.72,7.3,0.13,5.0,1.5,0.05,42.3,,1,2,1
2025-01-14 00:00:00,2300.0,6.28,45.2,42.0,420.0,7.0,0.03,3.81,7.3,0.14,5.0,1.6,0.05,41.8,,1,2,1
2025-01-14 00:00:00,300.0,6.11,45.4,43.0,420.0,7.0,0.03,3.81,7.3,0.13,5.0,1.7,0.05,41.9,,1,2,1
2025-01-14 00:00:00,500.0,5.95,45.5,42.0,411.0,7.0,0.03,3.81,7.2,0.13,5.0,1.7,0.05,41.9,,1,2,1
2025-01-14 00:00:00,700.0,5.72,46.1,113.0,1200.0,7.0,0.03,3.71,7.3,0.14,5.0,1.5,0.05,41.6,,1,2,1
2025-01-14 00:00:00,900.0,6.82,47.1,120.0,1250.0,7.0,0.03,3.81,7.3,0.13,5.0,1.5,0.05,41.8,,1,2,1
2025-01-14 00:00:00,1100.0,6.83,48.1,82.0,800.0,7.0,0.03,3.81,7.3,0.13,5.0,1.5,0.05,41.7,,1,2,1
2025-01-14 00:00:00,1300.0,6.73,48.2,72.0,680.0,7.0,0.03,3.8,7.3,0.14,5.0,1.5,0.05,41.8,,1,2,1
2025-01-14 00:00:00,1500.0,6.66,46.1,55.0,550.0,7.0,0.03,3.8,7.3,0.14,5.0,1.5,0.05,41.8,,1,2,1
2025-01-14 00:00:00,1700.0,6.51,44.9,49.0,520.0,7.0,0.03,3.81,7.3,0.15,5.0,1.5,0.05,41.9,,1,2,1
2025-01-14 00:00:00,1900.0,6.37,44.0,48.0,510.0,7.0,0.03,3.81,7.3,0.15,5.0,1.6,0.05,41.8,,1,2,1
2025-01-14 00:00:00,2100.0,6.3,44.3,47.0,510.0,7.0,0.02,3.79,7.3,0.14,5.0,1.6,0.05,41.9,,1,2,1
2025-01-14 00:00:00,100.0,6.22,45.2,43.0,420.0,7.0,0.03,3.81,7.3,0.14,5.0,1.6,0.05,41.8,,1,2,1
2025-01-15 00:00:00,1100.0,5.88,44.8,46.0,450.0,7.0,0.03,3.74,7.3,0.15,5.0,1.7,0.05,41.7,,1,2,1
2025-01-15 00:00:00,1300.0,5.78,44.6,43.0,450.0,7.0,0.03,3.75,7.3,0.16,5.0,1.6,0.05,41.7,,1,2,1
2025-01-15 00:00:00,1500.0,5.73,43.6,43.0,450.0,7.0,0.03,3.78,7.3,0.15,5.0,1.6,0.05,42.0,,1,2,1
2025-01-15 00:00:00,700.0,5.89,43.6,44.0,450.0,7.0,0.03,3.78,7.3,0.14,5.0,1.6,0.05,41.7,B/W filter no.6 (0045am),1,2,1
2025-01-15 00:00:00,300.0,5.6,45.5,22.0,211.0,7.0,0.05,3.79,7.3,0.14,5.0,1.5,0.05,41.7,,1,2,1
2025-01-15 00:00:00,1700.0,5.56,45.7,35.0,380.0,7.0,0.03,3.66,7.3,0.15,5.0,1.5,0.05,41.8,,1,2,1
2025-01-15 00:00:00,500.0,5.53,45.8,19.0,184.0,7.0,0.05,3.81,7.3,0.15,5.0,1.5,0.05,41.4,,1,2,1
2025-01-15 00:00:00,100.0,5.66,45.4,24.0,290.0,7.0,0.04,3.76,7.2,0.14,5.0,1.6,0.05,41.7,,1,2,1
2025-01-15 00:00:00,2300.0,5.58,45.0,24.0,290.0,7.0,0.04,3.62,7.3,0.17,5.0,1.6,0.05,41.7,,1,2,1
2025-01-15 00:00:00,900.0,5.91,44.0,45.0,450.0,7.0,0.03,3.69,7.3,0.14,5.0,1.6,0.05,41.7,,1,2,1
2025-01-15 00:00:00,1900.0,5.56,45.4,28.0,330.0,7.0,0.04,3.73,7.3,0.15,5.0,1.6,0.05,41.8,,1,2,1
2025-01-15 00:00:00,2100.0,5.57,45.2,22.0,275.0,7.0,0.04,3.52,7.3,0.18,5.0,1.6,0.05,42.0,"B/W no. 1,5",1,2,1
2025-01-16 00:00:00,700.0,5.52,44.4,18.0,180.0,7.0,0.05,3.78,7.3,0.16,5.0,1.5,0.05,41.6,B/W filter no.3&4 (0045am),1,2,1
2025-01-16 00:00:00,900.0,5.58,44.7,18.0,180.0,7.0,0.05,3.66,7.3,0.16,5.0,1.5,0.05,41.6,,1,2,1
2025-01-16 00:00:00,1300.0,5.68,44.4,20.0,185.0,7.0,0.05,3.72,7.3,0.16,5.0,1.6,0.05,41.7,,1,2,1
2025-01-16 00:00:00,1700.0,5.5,45.3,16.0,168.0,7.0,0.07,3.82,7.3,0.16,5.0,1.5,0.05,42.0,B/W no.2,1,2,1
2025-01-16 00:00:00,1900.0,5.49,44.9,32.0,380.0,7.0,0.03,3.76,7.3,0.16,5.0,1.5,0.05,42.0,,1,2,1
2025-01-16 00:00:00,2100.0,5.47,45.2,59.0,474.0,7.0,0.03,3.81,7.3,0.15,5.0,1.5,0.05,42.0,,1,2,1
2025-01-16 00:00:00,2300.0,5.52,45.3,61.0,487.0,7.0,0.03,3.81,7.3,0.15,5.0,1.6,0.05,42.0,,1,2,1
2025-01-16 00:00:00,100.0,5.66,45.1,46.0,363.0,7.0,0.03,3.79,7.3,0.13,5.0,1.6,0.05,42.0,,1,2,1
2025-01-16 00:00:00,300.0,5.57,45.0,34.0,268.0,7.0,0.03,3.78,7.3,0.13,5.0,1.5,0.05,42.0,,1,2,1
2025-01-16 00:00:00,500.0,5.49,45.0,28.0,210.0,7.0,0.03,3.78,7.3,0.13,5.0,1.5,0.05,42.0,,1,2,1
2025-01-16 00:00:00,1500.0,5.53,45.1,17.0,170.0,7.0,0.06,3.81,7.3,0.16,5.0,1.5,0.05,41.8,,1,2,1
2025-01-16 00:00:00,1100.0,5.69,44.1,18.0,180.0,7.0,0.05,3.73,7.3,0.15,5.0,1.5,0.05,41.7,,1,2,1
2025-01-17 00:00:00,2300.0,5.2,45.5,16.0,230.0,7.1,0.03,3.78,7.3,0.14,5.0,1.5,0.05,42.0,,1,2,1
2025-01-17 00:00:00,900.0,5.46,46.1,27.0,300.0,7.0,0.03,3.79,7.3,0.14,5.0,1.6,0.05,41.8,,1,2,1
2025-01-17 00:00:00,1100.0,5.55,48.2,22.0,280.0,7.1,0.03,3.81,7.3,0.17,5.0,1.5,0.05,41.8,,1,2,1
2025-01-17 00:00:00,1300.0,5.56,47.8,20.0,280.0,7.1,0.03,3.82,7.3,0.16,5.0,1.5,0.05,41.8,,1,2,1
2025-01-17 00:00:00,1500.0,5.51,45.0,20.0,280.0,7.1,0.03,3.83,7.3,0.14,5.0,1.5,0.05,42.2,,1,2,1
2025-01-17 00:00:00,500.0,5.14,45.0,14.0,201.0,7.1,0.03,3.78,7.3,0.17,5.0,1.5,0.05,42.0,,1,2,1
2025-01-17 00:00:00,300.0,5.24,45.2,15.0,214.0,7.1,0.03,3.78,7.3,0.16,5.0,1.5,0.05,42.0,,1,2,1
2025-01-17 00:00:00,100.0,5.3,45.3,15.0,214.0,7.1,0.03,3.78,7.3,0.14,5.0,1.5,0.05,42.0,,1,2,1
2025-01-17 00:00:00,700.0,5.46,46.1,28.0,300.0,7.0,0.03,3.79,7.3,0.14,5.0,1.6,0.05,41.8,,1,2,1
2025-01-17 00:00:00,2100.0,5.34,45.1,15.0,225.0,7.1,0.03,3.76,7.3,0.14,5.0,1.5,0.05,42.2,,1,2,1
2025-01-17 00:00:00,1900.0,5.34,43.6,16.0,230.0,7.1,0.03,3.66,7.3,0.14,5.0,1.5,0.05,42.0,,1,2,1
2025-01-17 00:00:00,1700.0,5.43,45.1,49.0,370.0,7.1,0.03,3.71,7.3,0.14,5.0,1.4,0.05,42.2,,1,2,1
2025-01-18 00:00:00,1700.0,5.43,45.3,37.0,380.0,7.1,0.07,3.79,7.3,0.17,5.0,1.5,0.05,42.2,,1,2,1
2025-01-18 00:00:00,100.0,5.66,45.3,34.0,371.0,7.1,0.07,3.82,7.3,0.18,5.0,1.4,0.05,42.0,,1,2,1
2025-01-18 00:00:00,300.0,5.56,45.3,34.0,371.0,7.1,0.09,3.82,7.3,0.17,5.0,1.4,0.05,42.0,,1,2,1
2025-01-18 00:00:00,500.0,5.65,45.5,32.0,343.0,7.1,0.1,3.56,7.3,0.19,5.0,1.4,0.05,42.0,B/W no 2,1,2,1
2025-01-18 00:00:00,2300.0,5.42,45.2,34.0,371.0,7.1,0.06,3.82,7.3,0.17,5.0,1.4,0.05,42.0,,1,2,1
2025-01-18 00:00:00,2100.0,5.45,45.3,30.0,350.0,7.1,0.07,3.82,7.3,0.17,5.0,1.4,0.05,42.2,,1,2,1
2025-01-18 00:00:00,1900.0,5.49,45.2,34.0,365.0,7.1,0.07,3.74,7.3,0.17,5.0,1.5,0.05,42.2,,1,2,1
2025-01-18 00:00:00,700.0,5.11,44.8,16.0,180.0,7.1,0.06,3.78,7.3,0.17,5.0,1.5,0.05,41.8,B/W filter no 6 (0700am),1,2,1
2025-01-18 00:00:00,900.0,5.08,45.1,18.0,200.0,7.1,0.06,3.74,7.3,0.18,5.0,1.5,0.05,41.7,,1,2,1
2025-01-18 00:00:00,1100.0,5.38,45.5,20.0,200.0,7.1,0.06,3.67,7.3,0.18,5.0,1.5,0.05,41.8,,1,2,1
2025-01-18 00:00:00,1300.0,5.38,45.5,20.0,200.0,7.1,0.06,3.67,7.3,0.18,5.0,1.5,0.05,41.7,,1,2,1
2025-01-18 00:00:00,1500.0,5.39,45.2,21.0,210.0,7.1,0.07,3.71,7.3,0.31,5.0,1.5,0.05,42.1,,1,2,1
2025-01-19 00:00:00,700.0,5.43,45.2,29.0,330.0,7.0,0.04,3.52,7.3,0.19,5.0,1.4,0.05,42.0,,1,2,1
2025-01-19 00:00:00,900.0,5.96,44.9,31.0,330.0,7.0,0.04,3.72,7.3,0.19,5.0,1.4,0.05,42.1,,1,2,1
2025-01-19 00:00:00,1100.0,6.11,45.3,33.0,331.0,7.0,0.04,3.8,7.3,0.17,5.0,1.4,0.05,42.1,B/W no.1,1,2,1
2025-01-19 00:00:00,1300.0,6.28,45.3,76.0,536.0,7.0,0.04,3.82,7.3,0.16,5.0,1.4,0.05,42.3,,1,2,1
2025-01-19 00:00:00,1500.0,6.31,45.5,76.0,536.0,7.0,0.04,3.83,7.3,0.15,5.0,1.4,0.05,42.4,,1,2,1
2025-01-19 00:00:00,1700.0,6.36,45.3,59.0,474.0,7.0,0.03,3.78,7.3,0.15,5.0,1.5,0.05,42.5,,1,2,1
2025-01-19 00:00:00,1900.0,6.34,45.0,49.0,370.0,7.0,0.03,3.74,7.3,0.15,5.0,1.5,0.05,42.3,,1,2,1
2025-01-19 00:00:00,2100.0,6.31,44.8,41.0,350.0,7.0,0.02,3.66,7.3,0.15,5.0,1.5,0.05,42.1,,1,2,1
2025-01-19 00:00:00,100.0,6.3,44.8,37.0,301.0,7.0,0.03,3.72,7.3,0.16,5.0,1.5,0.05,42.0,,1,2,1
2025-01-19 00:00:00,300.0,6.32,44.8,37.0,301.0,7.0,0.03,3.72,7.3,0.16,5.0,1.5,0.05,42.0,,1,2,1
2025-01-19 00:00:00,500.0,6.35,44.7,35.0,285.0,7.0,0.03,3.72,7.3,0.16,5.0,1.5,0.05,42.0,,1,2,1
2025-01-19 00:00:00,2300.0,6.28,44.8,38.0,312.0,7.0,0.03,3.7,7.3,0.15,5.0,1.6,0.05,42.0,,1,2,1
2025-01-20 00:00:00,1100.0,5.99,45.5,31.0,280.0,7.0,0.03,3.79,7.3,0.17,5.0,1.5,0.05,42.9,,1,2,1
2025-01-20 00:00:00,900.0,6.09,45.3,34.0,285.0,7.0,0.03,3.82,7.3,0.17,5.0,1.5,0.05,43.5,,1,2,1
2025-01-20 00:00:00,500.0,5.32,45.1,20.0,200.0,7.0,0.03,3.76,7.3,0.16,5.0,1.6,0.05,42.0,,1,2,1
2025-01-20 00:00:00,300.0,5.42,45.1,20.0,200.0,7.0,0.03,3.76,7.3,0.16,5.0,1.6,0.05,42.0,,1,2,1
2025-01-20 00:00:00,100.0,5.46,44.0,20.0,200.0,7.0,0.03,3.76,7.3,0.16,5.0,1.7,0.05,42.0,,1,2,1
2025-01-20 00:00:00,2300.0,5.52,44.0,21.0,200.0,7.0,0.03,3.77,7.3,0.16,5.0,1.7,0.05,42.1,B/W filter no. 3&6 (6.00pm),1,2,1
2025-01-20 00:00:00,700.0,6.22,45.2,36.0,285.0,7.0,0.03,3.8,7.3,0.16,5.0,1.5,0.05,42.0,,1,2,1
2025-01-20 00:00:00,1900.0,5.64,45.0,29.0,272.0,7.0,0.03,3.81,7.3,0.15,5.0,1.6,0.05,42.6,,1,2,1
2025-01-20 00:00:00,1700.0,5.77,45.2,27.0,250.0,7.0,0.03,3.8,7.3,0.15,5.0,1.5,0.05,42.9,,1,2,1
2025-01-20 00:00:00,1500.0,5.91,45.2,27.0,251.0,7.0,0.03,3.78,7.3,0.15,5.0,1.5,0.05,42.9,,1,2,1
2025-01-20 00:00:00,2100.0,5.55,45.0,24.0,243.0,7.0,0.03,3.8,7.3,0.15,5.0,1.6,0.05,42.7,,1,2,1
2025-01-20 00:00:00,1300.0,5.94,45.3,29.0,280.0,7.0,0.03,3.79,7.3,0.15,5.0,1.5,0.05,42.9,,1,2,1
2025-01-21 00:00:00,500.0,5.21,45.8,19.0,200.0,7.0,0.03,3.79,7.2,0.18,5.0,1.7,0.05,42.2,,1,2,1
2025-01-21 00:00:00,100.0,4.8,45.8,18.0,200.0,7.0,0.03,3.78,7.2,0.18,5.0,1.6,0.05,42.2,,1,2,1
2025-01-21 00:00:00,2300.0,4.7,46.8,18.0,200.0,7.0,0.03,3.78,7.2,0.18,5.0,1.6,0.05,42.2,,1,2,1
2025-01-21 00:00:00,1900.0,4.7,45.0,18.0,172.0,7.0,0.03,3.54,7.2,0.22,5.0,1.6,0.05,42.4,,1,2,1
2025-01-21 00:00:00,300.0,5.18,45.8,19.0,200.0,7.0,0.03,3.79,7.2,0.18,5.0,1.6,0.05,42.2,,1,2,1
2025-01-21 00:00:00,1500.0,4.85,44.4,16.0,196.0,7.0,0.04,3.5,7.2,0.18,5.0,1.7,0.05,42.1,,1,2,1
2025-01-21 00:00:00,1700.0,4.77,45.0,16.0,196.0,7.0,0.04,3.61,7.2,0.19,5.0,1.6,0.05,42.5,,1,2,1
2025-01-21 00:00:00,700.0,5.12,45.3,41.0,350.0,7.0,0.04,3.74,7.2,0.17,5.0,1.6,0.05,42.6,,1,2,1
2025-01-21 00:00:00,2100.0,4.65,45.5,22.0,204.0,7.0,0.03,3.78,7.2,0.19,5.0,1.6,0.05,42.5,B/W filter no.1 (10.00pm),1,2,1
2025-01-21 00:00:00,1100.0,4.85,45.0,16.0,200.0,7.0,0.04,3.67,7.2,0.17,5.0,1.6,0.05,42.5,B/W no 5+4,1,2,1
2025-01-21 00:00:00,1300.0,4.82,45.0,17.0,200.0,7.0,0.04,3.5,7.2,0.18,5.0,1.6,0.05,42.4,,1,2,1
2025-01-21 00:00:00,900.0,4.97,45.0,18.0,200.0,7.0,0.04,3.66,7.2,0.17,5.0,1.6,0.05,42.3,,1,2,1
2025-01-22 00:00:00,900.0,6.24,46.8,36.0,320.0,7.0,0.03,3.82,7.2,0.18,5.0,1.6,0.05,42.9,,1,2,1
2025-01-22 00:00:00,1100.0,6.67,46.7,52.0,415.0,7.0,0.03,3.81,7.2,0.18,5.0,1.5,0.05,42.9,,1,2,1
2025-01-22 00:00:00,1300.0,6.93,46.8,118.0,810.0,7.0,0.03,3.81,7.2,0.15,5.0,1.5,0.05,43.3,,1,2,1
2025-01-22 00:00:00,1700.0,7.24,44.5,82.0,700.0,7.0,0.03,3.57,7.2,0.16,5.0,1.5,0.05,43.0,,1,2,1
2025-01-22 00:00:00,1900.0,,44.5,57.0,614.0,7.0,0.03,3.6,7.2,0.16,5.0,1.6,0.05,43.0,,1,2,1
2025-01-22 00:00:00,2100.0,,44.5,60.0,624.0,7.0,0.03,3.68,7.2,0.16,5.0,1.6,0.05,42.7,,1,2,1
2025-01-22 00:00:00,2300.0,7.14,45.9,56.0,610.0,7.0,0.03,3.79,7.2,0.16,5.0,1.7,0.05,41.9,B/W filter no. 2&6 (10.00pm),1,2,1
2025-01-22 00:00:00,100.0,7.08,46.1,56.0,610.0,7.0,0.03,3.76,7.2,0.17,5.0,1.7,0.05,41.8,,1,2,1
2025-01-22 00:00:00,300.0,7.07,46.2,46.0,360.0,7.0,0.03,3.78,7.2,0.17,5.0,1.7,0.05,41.8,,1,2,1
2025-01-22 00:00:00,500.0,7.06,46.4,46.0,360.0,7.0,0.03,3.79,7.2,0.17,5.0,1.7,0.05,41.8,,1,2,1
2025-01-22 00:00:00,1500.0,7.09,44.5,122.0,824.0,7.0,0.03,3.78,7.2,0.16,5.0,1.5,0.05,43.0,,1,2,1
2025-01-22 00:00:00,700.0,6.1,46.8,27.0,206.0,7.0,0.03,3.78,7.2,0.19,5.0,1.6,0.05,42.7,,1,2,1
2025-01-23 00:00:00,300.0,7.18,41.9,20.0,170.0,7.1,0.03,3.4,7.3,0.16,5.0,1.8,0.06,41.7,,1,2,1
2025-01-23 00:00:00,900.0,7.49,45.1,43.0,355.0,7.1,0.04,3.82,7.3,0.18,5.0,1.6,0.06,42.1,,1,2,1
2025-01-23 00:00:00,1100.0,7.44,45.0,54.0,374.0,7.1,0.04,3.82,7.3,0.18,5.0,1.7,0.06,42.0,,1,2,1
2025-01-23 00:00:00,1300.0,7.43,45.0,72.0,410.0,7.1,0.04,3.78,7.3,0.18,5.0,1.6,0.06,42.1,,1,2,1
2025-01-23 00:00:00,1500.0,7.49,45.1,61.0,383.0,7.1,0.03,3.54,7.3,0.18,5.0,1.7,0.06,42.0,B/W no 2,1,2,1
2025-01-23 00:00:00,1700.0,7.45,45.0,83.0,414.0,7.1,0.03,3.64,7.3,0.16,5.0,1.7,0.06,42.0,,1,2,1
2025-01-23 00:00:00,1900.0,7.67,45.0,23.0,218.0,7.1,0.03,3.64,7.3,0.16,5.0,1.7,0.06,42.1,,1,2,1
2025-01-23 00:00:00,2100.0,7.64,45.0,21.0,174.0,7.1,0.03,3.64,7.3,0.16,5.0,1.8,0.06,42.0,B/W no 5,1,2,1
2025-01-23 00:00:00,2300.0,7.32,44.1,20.0,170.0,7.1,0.03,3.48,7.3,0.16,5.0,1.8,0.06,41.9,,1,2,1
2025-01-23 00:00:00,700.0,7.18,45.1,40.0,345.0,7.1,0.04,3.81,7.3,0.18,5.0,1.6,0.06,42.2,,1,2,1
2025-01-23 00:00:00,500.0,7.01,41.0,20.0,170.0,7.1,0.03,3.39,7.3,0.16,5.0,1.8,0.06,41.7,,1,2,1
2025-01-23 00:00:00,100.0,7.24,43.6,20.0,170.0,7.1,0.03,3.46,7.3,0.16,5.0,1.8,0.06,41.8,,1,2,1
2025-01-24 00:00:00,100.0,6.68,44.2,22.0,240.0,7.0,0.03,3.72,7.3,0.17,5.0,1.8,0.06,42.0,,1,2,1
2025-01-24 00:00:00,2300.0,6.71,44.2,23.0,241.0,7.0,0.03,3.74,7.3,0.17,5.0,1.8,0.06,42.0,B/W filter no.1 (10.00pm),1,2,1
2025-01-24 00:00:00,2100.0,6.74,44.5,23.0,241.0,7.1,0.03,3.69,7.3,0.17,5.0,1.7,0.06,42.0,,1,2,1
2025-01-24 00:00:00,1900.0,6.76,44.5,22.0,220.0,7.0,0.03,3.64,7.3,0.17,5.0,1.8,0.06,42.1,,1,2,1
2025-01-24 00:00:00,1100.0,6.93,45.6,23.0,218.0,7.0,0.02,3.36,7.3,0.18,5.0,1.8,0.06,42.2,,1,2,1
2025-01-24 00:00:00,1500.0,6.9,44.2,20.0,210.0,7.0,0.02,3.42,7.3,0.16,5.0,1.8,0.06,42.2,,1,2,1
2025-01-24 00:00:00,1300.0,6.94,44.1,21.0,215.0,7.0,0.02,3.41,7.3,0.16,5.0,1.8,0.06,42.2,,1,2,1
2025-01-24 00:00:00,900.0,6.91,44.8,25.0,225.0,7.0,0.02,3.32,7.3,0.18,5.0,1.7,0.06,42.1,,1,2,1
2025-01-24 00:00:00,700.0,6.96,45.2,25.0,225.0,7.0,0.02,3.34,7.3,0.18,5.0,1.7,0.06,41.9,,1,2,1
2025-01-24 00:00:00,1700.0,6.77,44.4,20.0,210.0,7.0,0.03,3.41,7.3,0.17,5.0,1.8,0.06,42.0,,1,2,1
2025-01-24 00:00:00,500.0,6.45,43.9,22.0,240.0,7.0,0.03,3.78,7.3,0.19,5.0,1.8,0.06,42.0,,1,2,1
2025-01-24 00:00:00,300.0,6.46,43.9,22.0,240.0,7.0,0.03,3.76,7.3,0.18,5.0,1.8,0.06,42.0,,1,2,1
2025-01-25 00:00:00,900.0,6.26,44.9,23.0,240.0,7.0,0.03,3.8,7.3,0.19,5.0,1.8,0.06,42.0,,1,2,1
2025-01-25 00:00:00,1100.0,6.18,44.7,24.0,255.0,7.0,0.04,3.8,7.3,0.19,5.0,1.7,0.06,41.9,"B/W No.4,6",1,2,1
2025-01-25 00:00:00,1300.0,6.12,44.9,24.0,255.0,7.0,0.04,3.54,7.3,0.17,5.0,1.7,0.06,41.7,B/W no 3,1,2,1
2025-01-25 00:00:00,1700.0,5.99,45.0,23.0,214.0,7.0,0.04,3.59,7.3,0.17,5.0,1.6,0.05,41.3,,1,2,1
2025-01-25 00:00:00,1900.0,6.02,45.0,22.0,201.0,7.0,0.04,3.69,7.3,0.17,5.0,1.7,0.06,41.4,,1,2,1
2025-01-25 00:00:00,2100.0,5.99,44.5,22.0,201.0,7.3,0.04,3.73,7.4,0.17,5.0,1.6,0.05,42.2,,1,2,1
2025-01-25 00:00:00,2300.0,6.04,44.8,22.0,201.0,7.0,0.04,3.8,7.3,0.17,5.0,1.6,0.06,42.1,B/W filter no 2 (10.00pm),1,2,1
2025-01-25 00:00:00,100.0,6.04,43.2,22.0,201.0,7.0,0.04,3.7,7.3,0.18,5.0,1.6,0.06,42.0,,1,2,1
2025-01-25 00:00:00,300.0,6.03,42.4,20.0,200.0,7.0,0.04,3.7,7.3,0.19,5.0,1.6,0.06,41.6,,1,2,1
2025-01-25 00:00:00,500.0,6.03,42.4,20.0,200.0,7.0,0.04,3.7,7.3,0.19,5.0,1.6,0.06,41.6,,1,2,1
2025-01-25 00:00:00,700.0,6.36,44.9,23.0,240.0,7.0,0.03,3.8,7.3,0.19,5.0,1.8,0.05,41.7,,1,2,1
2025-01-25 00:00:00,1500.0,6.08,45.0,23.0,214.0,7.0,0.04,3.47,7.3,0.18,5.0,1.6,0.06,41.3,,1,2,1
2025-01-26 00:00:00,500.0,8.05,44.6,29.0,328.0,7.0,0.06,3.82,7.3,0.2,5.0,1.7,0.06,41.6,,1,2,1
2025-01-26 00:00:00,300.0,8.09,44.7,30.0,542.0,7.0,0.07,3.81,7.3,0.19,5.0,1.8,0.06,41.8,,1,2,1
2025-01-26 00:00:00,700.0,6.1,45.0,19.0,200.0,7.0,0.03,3.78,7.3,0.19,5.0,1.6,0.06,41.8,,1,2,1
2025-01-26 00:00:00,900.0,6.58,45.1,19.0,200.0,7.0,0.03,3.82,7.3,0.19,5.0,1.6,0.06,41.7,B/W no.5,1,2,1
2025-01-26 00:00:00,1100.0,7.26,45.1,18.0,195.0,7.0,0.03,3.82,7.3,0.19,5.0,1.5,0.06,41.7,,1,2,1
2025-01-26 00:00:00,1300.0,7.55,43.6,76.0,610.0,7.0,0.02,3.82,7.3,0.18,5.0,1.6,0.06,41.7,,1,2,1
2025-01-26 00:00:00,1500.0,7.7,45.8,141.0,1300.0,7.0,0.03,3.82,7.3,0.18,5.0,1.6,0.06,41.5,,1,2,1
2025-01-26 00:00:00,1700.0,8.01,44.7,115.0,1174.0,7.0,0.03,3.8,7.3,0.18,5.0,1.7,0.06,41.6,,1,2,1
2025-01-26 00:00:00,1900.0,8.06,44.8,103.0,1118.0,7.0,0.03,3.83,7.3,0.18,5.0,1.7,0.07,41.8,,1,2,1
2025-01-26 00:00:00,2100.0,8.11,44.7,66.0,920.0,7.0,0.05,3.8,7.3,0.17,5.0,1.7,0.07,41.8,,1,2,1
2025-01-26 00:00:00,2300.0,8.13,44.6,55.0,836.0,7.0,0.07,3.8,7.3,0.18,5.0,1.8,0.06,41.9,,1,2,1
2025-01-26 00:00:00,100.0,8.16,44.8,52.0,806.0,7.0,0.07,3.8,7.3,0.18,5.0,1.8,0.06,41.7,,1,2,1
2025-01-27 00:00:00,700.0,8.01,44.8,28.0,272.0,7.1,0.05,3.78,7.3,0.21,5.0,1.8,0.06,42.4,,1,2,1
2025-01-27 00:00:00,900.0,7.93,44.4,28.0,272.0,7.1,0.05,3.63,7.3,0.22,5.0,1.7,0.06,42.1,,1,2,1
2025-01-27 00:00:00,1500.0,7.54,44.8,22.0,220.0,7.1,0.05,3.72,7.3,0.24,5.0,1.6,0.06,41.7,B/W filter no. 3&6 (3.00pm),1,2,1
2025-01-27 00:00:00,500.0,8.48,43.4,25.0,235.0,7.1,0.09,3.81,7.3,0.25,5.0,1.7,0.06,41.7,,1,2,1
2025-01-27 00:00:00,300.0,7.97,43.0,24.0,235.0,7.1,0.09,3.72,7.3,0.24,5.0,1.7,0.06,41.7,,1,2,1
2025-01-27 00:00:00,100.0,7.63,43.4,23.0,220.0,7.1,0.1,3.6,7.3,0.24,5.0,1.6,0.06,41.7,,1,2,1
2025-01-27 00:00:00,2300.0,7.52,43.8,22.0,210.0,7.1,0.1,3.53,7.3,0.24,5.0,1.5,0.06,41.7,,1,2,1
2025-01-27 00:00:00,1700.0,7.41,44.1,22.0,220.0,7.1,0.05,3.69,7.3,0.24,5.0,1.6,0.06,41.7,,1,2,1
2025-01-27 00:00:00,1900.0,7.29,44.8,23.0,221.0,7.1,0.05,3.68,7.3,0.24,5.0,1.6,0.06,41.7,,1,2,1
2025-01-27 00:00:00,1300.0,7.84,44.0,23.0,221.0,7.1,0.05,3.67,7.3,0.24,5.0,1.7,0.06,42.4,,1,2,1
2025-01-27 00:00:00,1100.0,7.81,44.2,26.0,261.0,7.1,0.05,3.64,7.3,0.23,5.0,1.7,0.06,42.3,,1,2,1
2025-01-27 00:00:00,2100.0,7.43,44.9,23.0,221.0,7.1,0.05,3.52,7.3,0.24,5.0,1.5,0.06,41.7,,1,2,1
2025-01-28 00:00:00,500.0,10.04,43.9,68.0,450.0,7.0,0.55,3.76,7.3,0.26,5.0,1.8,0.06,41.6,,1,2,1
2025-01-28 00:00:00,300.0,9.93,43.9,77.0,900.0,7.0,0.13,3.76,7.3,0.24,5.0,1.9,0.06,41.4,,1,2,1
2025-01-28 00:00:00,100.0,9.88,43.8,80.0,940.0,7.1,0.08,3.78,7.3,0.2,5.0,1.8,0.06,41.5,,1,2,1
2025-01-28 00:00:00,2300.0,9.5,43.8,82.0,950.0,7.1,0.04,3.78,7.3,0.19,5.0,1.8,0.06,41.6,,1,2,1
2025-01-28 00:00:00,2100.0,9.46,43.4,105.0,1165.0,7.1,0.09,3.74,7.3,0.2,5.0,1.8,0.06,41.6,,1,2,1
2025-01-28 00:00:00,1700.0,9.15,44.0,123.0,1600.0,7.1,0.09,3.5,7.3,0.2,5.0,1.8,0.06,41.5,,1,2,1
2025-01-28 00:00:00,1500.0,8.99,42.0,71.0,820.0,7.1,0.09,3.5,7.3,0.2,5.0,1.8,0.06,41.4,B/W filter no.5 (4.00pm),1,2,1
2025-01-28 00:00:00,1300.0,9.22,44.5,60.0,383.0,7.1,0.09,3.48,7.3,0.19,5.0,1.7,0.06,41.3,,1,2,1
2025-01-28 00:00:00,900.0,8.83,44.6,48.0,330.0,7.1,0.09,3.39,7.3,0.25,5.0,1.8,0.06,41.1,,1,2,1
2025-01-28 00:00:00,700.0,8.71,44.5,25.0,235.0,7.1,0.09,3.79,7.3,0.25,5.0,1.7,0.06,41.5,B/W no 3 & 4,1,2,1
2025-01-28 00:00:00,1900.0,9.32,45.0,119.0,1170.0,7.1,0.09,3.67,7.3,0.19,5.0,1.8,0.06,41.6,,1,2,1
2025-01-28 00:00:00,1100.0,9.0,44.5,59.0,374.0,7.1,0.09,3.44,7.3,0.22,5.0,1.7,0.06,41.2,,1,2,1
2025-01-29 00:00:00,700.0,10.14,44.2,60.0,512.0,7.1,1.0,3.79,7.3,0.3,5.0,1.8,0.05,41.7,,1,2,1
2025-01-29 00:00:00,900.0,10.2,44.5,63.0,524.0,7.1,1.15,3.78,7.3,0.55,5.0,1.8,0.05,41.8,,1,2,1
2025-01-29 00:00:00,1300.0,10.44,44.5,60.0,497.0,7.1,1.5,3.45,7.3,0.85,5.0,1.8,0.05,41.8,,1,2,1
2025-01-29 00:00:00,1500.0,10.0,44.0,59.0,500.0,7.1,1.0,3.45,7.3,0.85,5.0,1.8,0.05,41.5,B/W filter no.5&6 (2.00pm),1,2,1
2025-01-29 00:00:00,1700.0,10.0,43.2,68.0,550.0,7.1,1.0,3.32,7.3,0.12,5.0,1.8,0.05,41.4,,1,2,1
2025-01-29 00:00:00,1900.0,10.0,43.1,62.0,520.0,7.1,1.0,3.37,7.3,0.43,5.0,1.8,0.05,41.4,,1,2,1
2025-01-29 00:00:00,2100.0,10.0,44.2,59.0,500.0,7.1,1.0,3.42,7.3,0.43,5.0,1.8,0.05,41.4,,1,2,1
2025-01-29 00:00:00,2300.0,10.78,44.6,50.0,450.0,7.1,0.77,3.47,7.3,0.47,5.0,1.8,0.05,41.7,,1,2,1
2025-01-29 00:00:00,100.0,10.81,44.5,49.0,450.0,7.1,0.56,3.44,7.3,0.48,5.0,1.8,0.05,42.6,,1,2,1
2025-01-29 00:00:00,300.0,10.81,44.6,39.0,421.0,7.1,0.56,3.4,7.3,0.58,5.0,1.8,0.05,42.6,,1,2,1
2025-01-29 00:00:00,500.0,10.81,44.6,35.0,418.0,7.1,0.51,3.42,7.3,0.52,5.0,1.8,0.05,42.8,,1,2,1
2025-01-29 00:00:00,1100.0,10.33,44.5,63.0,524.0,7.1,1.3,3.78,7.3,0.78,5.0,1.8,0.05,41.8,B/W no 3,1,2,1
2025-01-30 00:00:00,300.0,10.0,46.3,21.0,229.0,7.0,0.37,3.45,7.3,0.56,5.0,1.6,0.06,42.1,,1,2,1
2025-01-30 00:00:00,100.0,10.0,46.1,22.0,231.0,7.0,0.42,3.21,7.3,2.17,5.0,1.5,0.06,42.2,,1,2,1
2025-01-30 00:00:00,2300.0,10.0,46.1,22.0,235.0,7.0,0.46,3.03,7.3,3.07,5.0,1.3,0.06,42.2,,1,2,1
2025-01-30 00:00:00,2100.0,10.0,46.8,23.0,240.0,7.0,0.23,2.89,7.3,0.6,5.0,1.2,0.06,41.9,,1,2,1
2025-01-30 00:00:00,1900.0,10.0,46.5,23.0,240.0,7.0,0.23,2.76,7.3,0.6,5.0,1.1,0.06,42.1,B/W filter 1&6 (8.50pm),1,2,1
2025-01-30 00:00:00,500.0,10.0,45.2,20.0,228.0,7.0,0.32,3.67,7.3,0.48,5.0,1.6,0.06,42.3,,1,2,1
2025-01-30 00:00:00,1500.0,10.75,45.3,30.0,288.0,7.0,0.22,3.6,7.3,0.76,5.0,1.6,0.06,42.3,,1,2,1
2025-01-30 00:00:00,1300.0,10.78,45.0,30.0,288.0,7.0,0.23,3.54,7.3,0.34,5.0,1.8,0.06,42.9,,1,2,1
2025-01-30 00:00:00,1100.0,10.79,45.0,30.0,268.0,7.0,0.23,3.49,7.3,0.4,5.0,1.7,0.06,42.8,,1,2,1
2025-01-30 00:00:00,700.0,10.83,44.4,34.0,328.0,7.0,0.5,3.44,7.3,0.54,5.0,1.8,0.06,42.8,B/W no.4,1,2,1
2025-01-30 00:00:00,1700.0,10.75,50.0,23.0,240.0,7.0,0.23,3.3,7.3,0.6,5.0,1.6,0.06,42.3,,1,2,1
2025-01-30 00:00:00,900.0,10.81,45.0,32.0,301.0,7.0,0.2,3.34,7.3,0.47,5.0,1.7,0.06,42.7,,1,2,1
2025-01-31 00:00:00,900.0,10.56,45.0,19.0,187.0,7.0,0.3,3.59,7.3,0.47,5.0,1.6,0.06,42.8,,1,2,1
2025-01-31 00:00:00,1100.0,10.62,45.0,18.0,171.0,7.0,0.4,3.67,7.3,0.43,5.0,1.6,0.06,42.7,,1,2,1
2025-01-31 00:00:00,1300.0,10.71,45.4,18.0,160.0,7.0,0.4,3.75,7.3,0.42,5.0,1.6,0.06,42.6,,1,2,1
2025-01-31 00:00:00,700.0,10.6,45.0,20.0,188.0,7.0,0.3,3.69,7.3,0.48,5.0,1.7,0.06,42.8,B/W no.5,1,2,1
2025-01-31 00:00:00,300.0,10.31,45.2,17.0,160.0,7.0,0.35,3.81,7.3,0.41,5.0,1.6,0.06,42.4,,1,2,1
2025-01-31 00:00:00,1700.0,10.71,45.0,18.0,160.0,7.0,0.3,3.78,7.3,0.37,5.0,1.6,0.06,42.2,,1,2,1
2025-01-31 00:00:00,100.0,10.33,45.0,17.0,160.0,7.0,0.34,3.79,7.3,0.4,5.0,1.6,0.06,42.4,,1,2,1
2025-01-31 00:00:00,2300.0,10.35,45.1,17.0,160.0,7.0,0.34,3.79,7.3,0.37,5.0,1.6,0.06,42.8,,1,2,1
2025-01-31 00:00:00,2100.0,10.0,44.2,17.0,160.0,7.0,0.31,3.76,7.3,0.37,5.0,1.6,0.06,42.1,,1,2,1
2025-01-31 00:00:00,1900.0,10.0,44.4,17.0,160.0,7.0,0.27,3.77,7.3,0.37,5.0,1.6,0.06,42.1,,1,2,1
2025-01-31 00:00:00,500.0,10.25,46.2,17.0,160.0,7.0,0.4,3.81,7.3,0.42,5.0,1.6,0.06,42.4,,1,2,1
2025-01-31 00:00:00,1500.0,10.71,45.0,18.0,160.0,7.0,0.28,3.76,7.3,0.37,5.0,1.6,0.06,42.3,,1,2,1
2025-02-01 00:00:00,500.0,5.1,45.6,42.0,480.0,7.0,0.04,3.81,7.2,0.12,5.0,1.5,0.05,41.7,,1,2,1
2025-02-01 00:00:00,300.0,5.1,45.5,42.0,480.0,7.0,0.04,3.81,7.2,0.12,5.0,1.5,0.05,41.7,,1,2,1
2025-02-01 00:00:00,100.0,5.12,45.9,45.0,500.0,7.0,0.04,3.8,7.2,0.11,5.0,1.6,0.05,41.7,,1,2,1
2025-02-01 00:00:00,700.0,5.22,45.3,72.0,690.0,7.0,0.05,3.83,7.2,0.13,5.0,1.6,0.05,42.3,,1,2,1
2025-02-01 00:00:00,2100.0,5.18,44.8,46.0,504.0,7.0,0.04,3.78,7.2,0.1,5.0,1.5,0.05,42.3,,1,2,1
2025-02-01 00:00:00,1700.0,5.12,45.0,54.0,538.0,7.0,0.05,3.81,7.2,0.11,5.0,1.6,0.05,40.0,,1,2,1
2025-02-01 00:00:00,1500.0,5.16,45.0,64.0,609.0,7.0,0.05,3.53,7.2,0.12,5.0,1.6,0.05,42.6,,1,2,1
2025-02-01 00:00:00,1300.0,5.17,45.3,67.0,650.0,7.0,0.05,3.83,7.2,0.13,5.0,1.6,0.05,42.6,B/W no 1&3,1,2,1
2025-02-01 00:00:00,2300.0,5.16,46.0,46.0,500.0,7.0,0.04,3.8,7.2,0.11,5.0,1.6,0.05,41.7,,1,2,1
2025-02-01 00:00:00,900.0,5.2,45.5,67.0,650.0,7.0,0.05,3.81,7.2,0.13,5.0,1.6,0.05,42.3,,1,2,1
2025-02-01 00:00:00,1900.0,5.14,44.9,54.0,538.0,7.0,0.04,3.81,7.2,0.11,5.0,1.5,0.05,42.2,,1,2,1
2025-02-01 00:00:00,1100.0,5.24,45.3,67.0,650.0,7.0,0.05,3.82,7.2,0.13,5.0,1.6,0.05,42.6,,1,2,1
2025-02-02 00:00:00,500.0,9.41,45.6,9.0,125.0,7.0,0.06,3.8,7.3,0.31,5.0,1.5,0.06,42.9,,2,2,1
2025-02-02 00:00:00,300.0,9.38,46.0,9.0,125.0,7.0,0.06,3.78,7.3,0.32,5.0,1.4,0.06,42.9,,2,2,1
2025-02-02 00:00:00,100.0,9.61,46.2,9.0,125.0,7.0,0.08,3.82,7.3,0.32,5.0,1.4,0.06,42.9,,2,2,1
2025-02-02 00:00:00,2300.0,9.42,46.7,9.0,125.0,7.0,0.09,3.82,7.3,0.33,5.0,1.4,0.06,42.9,,2,2,1
2025-02-02 00:00:00,2100.0,9.54,45.6,10.0,128.0,7.0,0.11,3.83,7.3,0.33,5.0,1.4,0.06,43.0,,2,2,1
2025-02-02 00:00:00,1700.0,9.79,45.7,10.0,128.0,7.0,0.08,3.83,7.3,0.32,5.0,1.6,0.06,43.0,,2,2,1
2025-02-02 00:00:00,1300.0,9.8,45.7,11.0,128.0,7.0,0.09,3.83,7.3,0.27,5.0,1.6,0.06,43.0,B/W fil. 5,2,2,1
2025-02-02 00:00:00,1100.0,10.0,45.8,11.0,128.0,7.0,0.08,3.77,7.3,0.28,5.0,1.6,0.06,43.0,,2,2,1
2025-02-02 00:00:00,900.0,9.98,45.7,11.0,128.0,7.0,0.08,3.75,7.3,0.27,5.0,1.6,0.06,42.8,,2,2,1
2025-02-02 00:00:00,700.0,9.96,45.9,11.0,128.0,7.0,0.09,3.71,7.3,0.27,5.0,1.7,0.06,42.6,,2,2,1
2025-02-02 00:00:00,1900.0,9.57,45.6,11.0,128.0,7.0,0.16,3.83,7.3,0.31,5.0,1.4,0.06,42.9,B/W fil. 2,2,2,1
2025-02-02 00:00:00,1500.0,9.78,45.6,10.0,128.0,7.0,0.08,3.82,7.3,0.29,5.0,1.6,0.06,42.9,,2,2,1
2025-02-03 00:00:00,900.0,5.28,45.3,33.0,252.0,7.0,0.1,3.67,7.3,0.13,5.0,1.5,0.06,41.4,B/W no.1,3,2,2
2025-02-03 00:00:00,700.0,5.26,44.3,30.0,250.0,7.0,0.04,3.82,7.3,0.12,5.0,1.4,0.06,41.5,,3,2,2
2025-02-03 00:00:00,1300.0,5.32,44.8,61.0,426.0,7.0,0.03,3.81,7.3,0.15,5.0,1.5,0.06,41.6,,3,2,2
2025-02-03 00:00:00,1500.0,5.51,44.9,60.0,426.0,7.0,0.05,3.82,7.3,0.15,5.0,1.5,0.06,41.6,,3,2,2
2025-02-03 00:00:00,1100.0,5.3,45.0,46.0,351.0,7.0,0.03,3.82,7.3,0.13,5.0,1.6,0.06,41.8,B/W no.4,3,2,2
2025-02-03 00:00:00,500.0,5.2,44.2,39.0,384.0,7.0,0.05,3.74,7.3,0.15,5.0,1.5,0.06,42.7,,3,2,2
2025-02-03 00:00:00,300.0,5.34,44.3,37.0,360.0,7.0,0.05,3.74,7.3,0.15,5.0,1.5,0.06,42.7,,3,2,2
2025-02-03 00:00:00,100.0,5.4,44.5,37.0,360.0,7.0,0.05,3.74,7.3,0.15,5.0,1.5,0.06,42.7,,3,2,2
2025-02-03 00:00:00,2100.0,5.31,45.3,37.0,360.0,7.0,0.05,3.79,7.3,0.15,5.0,1.5,0.06,42.7,,3,2,2
2025-02-03 00:00:00,1900.0,5.34,45.5,49.0,400.0,7.0,0.05,3.8,7.3,0.15,5.0,1.5,0.06,42.7,,3,2,2
2025-02-03 00:00:00,1700.0,5.42,44.9,57.0,420.0,7.0,0.05,3.8,7.3,0.15,5.0,1.5,0.06,42.6,,3,2,2
2025-02-03 00:00:00,2300.0,5.38,44.7,36.0,341.0,7.0,0.05,3.76,7.3,0.15,5.0,1.5,0.06,42.4,,3,2,2
2025-02-04 00:00:00,900.0,7.07,47.2,62.0,606.0,7.0,0.05,3.75,7.3,0.16,5.0,1.6,0.05,43.7,,4,2,2
2025-02-04 00:00:00,1100.0,6.98,46.4,69.0,622.0,7.0,0.05,3.81,7.3,0.12,5.0,1.6,0.05,43.8,,4,2,2
2025-02-04 00:00:00,1500.0,6.63,47.5,65.0,580.0,7.0,0.08,3.78,7.3,0.13,5.0,1.6,0.05,42.8,"B/W filter 3,6 (2.00pm)",4,2,2
2025-02-04 00:00:00,1700.0,6.61,48.9,77.0,680.0,7.0,0.16,3.63,7.3,0.17,5.0,1.6,0.05,42.8,,4,2,2
2025-02-04 00:00:00,1900.0,6.61,47.6,79.0,680.0,7.0,0.11,3.8,7.3,0.15,5.0,1.6,0.05,42.8,,4,2,2
2025-02-04 00:00:00,2100.0,6.58,47.2,65.0,580.0,7.0,0.13,3.78,7.3,0.15,5.0,1.6,0.05,42.8,,4,2,2
2025-02-04 00:00:00,2300.0,6.6,46.9,77.0,690.0,7.0,0.17,3.81,7.3,0.14,5.0,1.5,0.05,43.8,,4,2,2
2025-02-04 00:00:00,100.0,6.72,47.0,62.0,612.0,7.0,0.17,3.8,7.3,0.15,5.0,1.5,0.05,43.8,,4,2,2
2025-02-04 00:00:00,300.0,6.93,46.8,50.0,580.0,7.0,0.2,3.82,7.3,0.15,5.0,1.6,0.05,43.7,,4,2,2
2025-02-04 00:00:00,500.0,7.01,46.7,39.0,370.0,7.0,0.36,3.82,7.3,0.18,5.0,1.6,0.05,43.8,B/W no.1,4,2,2
2025-02-04 00:00:00,1300.0,6.86,46.8,72.0,708.0,7.0,0.05,3.81,7.3,0.12,5.0,1.6,0.05,43.7,,4,2,2
2025-02-04 00:00:00,700.0,7.1,47.6,58.0,569.0,7.0,0.16,3.63,7.3,0.17,5.0,1.6,0.05,43.3,B/W no.2,4,2,2
2025-02-09 00:00:00,900.0,,53.2,17.0,190.0,7.0,0.07,3.77,7.3,0.29,5.0,1.6,0.05,47.9,,9,2,1
2025-02-09 00:00:00,700.0,3.42,53.2,20.0,211.0,7.0,0.07,3.77,7.3,0.28,5.0,1.6,0.05,47.9,,9,2,1
2025-02-09 00:00:00,1100.0,,53.2,17.0,190.0,7.0,0.09,3.61,7.3,0.25,5.0,1.5,0.05,47.9,,9,2,1
2025-02-09 00:00:00,1300.0,,53.2,9.0,94.0,7.0,0.06,3.69,7.3,0.24,5.0,1.6,0.05,47.9,,9,2,1
2025-02-09 00:00:00,1500.0,3.67,49.2,17.0,194.0,7.0,0.06,3.71,7.3,0.23,5.0,1.4,0.05,47.9,,9,2,1
2025-02-09 00:00:00,1700.0,3.62,48.2,21.0,225.0,7.0,0.05,3.62,7.3,0.23,5.0,1.4,0.05,47.9,,9,2,1
2025-02-09 00:00:00,2100.0,3.63,53.2,20.0,218.0,7.0,0.06,3.67,7.3,0.23,5.0,1.5,0.05,47.9,,9,2,1
2025-02-09 00:00:00,2300.0,3.62,53.0,13.0,145.0,7.0,0.06,3.77,7.3,0.23,5.0,1.5,0.05,48.0,,9,2,1
2025-02-09 00:00:00,100.0,3.61,53.0,13.0,145.0,7.0,0.1,3.8,7.3,0.24,5.0,1.3,0.05,48.0,,9,2,1
2025-02-09 00:00:00,300.0,3.6,53.0,12.0,131.0,7.0,0.12,3.8,7.3,0.24,5.0,1.3,0.05,48.1,,9,2,1
2025-02-09 00:00:00,500.0,3.57,54.0,12.0,131.0,7.0,0.16,3.8,7.3,0.26,5.0,1.3,0.05,48.0,,9,2,1
2025-02-09 00:00:00,1900.0,2.64,53.4,21.0,225.0,7.0,0.05,3.46,7.3,0.23,5.0,1.6,0.05,47.8,,9,2,1
2025-02-10 00:00:00,500.0,3.46,53.5,13.0,130.0,7.0,0.12,3.81,7.3,0.51,5.0,1.5,0.06,47.4,,10,2,1
2025-02-10 00:00:00,300.0,3.82,53.4,15.0,148.0,7.0,0.1,3.69,7.3,0.5,5.0,1.5,0.06,47.4,,10,2,1
2025-02-10 00:00:00,700.0,3.66,52.1,18.0,180.0,7.0,0.06,3.84,7.3,0.47,5.0,1.4,0.06,47.9,,10,2,1
2025-02-10 00:00:00,900.0,3.62,52.2,18.0,180.0,7.0,0.08,3.58,7.3,0.47,5.0,1.4,0.06,47.8,,10,2,1
2025-02-10 00:00:00,1100.0,3.56,52.1,17.0,180.0,7.0,0.05,3.78,7.3,0.43,5.0,1.2,0.06,48.1,,10,2,1
2025-02-10 00:00:00,1500.0,4.06,50.3,15.0,142.0,7.0,0.08,3.76,7.3,0.43,5.0,1.0,0.06,48.0,,10,2,1
2025-02-10 00:00:00,1300.0,3.49,52.6,17.0,180.0,7.0,0.1,3.77,7.3,0.43,5.0,1.2,0.06,48.2,,10,2,1
2025-02-10 00:00:00,1700.0,3.48,52.5,17.0,180.0,7.0,0.08,2.74,7.3,0.75,5.0,1.0,0.06,47.4,,10,2,1
2025-02-10 00:00:00,1900.0,3.46,53.5,14.0,134.0,7.0,0.09,2.84,7.3,0.78,5.0,1.5,0.06,47.4,,10,2,1
2025-02-10 00:00:00,2100.0,3.48,53.8,16.0,174.0,7.0,0.09,3.04,7.3,0.79,5.0,1.5,0.06,47.4,,10,2,1
2025-02-10 00:00:00,2300.0,3.49,53.6,16.0,174.0,7.0,0.09,3.16,7.3,0.54,5.0,1.5,0.06,47.4,,10,2,1
2025-02-10 00:00:00,100.0,3.5,53.5,15.0,148.0,7.0,0.09,3.48,7.3,0.55,5.0,1.5,0.06,47.3,,10,2,1
2025-02-11 00:00:00,2100.0,3.6,51.2,16.0,190.0,7.0,0.04,3.84,7.3,0.19,5.0,1.7,0.05,47.2,,11,2,1
2025-02-11 00:00:00,100.0,3.69,52.6,30.0,300.0,7.0,0.04,3.84,7.3,0.19,5.0,1.6,0.05,47.1,,11,2,1
2025-02-11 00:00:00,2300.0,3.72,52.8,54.0,465.0,7.0,0.04,3.84,7.3,0.19,5.0,1.5,0.05,47.0,,11,2,1
2025-02-11 00:00:00,300.0,3.65,52.5,25.0,250.0,7.0,0.06,3.84,7.3,0.18,5.0,1.7,0.05,47.2,,11,2,1
2025-02-11 00:00:00,1900.0,3.69,57.6,12.0,126.0,7.0,0.04,3.77,7.3,0.19,5.0,1.3,0.05,47.2,,11,2,1
2025-02-11 00:00:00,700.0,4.0,51.5,15.0,161.0,7.0,0.04,3.82,7.3,0.17,5.0,1.5,0.05,47.2,,11,2,1
2025-02-11 00:00:00,1500.0,3.74,51.3,14.0,138.0,7.0,0.04,3.83,7.3,0.18,5.0,1.4,0.05,47.1,,11,2,1
2025-02-11 00:00:00,1300.0,3.75,51.4,12.0,126.0,7.0,0.04,3.84,7.3,0.18,5.0,1.4,0.05,37.0,,11,2,1
2025-02-11 00:00:00,1100.0,4.81,51.6,12.0,126.0,7.0,0.04,3.82,7.3,0.15,5.0,1.5,0.05,47.0,,11,2,1
2025-02-11 00:00:00,900.0,4.83,51.6,17.0,187.0,7.0,0.04,3.82,7.3,0.17,5.0,1.5,0.05,47.2,,11,2,1
2025-02-11 00:00:00,500.0,3.64,52.3,21.0,210.0,7.0,0.06,3.84,7.3,0.18,5.0,1.7,0.05,47.2,,11,2,1
2025-02-11 00:00:00,1700.0,3.65,51.3,14.0,138.0,7.0,0.04,3.83,7.3,0.19,5.0,1.4,0.05,47.0,,11,2,1
2025-02-12 00:00:00,700.0,5.1,53.3,32.0,320.0,7.0,0.04,3.84,7.3,0.22,5.0,1.0,0.05,52.0,,12,3,1
2025-02-12 00:00:00,900.0,5.13,53.9,24.0,240.0,7.0,0.04,3.84,7.3,0.22,5.0,1.0,0.05,52.2,,12,3,1
2025-02-12 00:00:00,300.0,5.4,53.0,30.0,324.0,7.0,0.06,3.83,7.3,0.23,5.0,1.0,0.05,52.5,,12,3,1
2025-02-12 00:00:00,1100.0,5.11,53.4,24.0,240.0,7.0,0.04,3.84,7.3,0.22,5.0,0.62,0.05,51.7,,12,3,1
2025-02-12 00:00:00,1300.0,5.03,53.2,24.0,240.0,7.0,0.04,3.84,7.3,0.22,5.0,0.72,0.05,52.2,,12,3,1
2025-02-12 00:00:00,1500.0,4.95,53.0,30.0,300.0,7.0,0.04,3.84,7.3,0.23,5.0,1.0,0.05,52.3,,12,3,1
2025-02-12 00:00:00,1700.0,4.92,53.1,30.0,300.0,7.0,0.04,3.52,7.3,0.24,5.0,1.0,0.05,52.0,cuci sump,12,3,1
2025-02-12 00:00:00,1900.0,5.01,54.0,35.0,362.0,7.0,0.05,3.6,7.3,0.24,5.0,1.1,0.05,52.1,,12,3,1
2025-02-12 00:00:00,2100.0,5.18,53.8,33.0,344.0,7.0,0.05,3.62,7.3,0.24,5.0,1.1,0.05,52.2,,12,3,1
2025-02-12 00:00:00,2300.0,5.26,53.7,32.0,340.0,7.0,0.06,3.83,7.3,0.24,5.0,1.1,0.05,52.4,,12,3,1
2025-02-12 00:00:00,100.0,2.31,53.4,30.0,324.0,7.0,0.04,3.83,7.3,0.24,5.0,1.1,0.05,52.1,,12,3,1
2025-02-12 00:00:00,500.0,5.57,53.2,26.0,280.0,7.0,0.06,3.83,7.3,0.22,5.0,1.0,0.05,52.3,,12,3,1
2025-02-13 00:00:00,100.0,4.38,46.6,45.0,280.0,7.0,0.08,3.6,7.3,0.46,5.0,1.5,0.06,41.7,,2,2,1
2025-02-13 00:00:00,300.0,4.38,45.4,32.0,260.0,7.0,0.07,3.76,7.3,0.43,5.0,1.6,0.06,41.8,,2,2,1
2025-02-13 00:00:00,500.0,4.38,45.4,32.0,260.0,7.0,0.07,3.78,7.3,0.42,5.0,1.6,0.06,41.8,,2,2,1
2025-02-13 00:00:00,1700.0,4.22,44.0,44.0,271.0,7.0,0.08,3.72,7.3,0.43,5.0,1.3,0.06,42.1,,2,2,1
2025-02-13 00:00:00,1500.0,4.33,43.5,39.0,263.0,7.0,0.08,3.74,7.3,0.43,5.0,1.3,0.06,42.0,,2,2,1
2025-02-13 00:00:00,1900.0,4.21,44.0,48.0,284.0,7.0,0.08,3.68,7.3,0.43,5.0,1.3,0.06,42.1,,2,2,1
2025-02-13 00:00:00,1100.0,4.55,45.3,25.0,220.0,7.0,0.09,3.62,7.3,0.41,5.0,1.4,0.06,42.1,,2,2,1
2025-02-13 00:00:00,2300.0,4.38,46.1,46.0,280.0,7.0,0.09,3.57,7.3,0.47,5.0,1.4,0.06,41.7,B/W filter no.2&3 (10.00pm),2,2,1
2025-02-13 00:00:00,900.0,4.62,47.8,22.0,190.0,7.0,0.1,3.83,7.3,0.41,5.0,1.4,0.06,42.1,"B/W no.5,6",2,2,1
2025-02-13 00:00:00,1300.0,4.51,44.4,32.0,260.0,7.0,0.07,3.7,7.3,0.43,5.0,1.3,0.06,42.0,,2,2,1
2025-02-13 00:00:00,2100.0,4.22,45.5,51.0,301.0,7.0,0.09,3.41,7.3,0.47,5.0,1.4,0.06,42.0,B/W no 4,2,2,1
2025-02-14 00:00:00,100.0,4.38,43.4,25.0,200.0,7.0,0.06,3.7,7.3,0.46,5.0,1.6,0.06,42.1,,2,2,1
2025-02-14 00:00:00,300.0,4.38,43.4,25.0,200.0,7.0,0.06,3.64,7.3,0.46,5.0,1.6,0.06,42.1,,2,2,1
2025-02-14 00:00:00,1100.0,4.3,45.4,19.0,224.0,7.0,0.07,3.81,7.3,0.44,5.0,1.6,0.06,42.2,,2,2,1
2025-02-14 00:00:00,900.0,4.38,46.7,25.0,230.0,7.0,0.07,3.81,7.3,0.44,5.0,1.7,0.06,42.3,B/W no.1,2,2,1
2025-02-14 00:00:00,500.0,4.38,43.4,25.0,200.0,7.0,0.06,3.6,7.3,0.46,5.0,1.6,0.06,42.1,,2,2,1
2025-02-14 00:00:00,1300.0,4.31,45.8,15.0,184.0,7.0,0.05,3.81,7.3,0.45,5.0,1.6,0.06,42.3,,2,2,1
2025-02-14 00:00:00,1500.0,4.17,45.2,16.0,194.0,7.0,0.05,3.8,7.3,0.46,5.0,1.6,0.06,42.1,,2,2,1
2025-02-14 00:00:00,1700.0,4.08,45.5,20.0,197.0,7.0,0.05,3.78,7.3,0.46,5.0,1.6,0.06,42.0,,2,2,1
2025-02-14 00:00:00,1900.0,4.05,44.7,22.0,199.0,7.0,0.05,3.77,7.3,0.46,5.0,1.6,0.06,42.0,,2,2,1
2025-02-14 00:00:00,700.0,4.38,44.4,29.0,234.0,7.0,0.07,3.81,7.3,0.42,5.0,1.6,0.06,41.9,,2,2,1
2025-02-14 00:00:00,2100.0,4.03,44.5,21.0,198.0,7.0,0.05,3.74,7.3,0.46,5.0,1.6,0.06,42.1,,2,2,1
2025-02-14 00:00:00,2300.0,4.38,43.5,24.0,200.0,7.0,0.06,3.72,7.3,0.46,5.0,1.6,0.06,42.1,,2,2,1
2025-02-15 00:00:00,2300.0,4.38,44.7,34.0,260.0,7.0,0.1,3.46,7.3,0.49,5.0,1.6,0.06,42.6,B/W filter no 2&6 (10.00pm),2,2,1
2025-02-15 00:00:00,700.0,4.3,43.5,23.0,190.0,7.0,0.11,3.56,7.3,0.45,5.0,1.7,0.06,42.6,,2,2,1
2025-02-15 00:00:00,900.0,4.38,45.5,22.0,181.0,7.0,0.12,3.51,7.3,0.46,5.0,1.8,0.06,42.2,,2,2,1
2025-02-15 00:00:00,1100.0,4.38,44.5,20.0,160.0,7.0,0.09,3.6,7.3,0.46,5.0,1.6,0.06,42.4,,2,2,1
2025-02-15 00:00:00,1300.0,4.38,44.2,19.0,155.0,7.0,0.09,3.62,7.3,0.48,5.0,1.6,0.06,42.6,,2,2,1
2025-02-15 00:00:00,1500.0,3.88,44.2,19.0,150.0,7.0,0.09,3.63,7.3,0.47,5.0,1.6,0.06,42.6,,2,2,1
2025-02-15 00:00:00,1700.0,3.81,44.3,21.0,207.0,7.0,0.08,3.63,7.3,0.49,5.0,1.6,0.06,42.6,,2,2,1
2025-02-15 00:00:00,1900.0,3.81,44.4,17.0,162.0,7.0,0.09,3.67,7.3,0.49,5.0,1.6,0.06,42.6,,2,2,1
2025-02-15 00:00:00,2100.0,3.81,44.3,14.0,136.0,7.0,0.1,3.5,7.3,0.49,5.0,1.6,0.06,42.2,,2,2,1
2025-02-15 00:00:00,100.0,4.38,44.4,34.0,260.0,7.0,0.1,3.47,7.3,0.49,5.0,1.6,0.06,42.4,,2,2,1
2025-02-15 00:00:00,300.0,4.38,43.2,18.0,150.0,7.0,0.1,3.48,7.3,0.49,5.0,1.6,0.06,41.8,,2,2,1
2025-02-15 00:00:00,500.0,4.38,43.1,18.0,150.0,7.0,0.1,3.5,7.3,0.49,5.0,1.6,0.06,41.8,B/W filter 2&5 (5.00am),2,2,1
2025-02-16 00:00:00,2300.0,3.9,45.3,28.0,260.0,7.0,0.08,3.78,7.3,0.1,5.0,1.6,0.06,42.2,B/W no.4,2,2,1
2025-02-16 00:00:00,100.0,4.2,45.0,16.0,146.0,7.0,0.08,3.72,7.3,0.1,5.0,1.6,0.06,42.4,,2,2,1
2025-02-16 00:00:00,1700.0,3.83,46.0,24.0,241.0,7.0,0.09,3.56,7.3,0.13,5.0,1.5,0.06,42.4,B/W no 1,2,2,1
2025-02-16 00:00:00,500.0,4.34,45.4,8.0,92.0,7.0,0.08,3.82,7.3,0.1,5.0,1.6,0.06,42.6,,2,2,1
2025-02-16 00:00:00,2100.0,3.89,45.0,25.0,253.0,7.0,0.06,3.78,7.3,0.1,5.0,1.6,0.06,42.4,,2,2,1
2025-02-16 00:00:00,300.0,4.32,45.4,14.0,100.0,7.0,0.08,3.74,7.3,0.09,5.0,1.6,0.06,42.5,,2,2,1
2025-02-16 00:00:00,1900.0,3.84,45.5,22.0,221.0,7.0,0.06,3.78,7.3,0.11,5.0,1.6,0.06,42.4,,2,2,1
2025-02-16 00:00:00,900.0,3.76,46.8,30.0,255.0,7.0,0.08,3.58,7.3,0.51,5.0,1.6,0.06,42.4,,2,2,1
2025-02-16 00:00:00,1500.0,3.77,46.0,21.0,209.0,7.0,0.07,3.82,7.3,0.52,5.0,1.5,0.06,42.6,,2,2,1
2025-02-16 00:00:00,1300.0,3.84,46.3,20.0,170.0,7.0,0.08,3.82,7.3,0.54,5.0,1.5,0.06,42.6,,2,2,1
2025-02-16 00:00:00,1100.0,3.86,45.2,25.0,230.0,7.0,0.08,3.8,7.3,0.51,5.0,1.6,0.06,42.6,,2,2,1
2025-02-16 00:00:00,700.0,3.79,43.4,14.0,100.0,7.0,0.11,3.56,7.3,0.51,5.0,1.6,0.06,42.2,,2,2,1
2025-02-17 00:00:00,2100.0,5.47,47.1,49.0,465.0,7.0,0.04,3.68,7.3,0.15,5.0,1.6,0.06,41.7,,2,2,1
2025-02-17 00:00:00,300.0,5.79,45.4,72.0,795.0,7.0,0.04,3.65,7.3,0.12,5.0,1.6,0.06,41.7,,2,2,1
2025-02-17 00:00:00,100.0,5.48,45.7,53.0,455.0,7.0,0.04,3.58,7.3,0.13,5.0,1.6,0.06,41.8,,2,2,1
2025-02-17 00:00:00,2300.0,5.44,45.2,51.0,421.0,7.0,0.04,3.79,7.3,0.13,5.0,1.4,0.06,41.8,B/W no.5,2,2,1
2025-02-17 00:00:00,500.0,6.03,47.4,81.0,941.0,7.0,0.03,3.76,7.3,0.1,5.0,1.8,0.06,41.7,,2,2,1
2025-02-17 00:00:00,1900.0,5.47,46.3,60.0,480.0,7.0,0.04,3.8,7.3,0.1,5.0,1.6,0.06,41.6,,2,2,1
2025-02-17 00:00:00,1300.0,5.54,46.7,60.0,620.0,7.0,0.1,3.41,7.3,0.12,5.0,1.6,0.06,41.4,,2,2,1
2025-02-17 00:00:00,1500.0,5.64,46.6,47.0,460.0,7.0,0.04,3.52,7.3,0.13,5.0,1.6,0.06,41.6,B/W filter 3&6,2,2,1
2025-02-17 00:00:00,1100.0,5.36,45.0,47.0,459.0,7.0,0.09,3.81,7.3,0.11,5.0,1.7,0.06,42.0,"B/W no.1,2",2,2,1
2025-02-17 00:00:00,900.0,4.82,45.0,39.0,281.0,7.0,0.09,3.81,7.3,0.11,5.0,1.7,0.06,42.3,,2,2,1
2025-02-17 00:00:00,700.0,4.65,45.6,7.0,88.0,7.0,0.09,3.81,7.3,0.1,5.0,1.8,0.06,42.3,,2,2,1
2025-02-17 00:00:00,1700.0,5.6,46.7,71.0,540.0,7.0,0.04,3.5,7.3,0.13,5.0,1.6,0.06,41.4,,2,2,1
2025-02-18 00:00:00,700.0,6.08,46.8,85.0,842.0,7.0,0.03,3.82,7.3,0.1,5.0,1.8,0.06,41.5,,2,2,1
2025-02-18 00:00:00,900.0,6.12,45.3,112.0,1096.0,7.0,0.03,3.81,7.3,0.09,5.0,1.7,0.06,41.8,,2,2,1
2025-02-18 00:00:00,2300.0,5.58,45.7,96.0,885.0,7.0,0.05,3.82,7.3,0.11,5.0,1.8,0.06,41.0,,2,2,1
2025-02-18 00:00:00,1300.0,,45.4,72.0,707.0,7.0,0.04,3.83,7.3,0.1,5.0,1.8,0.06,40.7,,2,2,1
2025-02-18 00:00:00,1500.0,6.1,45.0,76.0,750.0,7.0,0.04,3.5,7.3,0.11,5.0,1.8,0.06,41.2,,2,2,1
2025-02-18 00:00:00,1700.0,5.92,48.3,56.0,560.0,7.0,0.05,3.8,7.3,0.11,5.0,1.8,0.06,41.2,B/W no.1,2,2,1
2025-02-18 00:00:00,1900.0,5.73,47.7,69.0,650.0,7.0,0.05,3.8,7.3,0.12,5.0,1.8,0.06,41.2,,2,2,1
2025-02-18 00:00:00,2100.0,5.6,45.1,70.0,650.0,7.0,0.05,3.8,7.3,0.12,5.0,1.8,0.06,41.1,,2,2,1
2025-02-18 00:00:00,1100.0,6.1,45.4,71.0,694.0,7.0,0.03,3.83,7.3,0.09,5.0,1.8,0.06,40.6,,2,2,1
2025-02-18 00:00:00,100.0,5.53,45.3,81.0,805.0,7.0,0.06,3.82,7.3,0.11,5.0,1.8,0.06,41.0,,2,2,1
2025-02-18 00:00:00,300.0,5.45,44.7,73.0,630.0,7.0,0.06,3.8,7.3,0.11,5.0,1.8,0.06,41.0,,2,2,1
2025-02-18 00:00:00,500.0,5.37,44.6,65.0,545.0,7.0,0.1,3.81,7.3,0.11,5.0,1.8,0.06,40.9,,2,2,1
2025-02-19 00:00:00,500.0,5.74,43.9,44.0,474.0,7.0,0.06,3.8,7.3,0.1,5.0,1.5,0.06,41.0,,2,2,1
2025-02-19 00:00:00,300.0,5.65,45.4,46.0,474.0,7.0,0.05,3.82,7.3,0.1,5.0,1.5,0.06,41.2,,2,2,1
2025-02-19 00:00:00,100.0,5.35,46.7,50.0,485.0,7.0,0.04,3.83,7.3,0.11,5.0,1.4,0.06,41.0,,2,2,1
2025-02-19 00:00:00,2300.0,5.14,47.8,52.0,498.0,7.0,0.04,3.84,7.3,0.11,5.0,1.4,0.06,41.1,,2,2,1
2025-02-19 00:00:00,2100.0,5.17,47.9,56.0,560.0,7.0,0.04,3.8,7.3,0.12,5.0,1.4,0.06,41.3,,2,2,1
2025-02-19 00:00:00,1900.0,5.2,47.6,65.0,650.0,7.0,0.04,3.8,7.3,0.12,5.0,1.6,0.06,41.3,,2,2,1
2025-02-19 00:00:00,1300.0,5.15,44.0,55.0,514.0,7.0,0.03,3.81,7.3,0.1,5.0,1.7,0.06,40.8,,2,2,1
2025-02-19 00:00:00,1500.0,5.29,47.6,47.0,485.0,7.0,0.14,3.81,7.3,0.12,5.0,1.5,0.06,41.4,B/W filter no.4&6 (2.00pm),2,2,1
2025-02-19 00:00:00,1100.0,5.1,46.3,57.0,557.0,7.0,0.03,3.83,7.3,0.1,5.0,1.8,0.06,40.6,,2,2,1
2025-02-19 00:00:00,900.0,5.24,46.2,60.0,581.0,7.0,0.03,3.6,7.3,0.13,5.0,1.8,0.06,40.6,,2,2,1
2025-02-19 00:00:00,700.0,5.3,45.0,60.0,581.0,7.0,0.12,3.82,7.3,0.11,5.0,1.8,0.06,40.8,"B/W fil. 2,3",2,2,1
2025-02-19 00:00:00,1700.0,5.23,46.3,40.0,450.0,7.0,0.04,3.82,7.3,0.13,5.0,1.5,0.06,41.3,,2,2,1
2025-02-20 00:00:00,1900.0,5.18,43.0,37.0,280.0,7.0,0.13,3.71,7.3,0.13,5.0,1.5,0.06,41.4,B/W filter no.1 (5.00pm),2,2,1
2025-02-20 00:00:00,300.0,4.78,44.8,27.0,315.0,7.0,0.11,3.69,7.3,0.14,5.0,1.5,0.06,41.2,,2,2,1
2025-02-20 00:00:00,100.0,4.84,44.6,33.0,350.0,7.0,0.1,3.66,7.3,0.14,5.0,1.5,0.06,41.3,,2,2,1
2025-02-20 00:00:00,2300.0,4.95,44.3,37.0,421.0,7.0,0.08,3.62,7.3,0.14,5.0,1.6,0.06,41.3,,2,2,1
2025-02-20 00:00:00,500.0,4.71,44.7,25.0,290.0,7.0,0.12,3.72,7.3,0.14,5.0,1.4,0.06,41.2,,2,2,1
2025-02-20 00:00:00,1700.0,5.36,43.0,39.0,281.0,7.0,0.07,3.74,7.3,0.13,5.0,1.4,0.06,41.6,,2,2,1
2025-02-20 00:00:00,2100.0,5.06,42.7,32.0,260.0,7.0,0.14,3.6,7.3,0.14,5.0,1.5,0.06,41.3,,2,2,1
2025-02-20 00:00:00,1300.0,5.51,44.7,40.0,450.0,7.0,0.06,3.78,7.3,0.11,5.0,1.530201233588054,0.05220199889757859,41.3,,2,0,1
2025-02-20 00:00:00,1100.0,5.63,45.0,70.0,684.0,7.0,0.06,3.78,7.3,0.11,5.0,1.5,0.06,41.2,,2,2,1
2025-02-20 00:00:00,900.0,5.76,44.9,70.0,684.0,7.0,0.05,3.74,7.3,0.11,5.0,1.4,0.06,41.3,,2,2,1
2025-02-20 00:00:00,700.0,5.79,44.5,71.0,688.0,7.0,0.05,3.82,7.3,0.11,5.0,1.7,0.06,41.2,B/W fil. no.5,2,2,1
2025-02-20 00:00:00,1500.0,5.51,45.2,47.0,485.0,7.0,0.07,3.78,7.3,0.13,5.0,1.5,0.06,41.4,,2,2,1
2025-02-21 00:00:00,500.0,4.48,44.6,32.0,320.0,7.0,0.04,3.77,7.3,0.11,5.0,1.5,0.06,41.8,,2,2,1
2025-02-21 00:00:00,300.0,4.4,44.4,32.0,320.0,7.0,0.04,3.7,7.3,0.11,5.0,1.5,0.06,41.6,,2,2,1
2025-02-21 00:00:00,100.0,4.33,44.1,30.0,320.0,7.0,0.04,3.67,7.3,0.11,5.0,1.5,0.06,41.2,,2,2,1
2025-02-21 00:00:00,2300.0,4.3,43.8,30.0,320.0,7.0,0.03,3.61,7.3,0.13,5.0,1.5,0.06,41.7,,2,2,1
2025-02-21 00:00:00,2100.0,4.35,43.3,22.0,200.0,7.0,0.03,3.58,7.3,0.13,5.0,1.5,0.06,41.6,,2,2,1
2025-02-21 00:00:00,1500.0,4.46,43.3,20.0,200.0,7.0,0.03,3.7,7.3,0.14,5.0,1.5,0.06,41.6,B/W filter no.4 (2.00pm),2,2,1
2025-02-21 00:00:00,1100.0,4.51,44.7,22.0,216.0,7.0,0.03,3.73,7.3,0.13,5.0,1.5,0.06,41.4,,2,2,1
2025-02-21 00:00:00,900.0,4.59,45.2,23.0,230.0,7.0,0.03,3.68,7.3,0.17,5.0,1.5,0.06,41.3,,2,2,1
2025-02-21 00:00:00,700.0,4.62,45.1,25.0,239.0,7.0,0.14,3.81,7.3,0.14,5.0,1.7,0.06,41.2,B/W fil. no.2,2,2,1
2025-02-21 00:00:00,1900.0,4.36,43.6,20.0,200.0,7.0,0.03,3.58,7.3,0.14,5.0,1.5,0.06,41.6,,2,2,1
2025-02-21 00:00:00,1700.0,4.42,43.9,20.0,200.0,7.0,0.03,3.65,7.3,0.14,5.0,1.5,0.06,41.6,,2,2,1
2025-02-21 00:00:00,1300.0,4.44,44.0,21.0,204.0,7.0,0.03,3.71,7.3,0.14,5.0,1.5,0.06,41.4,,2,2,1
2025-02-22 00:00:00,500.0,4.38,43.5,19.0,194.0,7.0,0.06,3.54,7.3,0.13,5.0,1.5,0.06,42.4,,2,2,1
2025-02-22 00:00:00,300.0,4.38,43.6,19.0,194.0,7.0,0.06,3.59,7.3,0.13,5.0,1.5,0.06,42.3,,2,2,1
2025-02-22 00:00:00,100.0,4.39,43.9,22.0,204.0,7.0,0.06,3.61,7.3,0.13,5.0,1.5,0.06,42.1,,2,2,1
2025-02-22 00:00:00,2300.0,4.52,43.5,25.0,262.0,7.0,0.06,3.64,7.3,0.14,5.0,1.5,0.06,42.2,,2,2,1
2025-02-22 00:00:00,2100.0,4.54,43.3,24.0,265.0,7.0,0.06,3.65,7.3,0.14,5.0,1.5,0.06,41.9,,2,2,1
2025-02-22 00:00:00,1900.0,4.59,43.1,22.0,260.0,7.0,0.06,3.7,7.3,0.13,5.0,1.4,0.06,41.9,,2,2,1
2025-02-22 00:00:00,1500.0,4.63,45.6,24.0,265.0,7.0,0.05,3.76,7.3,0.14,5.0,1.5,0.06,41.9,,2,2,1
2025-02-22 00:00:00,1300.0,4.52,44.8,25.0,270.0,7.0,0.05,3.74,7.3,0.13,5.0,1.4,0.06,42.1,,2,2,1
2025-02-22 00:00:00,1100.0,4.55,44.8,26.0,281.0,7.0,0.04,3.64,7.3,0.12,5.0,1.5,0.06,41.6,,2,2,1
2025-02-22 00:00:00,900.0,4.53,44.6,27.0,290.0,7.0,0.05,3.61,7.3,0.12,5.0,1.4,0.06,41.7,,2,2,1
2025-02-22 00:00:00,1700.0,4.6,44.1,28.0,320.0,7.0,0.05,3.76,7.3,0.14,5.0,1.4,0.06,41.9,,2,2,1
2025-02-22 00:00:00,700.0,4.51,44.8,29.0,305.0,7.0,0.05,3.8,7.3,0.11,5.0,1.5,0.06,42.1,,2,2,1
2025-02-23 00:00:00,700.0,4.54,44.0,20.0,200.0,7.0,0.09,3.55,7.3,0.13,5.0,1.5,0.06,42.2,,2,2,1
2025-02-23 00:00:00,900.0,4.52,44.3,20.0,200.0,7.0,0.09,3.58,7.3,0.14,5.0,1.5,0.06,42.1,,2,2,1
2025-02-23 00:00:00,1100.0,4.51,44.0,21.0,202.0,7.0,0.09,3.63,7.3,0.14,5.0,1.6,0.06,42.1,,2,2,1
2025-02-23 00:00:00,1500.0,4.52,44.2,18.0,192.0,7.0,0.09,3.41,7.3,0.14,5.0,1.5,0.06,42.3,,2,2,1
2025-02-23 00:00:00,1700.0,4.23,44.3,20.0,200.0,7.0,0.09,3.39,7.3,0.14,5.0,1.5,0.06,42.1,,2,2,1
2025-02-23 00:00:00,1900.0,4.21,43.2,24.0,204.0,7.0,0.1,3.36,7.3,0.14,5.0,1.4,0.06,42.2,"B/W fil no 1,2",2,2,1
2025-02-23 00:00:00,2100.0,4.22,43.3,24.0,204.0,7.0,0.1,3.3,7.3,0.14,5.0,1.4,0.06,42.6,,2,2,1
2025-02-23 00:00:00,2300.0,4.09,43.4,23.0,202.0,7.0,0.15,3.28,7.3,0.64,5.0,1.4,0.06,41.3,,2,2,1
2025-02-23 00:00:00,100.0,4.08,45.7,27.0,270.0,7.0,0.14,3.34,7.3,0.64,5.0,1.4,0.06,41.0,,2,2,1
2025-02-23 00:00:00,300.0,4.11,45.4,36.0,361.0,7.0,0.12,3.56,7.3,0.14,5.0,1.4,0.06,41.4,,2,2,1
2025-02-23 00:00:00,500.0,4.33,45.6,36.0,361.0,7.0,0.12,3.72,7.3,0.14,5.0,1.4,0.06,41.2,,2,2,1
2025-02-23 00:00:00,1300.0,4.53,44.4,18.0,192.0,7.0,0.09,3.65,7.3,0.13,5.0,1.5,0.06,42.4,B/W fil no 5,2,2,1
2025-02-24 00:00:00,1300.0,5.42,48.6,24.0,210.0,7.0,0.15,3.62,7.3,0.13,5.0,1.4,0.06,42.6,,2,2,1
2025-02-24 00:00:00,1100.0,5.14,46.0,20.0,200.0,7.0,0.12,3.61,7.3,0.13,5.0,1.5,0.06,42.6,,2,2,1
2025-02-24 00:00:00,900.0,4.7,45.0,21.0,200.0,7.0,0.12,3.65,7.3,0.15,5.0,1.5,0.06,42.8,,2,2,1
2025-02-24 00:00:00,1900.0,5.77,45.2,43.0,455.0,7.0,0.16,3.82,7.3,0.17,5.0,1.2,0.06,41.7,,2,2,1
2025-02-24 00:00:00,2100.0,5.81,45.3,63.0,498.0,7.0,0.13,3.81,7.3,0.17,5.0,1.2,0.06,41.6,,2,2,1
2025-02-24 00:00:00,500.0,5.6,44.3,42.0,314.0,7.0,0.18,3.81,7.3,0.15,5.0,1.5,0.06,41.6,,2,2,1
2025-02-24 00:00:00,100.0,5.76,44.6,55.0,401.0,7.0,0.18,3.81,7.3,0.15,5.0,1.5,0.06,41.5,,2,2,1
2025-02-24 00:00:00,300.0,5.65,44.5,50.0,394.0,7.0,0.18,3.81,7.3,0.15,5.0,1.5,0.06,41.5,,2,2,1
2025-02-24 00:00:00,1500.0,5.59,45.5,23.0,210.0,7.0,0.1,3.82,7.3,0.18,5.0,1.4,0.06,41.7,,2,2,1
2025-02-24 00:00:00,700.0,4.51,45.0,26.0,260.0,7.0,0.13,3.78,7.3,0.14,5.0,1.4,0.06,41.7,B/W filter tank no.3&6 (6.45am),2,2,1
2025-02-24 00:00:00,2300.0,5.8,44.8,57.0,421.0,7.0,0.18,3.81,7.3,0.16,5.0,1.2,0.06,41.5,,2,2,1
2025-02-24 00:00:00,1700.0,5.63,45.3,40.0,450.0,7.0,0.13,3.89,7.3,0.22,5.0,1.4,0.06,42.3,,2,2,1
2025-02-25 00:00:00,1700.0,5.28,45.1,30.0,345.0,7.0,0.05,3.81,7.3,0.15,5.0,1.4,0.06,42.1,,2,2,1
2025-02-25 00:00:00,1900.0,5.31,46.4,28.0,330.0,7.0,0.05,3.76,7.3,0.15,5.0,1.4,0.06,42.2,,2,2,1
2025-02-25 00:00:00,2100.0,5.39,45.3,27.0,330.0,7.0,0.05,3.81,7.3,0.15,5.0,1.4,0.06,42.1,,2,2,1
2025-02-25 00:00:00,2300.0,5.38,44.9,26.0,310.0,7.0,0.05,3.81,7.3,0.15,5.0,1.5,0.06,42.0,,2,2,1
2025-02-25 00:00:00,100.0,5.28,44.0,24.0,270.0,7.0,0.06,3.78,7.3,0.12,5.0,1.5,0.06,42.1,,2,2,1
2025-02-25 00:00:00,300.0,5.2,43.5,22.0,242.0,7.0,0.06,3.68,7.3,0.12,5.0,1.5,0.06,42.0,,2,2,1
2025-02-25 00:00:00,500.0,5.16,44.7,20.0,210.0,7.0,0.06,3.46,7.3,0.14,5.0,1.5,0.06,42.1,B/W no 5,2,2,1
2025-02-25 00:00:00,1500.0,5.32,44.6,32.0,350.0,7.0,0.05,3.78,7.3,0.17,5.0,1.5,0.06,41.5,,2,2,1
2025-02-25 00:00:00,1300.0,5.43,45.7,33.0,350.0,7.0,0.07,3.67,7.3,0.17,5.0,1.6,0.06,41.4,,2,2,1
2025-02-25 00:00:00,700.0,5.61,44.4,44.0,460.0,7.0,0.09,3.78,7.3,0.17,5.0,1.5,0.06,41.5,B/W filter tank no.2&6 (2.45am),2,2,1
2025-02-25 00:00:00,900.0,5.56,44.1,42.0,450.0,7.0,0.07,3.68,7.3,0.17,5.0,1.5,0.06,41.4,B/W filter tank no.1 (2.00pm),2,2,1
2025-02-25 00:00:00,1100.0,5.48,43.5,36.0,360.0,7.0,0.07,3.72,7.3,0.15,5.0,1.5,0.06,41.5,,2,2,1
2025-02-26 00:00:00,500.0,4.44,44.6,12.0,119.0,7.0,0.22,3.75,7.3,0.17,0.0,1.5,0.06,42.7,,2,2,1
2025-02-26 00:00:00,300.0,4.56,44.7,13.0,142.0,7.0,0.18,3.66,7.3,0.17,0.0,1.5,0.06,42.5,B/W no 2 (3.50),2,2,1
2025-02-26 00:00:00,100.0,4.65,44.9,14.0,165.0,7.0,0.12,3.45,7.3,0.15,5.0,1.5,0.06,42.3,,2,2,1
2025-02-26 00:00:00,2300.0,4.86,44.0,13.0,150.0,7.0,0.13,3.5,7.3,0.15,5.0,1.5,0.06,42.3,,2,2,1
2025-02-26 00:00:00,2100.0,4.87,44.3,15.0,180.0,7.0,0.1,3.6,7.3,0.16,5.0,1.5,0.06,42.5,,2,2,1
2025-02-26 00:00:00,1900.0,4.77,44.6,15.0,180.0,7.0,0.09,3.6,7.3,0.16,5.0,1.5,0.06,42.6,B/W no 6,2,2,1
2025-02-26 00:00:00,1700.0,4.8,44.6,15.0,180.0,7.0,0.08,3.53,7.3,0.16,5.0,1.5,0.06,42.3,,2,2,1
2025-02-26 00:00:00,1500.0,4.9,45.0,15.0,180.0,7.0,0.07,3.52,7.3,0.16,5.0,1.5,0.06,42.1,,2,2,1
2025-02-26 00:00:00,1300.0,5.08,44.3,16.0,180.0,7.0,0.07,3.49,7.3,0.16,5.0,1.5,0.06,41.8,,2,2,1
2025-02-26 00:00:00,900.0,5.2,44.8,18.0,200.0,7.0,0.07,3.46,7.3,0.14,5.0,1.5,0.06,41.8,,2,2,1
2025-02-26 00:00:00,700.0,5.21,45.1,20.0,210.0,7.0,0.06,3.49,7.3,0.14,5.0,1.5,0.06,41.7,B/W filter no 3 (8.00am),2,2,1
2025-02-26 00:00:00,1100.0,5.14,44.0,16.0,180.0,7.0,0.07,3.49,7.3,0.14,5.0,1.5,0.06,41.7,,2,2,1
2025-02-27 00:00:00,500.0,4.34,44.0,24.0,208.0,7.0,0.05,3.46,7.3,0.12,5.0,1.5,0.06,43.1,B/W no 4,2,2,1
2025-02-27 00:00:00,300.0,4.39,44.0,21.0,187.0,7.0,0.05,3.68,7.3,0.13,5.0,1.5,0.06,43.1,,2,2,1
2025-02-27 00:00:00,100.0,4.48,45.0,20.0,174.0,7.0,0.05,3.62,7.3,0.14,5.0,1.5,0.06,43.1,,2,2,1
2025-02-27 00:00:00,2300.0,4.52,46.4,14.0,142.0,7.0,0.05,3.5,7.3,0.15,5.0,1.5,0.06,43.2,,2,2,1
2025-02-27 00:00:00,2100.0,4.35,45.5,14.0,142.0,7.0,0.06,3.65,7.3,0.15,5.0,1.4,0.06,43.2,B/W no 1,2,2,1
2025-02-27 00:00:00,1900.0,4.15,45.8,14.0,140.0,7.0,0.06,3.61,7.3,0.15,5.0,1.4,0.06,42.7,,2,2,1
2025-02-27 00:00:00,1700.0,4.11,45.9,13.0,140.0,7.0,0.04,3.6,7.3,0.15,5.0,1.4,0.06,42.9,,2,2,1
2025-02-27 00:00:00,1500.0,4.11,44.6,13.0,140.0,7.0,0.05,3.76,7.3,0.15,5.0,1.3,0.06,43.1,,2,2,1
2025-02-27 00:00:00,1300.0,4.29,44.5,13.0,140.0,7.0,0.05,3.74,7.3,0.15,5.0,1.4,0.06,42.2,,2,2,1
2025-02-27 00:00:00,900.0,4.5,45.7,13.0,140.0,7.0,0.05,3.69,7.3,0.15,5.0,1.4,0.06,42.1,,2,2,1
2025-02-27 00:00:00,700.0,4.48,45.7,13.0,140.0,7.0,0.05,3.6,7.3,0.18,5.0,1.4,0.06,42.0,,2,2,1
2025-02-27 00:00:00,1100.0,4.39,45.0,13.0,140.0,7.0,0.04,3.76,7.3,0.14,5.0,1.4,0.06,42.2,,2,2,1
2025-02-28 00:00:00,500.0,4.98,46.3,24.0,237.0,7.0,0.1,3.46,7.3,0.14,5.0,1.5,0.06,43.5,B/W no 5,2,2,1
2025-02-28 00:00:00,300.0,5.11,44.7,21.0,215.0,7.0,0.06,3.68,7.3,0.14,5.0,1.5,0.06,43.4,,2,2,1
2025-02-28 00:00:00,100.0,5.22,45.0,20.0,207.0,7.0,0.06,3.68,7.3,0.15,5.0,1.5,0.06,43.3,,2,2,1
2025-02-28 00:00:00,2300.0,5.19,45.8,19.0,194.0,7.0,0.06,3.68,7.3,0.16,5.0,1.5,0.06,43.3,,2,2,1
2025-02-28 00:00:00,2100.0,5.06,45.8,16.0,180.0,7.0,0.05,3.75,7.3,0.15,5.0,1.5,0.06,43.5,,2,2,1
2025-02-28 00:00:00,1900.0,4.93,45.8,16.0,180.0,7.0,0.05,3.74,7.3,0.15,5.0,1.4,0.06,43.6,B/W no 3,2,2,1
2025-02-28 00:00:00,1700.0,4.9,45.5,16.0,180.0,7.0,0.05,3.7,7.3,0.15,5.0,1.5,0.06,43.4,,2,2,1
2025-02-28 00:00:00,1500.0,4.74,45.6,18.0,180.0,7.0,0.05,3.61,7.3,0.15,5.0,1.4,0.06,43.2,,2,2,1
2025-02-28 00:00:00,1300.0,4.77,45.7,18.0,180.0,7.0,0.05,3.57,7.3,0.15,5.0,1.6,0.06,42.4,,2,2,1
2025-02-28 00:00:00,1100.0,4.75,45.9,21.0,200.0,7.0,0.05,3.54,7.3,0.14,5.0,1.5,0.06,42.4,,2,2,1
2025-02-28 00:00:00,700.0,4.46,45.7,25.0,220.0,7.0,0.05,3.43,7.3,0.14,5.0,1.6,0.06,42.2,,2,2,1
2025-02-28 00:00:00,900.0,4.72,45.9,22.0,200.0,7.0,0.05,3.47,7.3,0.14,5.0,1.6,0.06,42.3,,2,2,1
2025-03-01 00:00:00,100.0,4.73,50.0,36.0,460.0,7.0,0.03,3.74,7.2,0.12,5.0,1.5,0.05,44.2,,1,3,1
2025-03-01 00:00:00,300.0,4.72,50.0,25.0,380.0,7.0,0.03,3.76,7.2,0.13,5.0,1.5,0.05,44.3,,1,3,1
2025-03-01 00:00:00,1300.0,5.38,44.2,33.0,435.0,7.0,0.06,3.74,7.2,0.11,5.0,1.5,0.05,47.8,,1,2,1
2025-03-01 00:00:00,1100.0,5.48,44.3,41.0,470.0,7.0,0.05,3.8,7.2,0.12,5.0,1.5,0.05,42.3,,1,2,1
2025-03-01 00:00:00,900.0,5.25,44.8,38.0,465.0,7.0,0.06,3.81,7.2,0.12,5.0,1.6,0.05,42.1,,1,2,1
2025-03-01 00:00:00,700.0,5.2,45.3,41.0,480.0,7.0,0.06,3.81,7.2,0.12,5.0,1.6,0.05,42.3,,1,2,1
2025-03-01 00:00:00,500.0,4.72,50.0,25.0,380.0,7.0,0.03,3.78,7.2,0.13,5.0,1.5,0.05,44.3,,1,3,1
2025-03-01 00:00:00,2100.0,4.75,50.2,35.0,351.0,7.0,0.03,3.78,7.2,0.11,5.0,1.5,0.05,47.2,,1,3,1
2025-03-01 00:00:00,2300.0,4.73,50.0,36.0,460.0,7.0,0.03,3.78,7.2,0.12,5.0,1.5,0.05,44.2,B/W filter no 6 (10.00pm),1,3,1
2025-03-01 00:00:00,1700.0,4.99,50.1,40.0,441.0,7.0,0.03,3.69,7.2,0.11,5.0,1.6,0.05,46.9,,1,2,1
2025-03-01 00:00:00,1500.0,5.18,50.8,48.0,468.0,7.0,0.09,3.61,7.2,0.11,5.0,1.5,0.05,47.1,B/W no 2,1,2,1
2025-03-01 00:00:00,1900.0,4.81,50.3,39.0,372.0,7.0,0.03,3.81,7.0,0.11,5.0,1.5,0.05,46.7,,1,3,1
2025-03-02 00:00:00,300.0,8.59,46.6,13.0,121.0,7.0,0.12,3.79,7.3,0.38,5.0,1.4,0.06,43.8,,2,2,1
2025-03-02 00:00:00,500.0,8.45,46.6,13.0,121.0,7.0,0.19,3.79,7.3,0.88,5.0,1.4,0.06,43.8,,2,2,1
2025-03-02 00:00:00,1900.0,8.89,46.3,14.0,145.0,7.0,0.08,3.6,7.3,0.33,5.0,1.5,0.06,43.8,,2,2,1
2025-03-02 00:00:00,2300.0,8.81,46.5,14.0,145.0,7.0,0.09,3.82,7.3,0.34,5.0,1.5,0.06,43.8,,2,2,1
2025-03-02 00:00:00,1700.0,8.91,45.8,13.0,145.0,7.0,0.07,3.82,7.3,0.33,5.0,1.5,0.06,43.9,B/W no 1&7,2,2,1
2025-03-02 00:00:00,1500.0,9.01,45.5,35.0,328.0,7.0,0.06,3.65,7.3,0.31,5.0,1.5,0.06,43.7,,2,2,1
2025-03-02 00:00:00,1300.0,9.06,44.3,10.0,128.0,7.0,0.06,3.65,7.3,0.32,5.0,1.5,0.06,43.0,,2,2,1
2025-03-02 00:00:00,1100.0,9.11,45.0,10.0,128.0,7.0,0.06,3.68,7.3,0.32,5.0,1.4,0.06,43.0,,2,2,1
2025-03-02 00:00:00,100.0,8.62,46.5,13.0,121.0,7.0,0.1,3.79,7.3,0.35,5.0,1.4,0.06,43.7,,2,2,1
2025-03-02 00:00:00,2100.0,8.81,46.5,14.0,145.0,7.0,0.08,3.77,7.3,0.34,5.0,1.4,0.06,43.8,B/W no 4,2,2,1
2025-03-02 00:00:00,900.0,9.16,44.7,10.0,128.0,7.0,0.06,3.7,7.3,0.32,5.0,1.5,0.06,42.8,,2,2,1
2025-03-02 00:00:00,700.0,9.23,45.3,11.0,128.0,7.0,0.06,3.78,7.3,0.31,5.0,1.5,0.06,42.3,,2,2,1
2025-03-03 00:00:00,1700.0,4.81,45.5,21.0,210.0,7.0,0.04,3.46,7.3,0.16,5.0,1.5,0.06,43.5,,3,2,2
2025-03-03 00:00:00,2300.0,4.73,46.6,21.0,210.0,7.0,0.03,3.35,7.3,0.15,5.0,1.6,0.06,42.1,B/W filter no 5 (10.00pm),3,2,2
2025-03-03 00:00:00,100.0,4.7,46.3,20.0,210.0,7.0,0.05,3.38,7.3,0.14,5.0,1.6,0.06,42.1,,3,2,2
2025-03-03 00:00:00,300.0,4.68,45.2,20.0,210.0,7.0,0.05,3.5,7.3,0.13,5.0,1.5,0.06,42.1,,3,2,2
2025-03-03 00:00:00,1500.0,5.03,45.9,23.0,221.0,7.0,0.05,3.36,7.3,0.19,5.0,1.5,0.06,43.9,,3,2,2
2025-03-03 00:00:00,1300.0,5.09,46.2,24.0,245.0,7.0,0.11,3.52,7.3,0.19,5.0,1.5,0.06,43.1,B/W no.2,3,2,2
2025-03-03 00:00:00,1100.0,5.1,44.9,25.0,245.0,7.0,0.1,3.66,7.3,0.17,5.0,1.5,0.06,43.1,B/W no.3,3,2,2
2025-03-03 00:00:00,900.0,5.0,45.6,29.0,250.0,7.0,0.1,3.67,7.3,0.17,5.0,1.5,0.06,42.3,,3,2,2
2025-03-03 00:00:00,700.0,5.02,45.6,33.0,252.0,7.0,0.12,3.71,7.3,0.16,5.0,1.5,0.06,42.6,,3,2,2
2025-03-03 00:00:00,1900.0,4.67,45.0,21.0,210.0,7.0,0.03,3.46,7.3,0.15,5.0,1.5,0.06,42.6,B/W no 6,3,2,2
2025-03-03 00:00:00,2100.0,4.59,45.0,21.0,210.0,7.0,0.03,3.36,7.3,0.15,5.0,1.5,0.06,42.6,,3,2,2
2025-03-03 00:00:00,500.0,4.65,45.2,20.0,210.0,7.0,0.05,3.51,7.3,0.13,5.0,1.5,0.06,42.1,,3,2,2
2025-03-04 00:00:00,700.0,7.26,46.6,41.0,405.0,7.0,0.2,3.64,7.3,0.2,5.0,1.7,0.05,43.6,,4,2,2
2025-03-04 00:00:00,1500.0,6.95,46.7,46.0,450.0,7.0,0.12,3.77,7.3,0.14,5.0,1.6,0.05,42.8,Filter no.2 (2.00pm),4,2,2
2025-03-04 00:00:00,900.0,7.16,46.8,53.0,519.0,7.0,0.11,3.72,7.3,0.17,5.0,1.6,0.05,43.8,,4,2,2
2025-03-04 00:00:00,1300.0,7.17,46.9,50.0,487.0,7.0,0.11,3.8,7.3,0.13,5.0,1.6,0.05,43.9,B/W,4,2,2
2025-03-04 00:00:00,500.0,6.57,46.7,27.0,320.0,7.0,0.08,3.81,7.3,0.14,5.0,1.5,0.05,43.8,,4,2,2
2025-03-04 00:00:00,1700.0,6.89,47.0,30.0,250.0,7.0,0.12,3.75,7.3,0.15,5.0,1.6,0.05,42.8,,4,2,2
2025-03-04 00:00:00,1100.0,7.16,46.4,50.0,487.0,7.0,0.09,3.77,7.3,0.13,5.0,1.6,0.05,43.8,,4,2,2
2025-03-04 00:00:00,2100.0,6.67,46.4,32.0,350.0,7.0,0.04,3.66,7.3,0.13,5.0,1.6,0.05,42.8,,4,2,2
2025-03-04 00:00:00,2300.0,6.59,47.3,46.0,421.0,7.0,0.05,3.66,7.3,0.12,5.0,1.6,0.05,44.0,B/W no.4,4,2,2
2025-03-04 00:00:00,100.0,6.59,47.6,41.0,398.0,7.0,0.05,3.74,7.3,0.13,5.0,1.6,0.05,43.9,,4,2,2
2025-03-04 00:00:00,300.0,6.58,47.2,35.0,360.0,7.0,0.06,3.79,7.3,0.14,5.0,1.6,0.05,43.8,,4,2,2
2025-03-04 00:00:00,1900.0,6.74,46.0,28.0,250.0,7.0,0.04,3.67,7.3,0.15,5.0,1.6,0.05,42.8,,4,2,2
2025-03-09 00:00:00,700.0,3.58,54.0,12.0,130.0,7.0,0.18,3.8,7.3,0.27,5.0,1.3,0.05,48.1,,9,2,1
2025-03-09 00:00:00,900.0,,54.0,10.0,94.0,7.0,0.19,3.79,7.3,0.28,5.0,1.2,0.05,48.1,,9,2,1
2025-03-09 00:00:00,1500.0,3.53,50.7,11.0,115.0,7.0,0.07,3.57,7.3,0.26,5.0,1.7,0.05,49.4,,9,2,0
2025-03-09 00:00:00,1700.0,2.6,51.3,64.0,609.0,7.0,0.07,3.57,7.3,0.25,5.0,1.6,0.05,49.3,,9,2,0
2025-03-09 00:00:00,1900.0,3.57,51.4,60.0,585.0,7.0,0.05,3.59,7.3,0.24,5.0,1.5,0.05,49.3,,9,2,0
2025-03-09 00:00:00,2100.0,3.58,51.7,21.0,240.0,7.0,0.12,3.76,7.3,0.25,5.0,1.4,0.05,49.6,,9,2,0
2025-03-09 00:00:00,2300.0,3.58,53.0,24.0,254.0,7.0,0.1,3.8,7.3,0.26,5.0,1.4,0.05,47.7,,9,2,0
2025-03-09 00:00:00,300.0,3.58,52.0,20.0,224.0,7.0,0.05,3.78,7.3,0.24,5.0,1.5,0.05,47.7,,9,2,2
2025-03-09 00:00:00,500.0,3.62,51.0,19.0,209.0,7.0,0.05,3.78,7.3,0.24,5.0,1.5,0.05,47.7,,9,2,2
2025-03-09 00:00:00,1100.0,,54.0,13.0,130.0,7.0,0.19,3.71,7.3,0.28,5.0,1.3,0.05,48.1,,9,2,1
2025-03-09 00:00:00,1300.0,,54.0,9.0,94.0,7.0,0.1,3.8,7.3,0.36,5.0,1.4,0.05,48.1,,9,2,1
2025-03-09 00:00:00,100.0,3.55,52.8,20.0,224.0,7.0,0.05,3.78,7.3,0.24,5.0,1.5,0.05,47.5,,9,2,2
2025-03-10 00:00:00,700.0,5.14,52.1,42.0,430.0,7.0,0.33,3.84,7.3,0.59,5.0,1.4,0.06,48.0,,10,2,1
2025-03-10 00:00:00,900.0,5.54,52.2,156.0,960.0,7.0,0.3,3.84,7.3,0.6,5.0,1.4,0.06,47.9,,10,2,1
2025-03-10 00:00:00,1100.0,5.78,52.4,120.0,940.0,7.0,0.41,3.64,7.3,0.61,5.0,1.4,0.06,47.7,,10,2,1
2025-03-10 00:00:00,1300.0,5.82,52.3,99.0,901.0,7.0,0.75,3.46,7.3,0.64,5.0,1.4,0.06,47.9,,10,2,1
2025-03-10 00:00:00,1500.0,5.8,52.9,89.0,870.0,7.0,0.8,3.47,7.3,0.74,5.0,1.6,0.06,47.6,,10,2,1
2025-03-10 00:00:00,1700.0,5.75,52.9,58.0,437.0,7.0,1.0,3.43,7.3,1.41,5.0,1.8,0.06,47.8,,10,2,1
2025-03-10 00:00:00,1900.0,5.78,53.5,52.0,401.0,7.0,0.62,3.54,7.3,1.34,5.0,1.6,0.06,47.8,,10,2,1
2025-03-10 00:00:00,2100.0,5.69,53.4,47.0,384.0,7.0,0.58,3.55,7.3,1.17,5.0,1.7,0.06,47.7,,10,2,1
2025-03-10 00:00:00,2300.0,5.72,53.5,46.0,384.0,7.0,1.34,3.7,7.3,0.83,5.0,1.7,0.06,47.8,,10,2,1
2025-03-10 00:00:00,100.0,,53.4,46.0,384.0,7.0,1.02,3.65,7.3,0.62,5.0,1.6,0.06,47.8,,10,2,1
2025-03-10 00:00:00,300.0,,53.5,43.0,350.0,7.0,0.95,3.25,7.3,0.54,5.0,1.6,0.06,47.8,,10,2,1
2025-03-10 00:00:00,500.0,,53.5,38.0,316.0,7.0,0.93,3.81,7.3,0.48,5.0,1.6,0.06,47.6,,10,2,1
2025-03-11 00:00:00,700.0,3.82,52.4,18.0,195.0,7.0,0.05,3.82,7.3,0.18,5.0,1.7,0.06,48.1,,11,2,1
2025-03-11 00:00:00,300.0,4.58,52.1,49.0,508.0,7.0,0.04,3.83,7.3,0.21,5.0,1.6,0.05,47.2,,11,2,1
2025-03-11 00:00:00,100.0,4.21,52.0,54.0,556.0,7.0,0.04,3.83,7.3,0.21,5.0,1.6,0.05,47.5,,11,2,1
2025-03-11 00:00:00,2300.0,4.09,51.9,56.0,710.0,7.0,0.04,3.83,7.3,0.21,5.0,1.4,0.05,47.5,,11,2,1
2025-03-11 00:00:00,2100.0,4.09,52.1,37.0,421.0,7.0,0.03,3.79,7.3,0.21,5.0,1.5,0.05,47.5,,11,2,1
2025-03-11 00:00:00,900.0,3.69,52.3,22.0,248.0,7.0,0.05,3.83,7.3,0.18,5.0,1.8,0.06,48.1,,11,2,1
2025-03-11 00:00:00,1700.0,3.7,52.7,33.0,415.0,7.0,0.05,3.78,7.3,0.25,5.0,1.6,0.05,47.6,,11,2,1
2025-03-11 00:00:00,1900.0,4.05,52.1,25.0,330.0,7.0,0.06,3.83,7.3,0.21,5.0,1.5,0.05,47.6,,11,2,1
2025-03-11 00:00:00,1300.0,3.52,52.1,41.0,381.0,7.0,0.05,3.81,7.3,0.21,5.0,1.8,0.06,47.6,,11,2,1
2025-03-11 00:00:00,1100.0,3.57,52.4,38.0,379.0,7.0,0.05,3.83,7.3,0.19,5.0,1.8,0.06,47.0,,11,2,1
2025-03-11 00:00:00,500.0,4.77,52.0,42.0,437.0,7.0,0.03,3.83,7.3,0.21,5.0,1.7,0.05,47.2,,11,2,1
2025-03-11 00:00:00,1500.0,3.56,53.4,46.0,434.0,7.0,0.05,3.72,7.3,0.27,5.0,1.8,0.05,47.5,,11,2,1
2025-03-12 00:00:00,100.0,5.25,54.6,36.0,328.0,7.0,0.04,3.7,7.3,0.24,5.0,1.2,0.06,52.0,,12,3,1
2025-03-12 00:00:00,1700.0,4.86,54.3,49.0,503.0,7.0,0.05,3.83,7.3,0.26,5.0,1.0,0.06,52.0,,12,3,1
2025-03-12 00:00:00,2100.0,4.98,54.4,51.0,522.0,7.0,0.04,3.65,7.3,0.27,5.0,1.1,0.06,52.2,,12,3,1
2025-03-12 00:00:00,1900.0,4.92,54.2,49.0,503.0,7.0,0.04,3.83,7.3,0.26,5.0,1.0,0.06,52.2,"B/W 2,5",12,3,1
2025-03-12 00:00:00,2300.0,5.14,54.3,36.0,328.0,7.0,0.04,3.82,7.3,0.26,5.0,1.2,0.06,52.6,B/W No.3&4,12,3,1
2025-03-12 00:00:00,1100.0,5.29,54.1,75.0,750.0,7.0,0.08,3.84,7.3,0.25,5.0,1.1,0.06,52.0,,12,3,1
2025-03-12 00:00:00,700.0,5.6,55.4,107.0,1007.0,7.0,0.08,3.83,7.3,0.24,5.0,1.1,0.06,52.4,,12,3,1
2025-03-12 00:00:00,900.0,5.51,54.2,84.0,840.0,7.0,0.08,3.84,7.3,0.24,5.0,1.1,0.06,52.1,,12,3,1
2025-03-12 00:00:00,1500.0,5.04,54.2,68.0,680.0,7.0,0.07,3.83,7.3,0.26,5.0,1.0,0.06,52.1,,12,3,1
2025-03-12 00:00:00,1300.0,5.14,54.6,68.0,680.0,7.0,0.08,3.84,7.3,0.25,5.0,1.0,0.06,52.0,"B/W No.1,6",12,3,1
2025-03-12 00:00:00,300.0,5.23,54.2,35.0,327.0,7.0,0.04,3.82,7.3,0.23,5.0,1.2,0.06,50.3,,12,3,1
2025-03-12 00:00:00,500.0,5.2,54.0,33.0,324.0,7.0,0.04,3.84,7.3,0.23,5.0,1.3,0.06,51.5,,12,3,1
2025-03-13 00:00:00,100.0,5.64,48.5,45.0,450.0,7.0,0.41,3.82,7.3,0.3,5.0,1.5,0.05,44.2,,3,2,2
2025-03-13 00:00:00,2300.0,5.78,48.7,47.0,458.0,7.0,0.4,3.82,7.3,0.29,5.0,1.5,0.05,44.1,,3,2,2
2025-03-13 00:00:00,2100.0,5.8,48.7,45.0,450.0,7.0,0.26,3.8,7.3,0.27,5.0,1.5,0.05,42.8,,3,2,2
2025-03-13 00:00:00,1900.0,5.74,49.8,44.0,450.0,7.0,0.26,3.79,7.3,0.26,5.0,1.6,0.05,42.8,,3,2,2
2025-03-13 00:00:00,500.0,5.49,48.7,40.0,420.0,7.0,0.49,3.72,7.3,0.42,5.0,1.5,0.05,44.1,,3,2,2
2025-03-13 00:00:00,300.0,5.55,47.7,44.0,438.0,7.0,0.47,3.79,7.3,0.32,5.0,1.5,0.05,44.0,,3,2,2
2025-03-13 00:00:00,1500.0,5.98,48.0,37.0,380.0,7.0,0.16,3.78,7.3,0.25,5.0,1.6,0.05,42.8,B/W filter no.6 (2.00pm),3,2,2
2025-03-13 00:00:00,1300.0,6.01,47.8,33.0,342.0,7.0,0.12,3.81,7.3,0.24,5.0,1.5,0.05,44.1,,3,2,2
2025-03-13 00:00:00,1100.0,6.15,47.8,32.0,340.0,7.0,0.15,3.81,7.3,0.21,5.0,1.5,0.05,44.0,,3,2,2
2025-03-13 00:00:00,900.0,6.25,47.6,32.0,340.0,7.0,0.09,3.68,7.3,0.26,5.0,1.5,0.05,43.9,,3,2,2
2025-03-13 00:00:00,1700.0,5.86,47.1,39.0,380.0,7.0,0.18,3.79,7.3,0.26,5.0,1.6,0.05,42.8,,3,2,2
2025-03-14 00:00:00,900.0,5.46,47.3,38.0,370.0,7.0,0.39,3.8,7.3,0.42,5.0,1.7,0.05,44.0,,3,2,2
2025-03-14 00:00:00,700.0,5.43,47.4,38.0,371.0,7.0,0.52,3.78,7.3,0.43,5.0,1.8,0.05,44.0,,3,2,2
2025-03-14 00:00:00,1100.0,5.4,47.6,33.0,310.0,7.0,0.89,3.78,7.3,0.53,5.0,1.5,0.05,44.1,B/W filter No.2&5,3,2,2
2025-03-14 00:00:00,1900.0,5.09,48.3,73.0,680.0,7.0,0.22,3.49,7.3,0.26,5.0,1.5,0.05,42.7,,3,2,2
2025-03-14 00:00:00,1500.0,5.36,46.7,32.0,317.0,7.0,0.11,3.36,7.3,0.08,5.0,1.5,0.05,42.6,,3,2,2
2025-03-14 00:00:00,1700.0,5.23,46.2,66.0,650.0,7.0,0.12,3.4,7.3,0.41,5.0,1.5,0.05,42.6,,3,2,2
2025-03-14 00:00:00,2100.0,5.17,48.6,31.0,300.0,7.0,0.25,3.62,7.3,0.26,5.0,1.5,0.05,42.7,,3,2,2
2025-03-14 00:00:00,1300.0,5.33,47.2,31.0,300.0,7.0,1.89,3.72,7.3,0.55,5.0,1.4,0.05,44.0,B/W filter tank no.3 (2.00pm),3,2,2
2025-03-14 00:00:00,2300.0,5.22,48.3,25.0,285.0,7.0,0.3,3.74,7.3,0.27,5.0,1.5,0.05,44.0,,3,2,2
2025-03-14 00:00:00,100.0,5.01,48.2,27.0,298.0,7.0,0.3,3.76,7.3,0.28,5.0,1.5,0.05,43.9,,3,2,2
2025-03-14 00:00:00,300.0,4.97,47.8,29.0,300.0,7.0,0.32,3.8,7.3,0.3,5.0,1.5,0.05,43.8,,3,2,2
2025-03-14 00:00:00,500.0,5.15,45.1,31.0,320.0,7.0,0.39,3.79,7.3,0.33,5.0,1.5,0.05,43.8,,3,2,2
2025-03-15 00:00:00,500.0,7.22,47.8,48.0,391.0,7.0,0.56,3.82,7.3,0.29,5.0,1.6,0.05,43.9,,3,2,2
2025-03-15 00:00:00,300.0,7.23,47.9,49.0,395.0,7.0,0.3,3.82,7.3,0.27,5.0,1.6,0.05,43.8,,3,2,2
2025-03-15 00:00:00,100.0,7.24,48.2,51.0,409.0,7.0,0.24,3.82,7.3,0.26,5.0,1.6,0.05,43.9,,3,2,2
2025-03-15 00:00:00,2300.0,7.21,48.1,53.0,417.0,7.0,0.24,3.82,7.3,0.25,5.0,1.6,0.05,43.9,,3,2,2
2025-03-15 00:00:00,2100.0,7.09,48.1,55.0,420.0,7.0,0.21,3.8,7.3,0.25,5.0,1.6,0.05,42.7,,3,2,2
2025-03-15 00:00:00,1900.0,6.98,48.1,39.0,375.0,7.0,0.25,3.8,7.3,0.25,5.0,1.6,0.05,42.7,,3,2,2
2025-03-15 00:00:00,1700.0,6.77,48.1,28.0,300.0,7.0,0.2,3.71,7.3,0.26,5.0,1.6,0.05,42.7,,3,2,2
2025-03-15 00:00:00,1500.0,6.48,48.1,30.0,326.0,7.0,0.2,3.7,7.3,0.27,5.0,1.6,0.05,42.6,B/W filter 4&6 (2.00pm),3,2,2
2025-03-15 00:00:00,1300.0,6.2,46.8,35.0,339.0,7.0,0.21,3.61,7.3,0.27,5.0,1.5,0.05,43.7,,3,2,2
2025-03-15 00:00:00,1100.0,5.98,47.7,38.0,374.0,7.0,0.29,3.81,7.3,0.29,5.0,1.6,0.05,43.8,B/W Fil no.1,3,2,2
2025-03-15 00:00:00,900.0,5.52,48.2,33.0,322.0,7.0,0.35,3.82,7.3,0.32,5.0,1.6,0.05,43.7,,3,2,2
2025-03-15 00:00:00,700.0,5.31,48.2,36.0,350.0,7.0,0.46,3.75,7.3,0.33,5.0,1.7,0.05,44.0,,3,2,2
2025-03-16 00:00:00,300.0,6.98,45.1,96.0,850.0,7.0,0.1,3.79,7.3,0.19,5.0,1.6,0.05,44.1,,3,2,2
2025-03-16 00:00:00,100.0,6.94,47.3,54.0,485.0,7.0,0.1,3.8,7.3,0.2,5.0,1.6,0.05,44.0,,3,2,2
2025-03-16 00:00:00,500.0,7.71,47.2,169.0,1500.0,7.0,0.11,3.75,7.3,0.18,5.0,1.6,0.05,44.0,,3,2,2
2025-03-16 00:00:00,2100.0,6.69,47.6,47.0,420.0,7.0,0.09,3.79,7.3,0.19,5.0,1.6,0.05,43.8,,3,2,2
2025-03-16 00:00:00,1900.0,6.64,47.3,43.0,418.0,7.0,0.09,3.82,7.3,0.19,5.0,1.6,0.05,43.6,,3,2,2
2025-03-16 00:00:00,1700.0,6.84,47.2,40.0,394.0,7.0,0.05,3.77,7.3,0.2,5.0,1.6,0.05,43.9,,3,2,2
2025-03-16 00:00:00,1500.0,6.83,46.8,40.0,394.0,7.0,0.05,3.77,7.3,0.2,5.0,1.5,0.05,43.4,B/W no.5,3,2,2
2025-03-16 00:00:00,1300.0,6.94,47.4,41.0,394.0,7.0,0.05,3.65,7.3,0.23,5.0,1.5,0.05,43.4,,3,2,2
2025-03-16 00:00:00,2300.0,6.91,47.4,50.0,465.0,7.0,0.1,3.82,7.3,0.2,5.0,1.5,0.05,44.0,,3,2,2
2025-03-16 00:00:00,900.0,7.09,47.4,47.0,462.0,7.0,0.54,3.82,7.3,0.33,5.0,1.7,0.05,43.6,B/W Fil. No.2,3,2,2
2025-03-16 00:00:00,700.0,7.15,47.6,46.0,455.0,7.0,0.5,3.82,7.2,0.3,5.0,1.8,0.05,43.8,,3,2,2
2025-03-16 00:00:00,1100.0,7.02,46.9,48.0,471.0,7.0,0.04,3.73,7.3,0.26,5.0,1.6,0.05,43.6,B/W Fil. No.3,3,2,2
2025-03-17 00:00:00,500.0,7.14,47.9,42.0,454.0,7.0,0.08,3.6,7.3,0.17,5.0,1.6,0.06,44.1,,3,2,2
2025-03-17 00:00:00,100.0,7.35,47.0,50.0,504.0,7.0,0.16,3.34,7.3,0.2,5.0,1.6,0.06,44.1,,3,2,2
2025-03-17 00:00:00,2300.0,7.48,48.2,53.0,550.0,7.0,0.4,3.6,7.3,0.27,5.0,1.6,0.06,44.0,B/W no 2 & 4,3,2,2
2025-03-17 00:00:00,2100.0,7.53,47.3,52.0,550.0,7.0,0.33,3.55,7.3,0.28,5.0,1.6,0.05,44.1,,3,2,2
2025-03-17 00:00:00,1900.0,7.57,47.1,53.0,550.0,7.0,0.36,3.53,7.3,0.25,5.0,1.6,0.05,44.5,,3,2,2
2025-03-17 00:00:00,1700.0,7.64,46.9,54.0,565.0,7.0,0.37,3.6,7.3,0.26,5.0,1.6,0.05,44.6,,3,2,2
2025-03-17 00:00:00,1500.0,7.74,46.7,55.0,580.0,7.0,0.16,3.69,7.3,0.21,5.0,1.7,0.05,44.9,,3,2,2
2025-03-17 00:00:00,1300.0,7.76,46.3,63.0,650.0,7.0,0.21,3.49,7.3,0.21,5.0,1.6,0.05,42.9,,3,2,2
2025-03-17 00:00:00,300.0,7.26,47.9,45.0,474.0,7.0,0.08,3.46,7.3,0.18,5.0,1.6,0.06,44.2,,3,2,2
2025-03-17 00:00:00,900.0,7.75,47.3,117.0,800.0,7.0,0.25,3.75,7.3,0.2,5.0,1.6,0.05,43.3,,3,2,2
2025-03-17 00:00:00,700.0,7.73,47.3,173.0,1500.0,7.0,0.14,3.75,7.3,0.19,5.0,1.6,0.05,42.8,B/W filter no.1,3,2,2
2025-03-17 00:00:00,1100.0,7.8,45.8,79.0,680.0,7.0,0.2,3.64,7.3,0.2,5.0,1.6,0.05,43.1,,3,2,2
2025-03-18 00:00:00,500.0,6.26,46.5,26.0,270.0,7.0,0.43,3.31,7.3,0.47,5.0,1.6,0.05,44.3,B/W no 3,3,2,2
2025-03-18 00:00:00,300.0,6.34,46.7,28.0,281.0,7.0,0.41,3.73,7.3,0.67,5.0,1.6,0.05,44.4,,3,2,2
2025-03-18 00:00:00,100.0,6.4,47.0,28.0,281.0,7.0,0.42,3.73,7.3,0.34,5.0,1.6,0.05,44.3,,3,2,2
2025-03-18 00:00:00,2300.0,6.39,47.2,30.0,314.0,7.0,0.32,3.61,7.3,0.28,5.0,1.6,0.05,44.2,,3,2,2
2025-03-18 00:00:00,2100.0,6.4,46.3,31.0,325.0,7.0,0.22,3.55,7.3,0.28,5.0,1.7,0.05,44.4,,3,2,2
2025-03-18 00:00:00,1900.0,6.43,46.4,32.0,330.0,7.0,0.19,3.57,7.3,0.29,5.0,1.7,0.05,44.4,,3,2,2
2025-03-18 00:00:00,1700.0,6.5,47.6,35.0,342.0,7.0,0.17,3.67,7.3,0.25,5.0,1.6,0.05,44.5,,3,2,2
2025-03-18 00:00:00,1300.0,6.69,47.1,37.0,370.0,7.0,0.19,3.78,7.3,0.23,5.0,1.6,0.05,43.1,,3,2,2
2025-03-18 00:00:00,1500.0,6.68,49.3,37.0,355.0,7.0,0.16,3.78,7.3,0.25,5.0,1.6,0.05,44.7,,3,2,2
2025-03-18 00:00:00,900.0,6.78,47.1,39.0,375.0,7.0,0.14,3.74,7.3,0.18,5.0,1.6,0.05,43.1,,3,2,2
2025-03-18 00:00:00,700.0,6.92,47.6,38.0,375.0,7.0,0.12,3.72,7.3,0.18,5.0,1.6,0.05,43.1,,3,2,2
2025-03-18 00:00:00,1100.0,6.72,47.0,36.0,370.0,7.0,0.16,3.76,7.3,0.21,5.0,1.6,0.05,43.1,,3,2,2
2025-03-19 00:00:00,500.0,7.11,47.2,33.0,324.0,7.0,0.13,3.63,7.3,0.19,5.0,1.6,0.05,43.9,,3,2,2
2025-03-19 00:00:00,300.0,6.72,46.9,24.0,270.0,7.0,0.1,3.54,7.3,0.19,5.0,1.6,0.05,43.9,,3,2,2
2025-03-19 00:00:00,100.0,6.42,46.5,22.0,250.0,7.0,0.09,3.37,7.3,0.2,5.0,1.6,0.05,44.0,,3,2,2
2025-03-19 00:00:00,2300.0,6.0,46.5,21.0,245.0,7.0,0.08,3.21,7.3,0.33,5.0,1.6,0.05,44.0,B/W no 3,3,2,2
2025-03-19 00:00:00,2100.0,6.0,45.9,21.0,245.0,7.0,0.5,3.35,7.3,0.31,5.0,1.5,0.05,43.8,,3,2,2
2025-03-19 00:00:00,1900.0,6.03,46.8,22.0,250.0,7.0,0.38,3.32,7.3,0.3,5.0,1.5,0.05,43.8,,3,2,2
2025-03-19 00:00:00,700.0,6.17,45.9,26.0,270.0,7.0,0.43,3.34,7.3,0.45,5.0,1.7,0.05,42.8,B/W filter 1&6,3,2,2
2025-03-19 00:00:00,900.0,6.12,45.9,24.0,270.0,7.0,0.43,3.14,7.3,0.4,5.0,1.7,0.05,42.8,,3,2,2
2025-03-19 00:00:00,1100.0,6.12,45.7,25.0,270.0,7.0,0.35,3.2,7.3,0.33,5.0,1.7,0.05,42.8,,3,2,2
2025-03-19 00:00:00,1300.0,6.19,45.7,26.0,270.0,7.0,0.36,3.24,7.3,0.28,5.0,1.7,0.05,42.6,,3,2,2
2025-03-19 00:00:00,1500.0,6.15,50.6,30.0,320.0,7.0,0.35,3.23,7.3,0.27,5.0,1.5,0.05,43.9,,3,2,2
2025-03-19 00:00:00,1700.0,6.04,46.0,21.0,245.0,7.0,0.35,3.29,7.3,0.29,5.0,1.6,0.05,43.8,,3,2,2
2025-03-20 00:00:00,900.0,7.73,47.6,31.0,280.0,7.0,0.16,3.74,7.3,0.21,5.0,1.6,0.05,43.1,,3,2,2
2025-03-20 00:00:00,100.0,8.67,46.7,64.0,541.0,7.0,0.72,3.73,7.3,0.36,5.0,1.6,0.05,44.3,,3,2,2
2025-03-20 00:00:00,2300.0,8.63,46.5,87.0,714.0,7.0,0.97,3.63,7.3,0.39,5.0,1.7,0.05,44.1,,3,2,2
2025-03-20 00:00:00,2100.0,8.62,47.0,95.0,980.0,7.0,0.72,3.58,7.3,0.3,5.0,1.7,0.05,44.6,B/W no.3,3,2,2
2025-03-20 00:00:00,1900.0,8.55,46.8,110.0,1008.0,7.0,0.36,3.79,7.3,0.23,5.0,1.6,0.05,44.7,,3,2,2
2025-03-20 00:00:00,1700.0,8.46,46.9,127.0,1035.0,7.0,0.24,3.8,7.3,0.2,5.0,1.6,0.05,44.6,,3,2,2
2025-03-20 00:00:00,1500.0,8.27,47.3,133.0,1117.0,7.0,0.12,3.8,7.3,0.19,5.0,1.6,0.05,44.7,,3,2,2
2025-03-20 00:00:00,1300.0,8.16,46.7,134.0,1120.0,7.0,0.1,3.78,7.3,0.2,5.0,1.5,0.05,43.1,,3,2,2
2025-03-20 00:00:00,1100.0,7.96,47.6,55.0,580.0,7.0,0.13,3.79,7.3,0.22,5.0,1.5,0.05,43.1,,3,2,2
2025-03-20 00:00:00,500.0,8.75,47.0,49.0,401.0,7.0,0.66,3.56,7.3,0.37,5.0,1.6,0.05,44.5,,3,2,2
2025-03-20 00:00:00,700.0,7.32,47.7,30.0,280.0,7.0,0.2,3.77,7.3,0.19,5.0,1.6,0.05,43.1,B/W filter no.4 (6.50am),3,2,2
2025-03-20 00:00:00,300.0,8.7,46.5,57.0,428.0,7.0,0.64,3.73,7.3,0.37,5.0,1.6,0.05,44.4,,3,2,2
2025-03-21 00:00:00,500.0,8.46,47.0,55.0,441.0,7.0,0.13,3.78,7.3,0.36,5.0,1.6,0.05,44.1,,3,2,2
2025-03-21 00:00:00,300.0,8.48,47.3,55.0,441.0,7.0,0.15,3.78,7.3,0.36,5.0,1.6,0.05,44.1,,3,2,2
2025-03-21 00:00:00,100.0,8.5,47.5,57.0,470.0,7.0,0.15,3.78,7.3,0.36,5.0,1.6,0.05,44.2,,3,2,2
2025-03-21 00:00:00,700.0,8.61,48.3,47.0,400.0,7.0,0.27,3.6,7.3,0.36,5.0,1.7,0.05,42.8,B/W filter no.6 (6.50am),3,2,2
2025-03-21 00:00:00,900.0,8.63,48.1,45.0,400.0,7.0,0.28,3.65,7.3,0.37,5.0,1.7,0.05,43.1,,3,2,2
2025-03-21 00:00:00,1100.0,8.61,48.1,45.0,400.0,7.0,0.04,3.61,7.3,0.27,5.0,1.7,0.05,43.1,B/W filter no.2&5 (8.40am),3,2,2
2025-03-21 00:00:00,1300.0,8.55,48.2,55.0,480.0,7.0,0.05,3.78,7.3,0.13,5.0,1.7,0.05,43.1,,3,2,2
2025-03-21 00:00:00,1500.0,8.65,47.4,57.0,495.0,7.0,0.05,3.8,7.3,0.09,5.0,1.6,0.05,44.3,,3,2,2
2025-03-21 00:00:00,1700.0,8.6,47.4,59.0,510.0,7.0,1.08,3.81,7.3,0.22,5.0,1.6,0.05,44.4,,3,2,2
2025-03-21 00:00:00,1900.0,8.58,47.5,59.0,510.0,7.0,1.96,3.8,7.3,0.38,5.0,1.6,0.05,44.4,,3,2,2
2025-03-21 00:00:00,2100.0,8.55,46.6,63.0,525.0,7.0,0.14,3.79,7.3,1.89,5.0,1.5,0.05,44.4,,3,2,2
2025-03-21 00:00:00,2300.0,8.54,46.5,59.0,510.0,7.0,0.17,3.78,7.3,0.98,5.0,1.5,0.05,44.4,,3,2,2
2025-03-22 00:00:00,700.0,8.41,46.6,58.0,500.0,7.0,0.39,3.78,7.3,0.2,5.0,1.6,0.05,42.9,B/W filter no.3&4 (6.45am),3,2,2
2025-03-22 00:00:00,500.0,8.21,47.5,40.0,383.0,7.0,0.13,3.78,7.3,0.12,5.0,1.6,0.05,44.0,,3,2,2
2025-03-22 00:00:00,100.0,8.28,47.5,41.0,394.0,7.0,0.13,3.78,7.3,0.12,5.0,1.6,0.05,44.0,,3,2,2
2025-03-22 00:00:00,900.0,8.38,46.9,58.0,500.0,7.0,0.27,3.51,7.3,0.2,5.0,1.6,0.05,42.9,,3,2,2
2025-03-22 00:00:00,2300.0,8.3,47.8,43.0,414.0,7.0,0.13,3.71,7.3,0.23,5.0,1.6,0.05,44.2,,3,2,2
2025-03-22 00:00:00,2100.0,8.31,47.8,46.0,450.0,7.0,0.59,3.63,7.3,0.24,5.0,1.6,0.05,44.2,B/W no 2,3,2,2
2025-03-22 00:00:00,1900.0,8.33,46.0,48.0,455.0,7.0,0.39,3.8,7.3,0.2,5.0,1.6,0.05,44.3,,3,2,2
2025-03-22 00:00:00,1700.0,8.34,46.4,50.0,465.0,7.0,0.31,3.8,7.3,0.19,5.0,1.6,0.05,44.4,,3,2,2
2025-03-22 00:00:00,1500.0,8.35,46.4,56.0,490.0,7.0,0.23,3.8,7.3,0.27,5.0,1.6,0.05,44.4,,3,2,2
2025-03-22 00:00:00,1300.0,8.35,46.3,58.0,500.0,7.0,0.2,3.76,7.3,0.43,5.0,1.6,0.05,42.9,,3,2,2
2025-03-22 00:00:00,1100.0,8.35,46.5,58.0,500.0,7.0,0.36,3.72,7.3,0.18,5.0,1.6,0.05,42.9,,3,2,2
2025-03-22 00:00:00,300.0,8.25,47.5,41.0,394.0,7.0,0.13,3.78,7.3,0.12,5.0,1.6,0.05,44.0,,3,2,2
2025-03-23 00:00:00,900.0,8.17,47.9,39.0,383.0,7.0,0.22,3.82,7.3,0.21,5.0,1.6,0.05,44.3,,3,2,2
2025-03-23 00:00:00,1100.0,8.06,47.6,41.0,383.0,7.0,0.23,3.79,7.3,0.21,5.0,1.6,0.05,44.2,,3,2,2
2025-03-23 00:00:00,700.0,8.19,47.6,40.0,383.0,7.0,0.19,3.81,7.3,0.15,5.0,1.6,0.05,44.1,,3,2,2
2025-03-23 00:00:00,2300.0,7.62,47.5,33.0,375.0,7.0,0.86,3.78,7.3,0.6,5.0,1.5,0.05,44.0,,3,2,2
2025-03-23 00:00:00,1300.0,8.04,47.2,40.0,383.0,7.0,0.26,3.56,7.3,0.22,5.0,1.6,0.05,44.2,,3,2,2
2025-03-23 00:00:00,1500.0,7.95,46.5,33.0,380.0,7.0,0.32,3.6,7.3,0.28,5.0,1.7,0.05,44.0,,3,2,2
2025-03-23 00:00:00,1700.0,7.83,47.5,34.0,380.0,7.0,0.44,3.74,7.3,0.36,5.0,1.6,0.05,44.0,,3,2,2
2025-03-23 00:00:00,1900.0,7.78,46.9,35.0,383.0,7.0,0.58,3.81,7.3,0.44,5.0,1.5,0.05,44.0,,3,2,2
2025-03-23 00:00:00,2100.0,7.7,47.5,33.0,375.0,7.0,0.72,3.81,7.3,0.54,5.0,1.5,0.05,44.0,,3,2,2
2025-03-23 00:00:00,100.0,7.48,47.3,30.0,314.0,7.0,1.0,3.78,7.3,0.7,5.0,1.5,0.05,44.1,,3,2,2
2025-03-23 00:00:00,300.0,7.36,47.1,28.0,241.0,7.0,1.14,3.78,7.3,0.81,5.0,1.5,0.05,44.2,,3,2,2
2025-03-23 00:00:00,500.0,7.23,47.0,27.0,232.0,7.0,1.72,3.78,7.3,0.89,5.0,1.5,0.05,44.0,,3,2,2
2025-03-24 00:00:00,900.0,6.95,47.3,29.0,245.0,7.0,1.61,3.85,7.3,1.5,5.0,1.5,0.05,44.1,B/W no.3,3,2,2
2025-03-24 00:00:00,700.0,7.08,47.3,29.0,245.0,7.0,1.87,3.81,7.3,1.1,5.0,1.5,0.05,44.1,,3,2,2
2025-03-24 00:00:00,1100.0,6.78,47.3,27.0,245.0,7.0,1.49,3.78,7.3,1.34,5.0,1.5,0.05,43.6,,3,2,2
2025-03-24 00:00:00,1300.0,6.68,47.5,29.0,245.0,7.0,0.97,3.76,7.3,0.79,5.0,1.5,0.05,43.6,,3,2,2
2025-03-24 00:00:00,1500.0,6.62,46.0,29.0,245.0,7.0,1.17,3.75,7.3,0.66,5.0,1.5,0.05,43.6,,3,2,2
2025-03-24 00:00:00,500.0,5.94,45.8,29.0,245.0,7.0,0.35,3.6,7.3,0.27,5.0,1.6,0.05,43.6,,3,2,2
2025-03-24 00:00:00,300.0,5.94,45.8,29.0,245.0,7.0,0.35,3.59,7.3,0.27,5.0,1.6,0.05,43.6,,3,2,2
2025-03-24 00:00:00,100.0,5.96,45.8,29.0,245.0,7.0,0.35,3.58,7.3,0.27,5.0,1.6,0.05,43.6,,3,2,2
2025-03-24 00:00:00,2300.0,6.23,46.7,29.0,245.0,7.0,0.5,3.55,7.3,0.41,5.0,1.6,0.05,42.4,B/W filter no.1 & 4 (10.00pm),3,2,2
2025-03-24 00:00:00,2100.0,6.35,46.5,27.0,214.0,7.0,0.5,3.42,7.3,0.51,5.0,1.5,0.05,43.4,,3,2,2
2025-03-24 00:00:00,1900.0,6.42,47.2,29.0,245.0,7.0,0.7,3.36,7.3,0.73,5.0,1.5,0.05,43.0,B/W 2,3,2,2
2025-03-24 00:00:00,1700.0,6.47,46.2,28.0,236.0,7.0,0.9,3.81,7.3,0.61,5.0,1.5,0.05,43.0,,3,2,2
2025-03-25 00:00:00,1100.0,5.66,48.1,25.0,231.0,7.1,0.3,3.81,7.3,0.45,5.0,1.4,0.05,43.6,,3,2,2
2025-03-25 00:00:00,500.0,5.02,46.3,108.0,1100.0,7.1,0.45,3.73,7.3,0.53,5.0,1.5,0.05,42.5,,3,2,2
2025-03-25 00:00:00,300.0,5.12,46.3,109.0,1100.0,7.1,0.45,3.64,7.3,0.53,5.0,1.5,0.05,42.5,,3,2,2
2025-03-25 00:00:00,100.0,5.24,46.3,109.0,1100.0,7.1,0.45,3.5,7.3,0.53,5.0,1.5,0.05,42.5,,3,2,2
2025-03-25 00:00:00,2300.0,5.29,46.2,32.0,250.0,7.1,0.45,3.49,7.3,0.4,5.0,1.5,0.05,42.5,B/W filter no.3&6 (10.00pm),3,2,2
2025-03-25 00:00:00,1700.0,5.4,47.5,28.0,240.0,7.1,0.33,3.37,7.3,0.34,5.0,1.5,0.05,43.6,,3,2,2
2025-03-25 00:00:00,1900.0,5.39,47.0,26.0,231.0,7.1,0.46,3.59,7.3,0.36,5.0,1.5,0.05,43.2,,3,2,2
2025-03-25 00:00:00,900.0,5.69,47.3,26.0,232.0,7.1,0.51,3.8,7.3,0.37,5.0,1.5,0.05,43.7,,3,2,2
2025-03-25 00:00:00,1500.0,5.52,48.5,26.0,231.0,7.1,0.32,3.46,7.3,0.35,5.0,1.5,0.05,44.0,,3,2,2
2025-03-25 00:00:00,700.0,5.86,47.0,26.0,232.0,7.1,0.51,3.72,7.3,0.3,5.0,1.5,0.05,43.5,,3,2,2
2025-03-25 00:00:00,1300.0,5.54,49.1,25.0,231.0,7.1,0.41,3.81,7.3,0.36,5.0,1.5,0.05,43.9,,3,2,2
2025-03-25 00:00:00,2100.0,5.32,46.0,27.0,221.0,7.1,0.44,3.47,7.3,0.4,5.0,1.5,0.05,43.2,,3,2,2
2025-03-26 00:00:00,2300.0,4.66,48.3,42.0,380.0,7.1,0.29,3.15,7.3,0.27,5.0,1.5,0.06,42.4,B/W filter no.1 (9.55am),3,2,2
2025-03-26 00:00:00,500.0,4.46,47.2,42.0,380.0,7.1,0.17,3.68,7.3,0.19,5.0,1.5,0.06,42.4,,3,2,2
2025-03-26 00:00:00,300.0,4.48,47.2,41.0,380.0,7.1,0.17,3.66,7.3,0.19,5.0,1.5,0.06,42.4,,3,2,2
2025-03-26 00:00:00,100.0,4.6,47.2,42.0,380.0,7.1,0.18,3.48,7.3,0.27,5.0,1.5,0.06,42.4,,3,2,2
2025-03-26 00:00:00,2100.0,4.64,49.0,54.0,424.0,7.1,0.32,3.08,7.3,0.24,5.0,1.5,0.06,42.8,,3,2,2
2025-03-26 00:00:00,1100.0,4.71,47.0,29.0,250.0,7.1,0.23,3.61,7.3,0.48,5.0,1.5,0.06,43.5,,3,2,2
2025-03-26 00:00:00,1700.0,4.61,49.2,36.0,288.0,7.1,0.2,2.57,7.3,0.28,5.0,1.5,0.06,42.9,,3,2,2
2025-03-26 00:00:00,1500.0,4.64,49.5,37.0,291.0,7.1,0.26,2.8,7.3,0.26,5.0,1.5,0.06,42.8,,3,2,2
2025-03-26 00:00:00,1300.0,4.66,47.6,27.0,250.0,7.1,0.31,2.73,7.3,0.3,5.0,1.5,0.06,43.0,,3,2,2
2025-03-26 00:00:00,900.0,4.79,47.0,93.0,870.0,7.1,0.77,3.82,7.3,0.53,5.0,1.5,0.06,43.6,B/W no 2/5,3,2,2
2025-03-26 00:00:00,1900.0,4.6,49.7,36.0,288.0,7.1,0.3,2.75,7.3,0.23,5.0,1.5,0.06,43.1,,3,2,2
2025-03-26 00:00:00,700.0,4.91,46.8,101.0,980.0,7.1,0.91,3.82,7.3,0.54,5.0,1.5,0.06,43.6,,3,2,2
2025-03-27 00:00:00,500.0,4.12,47.0,27.0,250.0,7.1,0.11,3.79,7.3,0.13,5.0,1.5,0.06,42.6,,3,2,2
2025-03-27 00:00:00,300.0,4.18,47.0,27.0,250.0,7.1,0.11,3.74,7.3,0.13,5.0,1.5,0.06,42.6,,3,2,2
2025-03-27 00:00:00,2300.0,4.3,47.9,30.0,280.0,7.1,0.25,3.61,7.3,0.24,5.0,1.5,0.06,42.6,B/W filter no 2&8 (10:00pm),3,2,2
2025-03-27 00:00:00,2100.0,4.2,47.3,35.0,324.0,7.1,0.25,3.44,7.3,0.19,5.0,1.5,0.06,43.8,,3,2,2
2025-03-27 00:00:00,100.0,4.24,47.0,27.0,250.0,7.1,0.11,3.68,7.3,0.13,5.0,1.5,0.06,42.6,,3,2,2
2025-03-27 00:00:00,1700.0,4.22,47.6,45.0,432.0,7.1,0.15,3.27,7.3,0.18,5.0,1.5,0.06,43.6,,3,2,2
2025-03-27 00:00:00,1900.0,4.21,47.6,36.0,328.0,7.1,0.2,3.36,7.3,0.19,5.0,1.5,0.06,43.7,,3,2,2
2025-03-27 00:00:00,900.0,4.42,47.3,31.0,355.0,7.1,0.28,3.82,7.3,0.22,5.0,1.5,0.06,43.6,,3,2,2
2025-03-27 00:00:00,700.0,4.47,47.0,34.0,360.0,7.1,0.25,3.82,7.3,0.19,5.0,1.5,0.06,43.6,,3,2,2
2025-03-27 00:00:00,1300.0,4.31,47.3,39.0,370.0,7.1,0.2,3.68,7.3,0.24,5.0,1.5,0.06,43.7,,3,2,2
2025-03-27 00:00:00,1500.0,4.26,46.4,35.0,324.0,7.1,0.21,3.56,7.3,0.21,5.0,1.5,0.06,43.8,,3,2,2
2025-03-27 00:00:00,1100.0,4.36,47.5,38.0,370.0,7.1,0.25,3.82,7.3,0.24,5.0,1.5,0.06,43.9,B/W no 4,3,2,2
2025-03-28 00:00:00,500.0,4.24,48.1,24.0,225.0,7.1,0.23,3.79,7.3,0.15,5.0,1.5,0.06,42.7,,3,2,2
2025-03-28 00:00:00,300.0,4.26,48.1,24.0,225.0,7.1,0.23,3.79,7.3,0.15,5.0,1.5,0.06,42.7,,3,2,2
2025-03-28 00:00:00,100.0,4.28,48.1,24.0,225.0,7.1,0.17,3.78,7.3,0.15,5.0,1.5,0.06,42.7,,3,2,2
2025-03-28 00:00:00,2100.0,4.21,48.6,24.0,228.0,7.1,0.17,3.82,7.3,0.13,5.0,1.5,0.06,43.9,B/W filter no.5,3,2,2
2025-03-28 00:00:00,2300.0,4.3,48.4,23.0,225.0,7.1,0.17,3.77,7.3,0.15,5.0,1.4,0.06,42.7,,3,2,2
2025-03-28 00:00:00,1700.0,4.06,48.7,29.0,282.0,7.1,0.13,3.85,7.3,0.13,5.0,1.6,0.06,43.8,,3,2,2
2025-03-28 00:00:00,1500.0,4.08,49.3,39.0,370.0,7.1,0.13,3.64,7.3,0.13,5.0,1.6,0.06,43.9,,3,2,2
2025-03-28 00:00:00,1300.0,4.09,49.5,27.0,283.0,7.1,0.17,3.51,7.3,0.14,5.0,1.4,0.06,43.7,,3,2,2
2025-03-28 00:00:00,1100.0,4.12,48.1,29.0,285.0,7.1,0.09,3.8,7.3,0.12,5.0,1.5,0.06,43.8,B/W no.6,3,2,2
2025-03-28 00:00:00,900.0,4.21,47.4,26.0,250.0,7.1,0.13,3.82,7.3,0.12,5.0,1.5,0.06,43.7,,3,2,2
2025-03-28 00:00:00,700.0,4.16,47.3,26.0,250.0,7.1,0.13,3.82,7.3,0.12,5.0,1.5,0.06,43.9,,3,2,2
2025-03-28 00:00:00,1900.0,4.07,48.8,23.0,225.0,7.1,0.14,3.83,7.3,0.13,5.0,1.5,0.06,44.0,,3,2,2
2025-03-29 00:00:00,500.0,4.6,49.0,41.0,430.0,7.1,0.06,3.81,7.3,0.15,5.0,1.5,0.06,42.6,,3,2,2
2025-03-29 00:00:00,100.0,4.58,49.0,41.0,430.0,7.1,0.06,3.79,7.3,0.15,5.0,1.5,0.06,42.6,,3,2,2
2025-03-29 00:00:00,2300.0,4.55,49.0,70.0,700.0,7.1,0.24,3.81,7.3,0.14,5.0,1.5,0.06,42.6,B/W filter no.3 (10.00pm),3,2,2
2025-03-29 00:00:00,2100.0,4.19,48.5,76.0,744.0,7.1,0.05,3.82,7.3,0.15,5.0,1.5,0.06,43.6,,3,2,2
2025-03-29 00:00:00,300.0,4.59,49.0,41.0,430.0,7.1,0.06,3.8,7.3,0.15,5.0,1.5,0.06,42.6,,3,2,2
2025-03-29 00:00:00,1500.0,4.2,47.6,34.0,320.0,7.1,0.14,3.82,7.3,0.17,5.0,1.5,0.06,43.9,B/W Fil.2,3,2,2
2025-03-29 00:00:00,1900.0,4.12,48.2,72.0,708.0,7.1,0.05,3.81,7.3,0.17,5.0,1.5,0.06,43.6,,3,2,2
2025-03-29 00:00:00,700.0,4.25,47.6,23.0,240.0,7.1,0.26,3.82,7.3,0.15,5.0,1.5,0.06,43.9,,3,2,2
2025-03-29 00:00:00,1700.0,4.11,47.7,60.0,587.0,7.1,0.19,3.83,7.3,0.15,5.0,1.5,0.06,43.7,,3,2,2
2025-03-29 00:00:00,1100.0,4.37,47.5,27.0,253.0,7.1,0.23,3.82,7.3,0.17,5.0,1.5,0.06,43.8,,3,2,2
2025-03-29 00:00:00,900.0,4.46,47.5,25.0,245.0,7.1,0.25,3.82,7.3,0.17,5.0,1.5,0.06,43.7,,3,2,2
2025-03-29 00:00:00,1300.0,4.25,47.5,35.0,325.0,7.1,0.13,3.77,7.3,0.18,5.0,1.5,0.06,43.8,B/W No.1,3,2,2
2025-03-30 00:00:00,500.0,5.46,47.6,68.0,586.0,7.1,0.11,3.81,7.3,0.14,5.0,1.7,0.06,43.6,,3,2,2
2025-03-30 00:00:00,100.0,5.38,47.8,61.0,546.0,7.1,0.12,3.8,7.3,0.12,5.0,1.5,0.06,43.7,,3,2,2
2025-03-30 00:00:00,2300.0,5.38,47.5,54.0,538.0,7.1,0.13,3.82,7.3,0.12,5.0,1.5,0.06,43.6,,3,2,2
2025-03-30 00:00:00,2100.0,5.39,46.8,54.0,538.0,7.1,0.1,3.78,7.3,0.11,5.0,1.5,0.06,43.6,,3,2,2
2025-03-30 00:00:00,300.0,5.44,47.6,51.0,534.0,7.1,0.12,3.79,7.3,0.14,5.0,1.7,0.06,43.8,,3,2,2
2025-03-30 00:00:00,1700.0,5.53,47.4,68.0,669.0,7.1,0.08,3.81,7.3,0.12,5.0,1.5,0.06,43.6,,3,2,2
2025-03-30 00:00:00,1500.0,5.78,48.5,98.0,960.0,7.1,0.07,3.83,7.3,0.11,5.0,1.5,0.06,43.7,,3,2,2
2025-03-30 00:00:00,1300.0,5.84,48.8,108.0,985.0,7.1,0.07,3.81,7.3,0.11,5.0,1.5,0.06,43.6,,3,2,2
2025-03-30 00:00:00,1100.0,5.94,48.7,124.0,1055.0,7.1,0.07,3.83,7.3,0.1,5.0,1.5,0.06,43.6,B/W No.4,3,2,2
2025-03-30 00:00:00,900.0,5.87,49.2,96.0,881.0,7.1,0.07,3.83,7.3,0.1,5.0,1.5,0.06,43.6,,3,2,2
2025-03-30 00:00:00,700.0,5.4,48.8,53.0,485.0,7.1,0.07,3.83,7.3,0.1,5.0,1.5,0.06,43.8,,3,2,2
2025-03-30 00:00:00,1900.0,5.39,47.6,58.0,562.0,7.1,0.08,3.74,7.3,0.11,5.0,1.5,0.06,43.4,,3,2,2
2025-03-31 00:00:00,500.0,7.53,48.7,69.0,539.0,7.0,0.05,3.8,7.3,0.09,5.0,1.5,0.05,43.4,,3,2,2
2025-03-31 00:00:00,300.0,7.21,48.6,55.0,509.0,7.0,0.05,3.82,7.3,0.09,5.0,1.5,0.05,43.6,,3,2,2
2025-03-31 00:00:00,100.0,6.79,48.3,56.0,515.0,7.0,0.04,3.82,7.3,0.1,5.0,1.5,0.05,43.7,,3,2,2
2025-03-31 00:00:00,2300.0,5.25,48.1,57.0,521.0,7.0,0.04,3.82,7.3,0.1,5.0,1.5,0.05,43.7,,3,2,2
2025-03-31 00:00:00,2100.0,5.31,48.0,62.0,540.0,7.0,0.04,3.8,7.3,0.1,5.0,1.6,0.05,42.6,,3,2,2
2025-03-31 00:00:00,1500.0,5.53,47.5,68.0,580.0,7.0,0.04,3.44,7.3,0.19,5.0,1.6,0.05,42.3,,3,2,2
2025-03-31 00:00:00,1700.0,5.22,47.6,68.0,580.0,7.0,0.04,3.81,7.3,0.16,5.0,1.6,0.05,42.3,,3,2,2
2025-03-31 00:00:00,1300.0,,46.8,55.0,537.0,7.0,0.21,3.54,7.3,0.18,5.0,1.5,0.05,43.4,"B/W Fil. 1,2",3,2,2
2025-03-31 00:00:00,1100.0,5.68,47.5,44.0,436.0,7.0,0.21,3.75,7.3,0.18,5.0,1.5,0.05,43.7,,3,2,2
2025-03-31 00:00:00,900.0,5.44,47.6,47.0,442.0,7.0,0.25,3.54,7.3,0.18,5.0,1.6,0.05,44.3,,3,2,2
2025-03-31 00:00:00,1900.0,5.22,48.2,66.0,580.0,7.0,0.04,3.81,7.3,0.11,5.0,1.6,0.05,42.5,,3,2,2
2025-03-31 00:00:00,700.0,5.31,47.3,51.0,488.0,7.0,0.24,3.81,7.3,0.15,5.0,1.7,0.05,43.6,B/W Fil. 3 & 6,3,2,2
2025-04-01 00:00:00,100.0,5.56,44.8,53.0,500.0,7.0,0.06,3.7,7.2,0.12,5.0,1.6,0.05,42.1,,1,2,1
2025-04-01 00:00:00,500.0,5.53,44.0,45.0,500.0,7.0,0.06,3.77,7.2,0.13,5.0,1.7,0.05,42.1,,1,2,1
2025-04-01 00:00:00,2300.0,3.59,45.1,53.0,520.0,7.0,0.06,3.62,7.2,0.12,5.0,1.5,0.05,42.1,,1,2,1
2025-04-01 00:00:00,1100.0,4.62,50.1,29.0,385.0,7.1,0.04,3.54,7.2,0.15,5.0,1.5,0.05,47.6,,1,3,1
2025-04-01 00:00:00,900.0,4.6,50.0,30.0,385.0,7.1,0.03,3.8,7.2,0.14,5.0,1.5,0.05,47.6,B/W no. 3/4,1,3,1
2025-04-01 00:00:00,700.0,4.62,50.8,27.0,380.0,7.1,0.03,3.83,7.2,0.13,5.0,1.5,0.05,47.6,,1,3,1
2025-04-01 00:00:00,300.0,5.54,44.6,45.0,500.0,7.0,0.06,3.74,7.2,0.13,5.0,1.7,0.05,42.1,,1,2,1
2025-04-01 00:00:00,1300.0,4.58,50.0,27.0,380.0,7.1,0.06,3.4,7.2,0.12,5.0,1.6,0.04,47.4,,1,3,1
2025-04-01 00:00:00,1500.0,4.43,50.4,27.0,277.0,7.0,0.06,3.43,7.2,0.11,5.0,1.7,0.05,47.3,B/W fil. 5,1,3,1
2025-04-01 00:00:00,2100.0,4.57,45.8,45.0,500.0,7.0,0.06,3.54,7.2,0.11,5.0,1.6,0.05,42.3,,1,2,1
2025-04-01 00:00:00,1900.0,4.46,46.2,51.0,526.0,7.0,0.06,3.53,7.2,0.12,5.0,1.7,0.05,42.4,B/W fil. 1,1,2,1
2025-04-01 00:00:00,1700.0,4.44,50.1,28.0,274.0,7.0,0.06,3.53,7.2,0.12,5.0,1.7,0.05,42.3,,1,2,1
2025-04-02 00:00:00,1300.0,8.05,45.7,14.0,145.0,7.0,0.43,3.7,7.3,0.56,5.0,1.3,0.06,42.5,,2,2,1
2025-04-02 00:00:00,300.0,7.47,46.5,16.0,154.0,7.0,0.48,3.79,7.3,0.68,5.0,1.4,0.06,43.5,,2,2,1
2025-04-02 00:00:00,1100.0,8.13,45.2,20.0,185.0,7.0,0.36,3.68,7.3,0.54,5.0,1.4,0.06,42.4,B/W filter no.2 (9.45pm),2,2,1
2025-04-02 00:00:00,700.0,8.37,46.5,13.0,121.0,7.0,0.24,3.78,7.3,0.41,5.0,1.3,0.06,42.6,B/W filter no.6,2,2,1
2025-04-02 00:00:00,500.0,7.43,46.5,18.0,172.0,7.0,0.53,3.26,7.3,0.69,5.0,1.4,0.06,43.5,"RW 3,1,4",2,2,1
2025-04-02 00:00:00,2300.0,7.58,46.5,13.0,121.0,7.0,0.42,2.56,7.3,0.63,5.0,1.4,0.06,43.4,,2,2,1
2025-04-02 00:00:00,900.0,8.23,46.1,20.0,185.0,7.0,0.48,3.72,7.3,0.48,5.0,1.3,0.06,43.1,(7.30pm),2,2,1
2025-04-02 00:00:00,1900.0,7.68,45.8,13.0,121.0,7.0,0.48,3.5,7.3,0.49,5.0,1.4,0.06,43.3,,2,2,1
2025-04-02 00:00:00,1700.0,7.77,45.8,13.0,121.0,7.0,0.16,3.46,7.3,0.55,5.0,1.4,0.06,43.4,,2,2,1
2025-04-02 00:00:00,1500.0,7.98,46.0,15.0,148.0,7.0,0.36,3.65,7.3,0.6,5.0,1.3,0.06,43.5,B/W filter no.5 (1.00pm),2,2,1
2025-04-02 00:00:00,100.0,7.51,46.4,15.0,147.0,7.0,0.47,3.64,7.3,0.68,5.0,1.4,0.06,43.5,,2,2,1
2025-04-02 00:00:00,2100.0,7.63,45.5,13.0,121.0,7.0,0.49,3.53,7.3,0.56,5.0,1.4,0.06,43.4,,2,2,1
2025-04-03 00:00:00,500.0,5.88,45.4,47.0,400.0,7.0,0.1,3.67,7.3,0.15,5.0,1.6,0.06,42.1,,3,2,2
2025-04-03 00:00:00,300.0,5.62,45.4,47.0,400.0,7.0,0.1,3.65,7.3,0.15,5.0,1.6,0.06,42.1,,3,2,2
2025-04-03 00:00:00,100.0,5.3,45.2,47.0,400.0,7.0,0.1,3.62,7.3,0.15,5.0,1.6,0.06,42.1,,3,2,2
2025-04-03 00:00:00,900.0,4.42,46.0,25.0,218.0,7.1,0.05,3.63,7.3,0.13,5.0,1.5,0.06,43.2,,3,2,2
2025-04-03 00:00:00,1100.0,4.42,46.3,21.0,218.0,7.1,0.05,3.76,7.3,0.13,5.0,1.5,0.06,42.9,,3,2,2
2025-04-03 00:00:00,1300.0,4.64,46.2,34.0,341.0,7.1,0.05,3.54,7.3,0.15,5.0,1.5,0.06,43.1,,3,2,2
2025-04-03 00:00:00,1500.0,4.58,46.9,29.0,281.0,7.1,0.05,3.59,7.3,0.15,5.0,1.5,0.06,43.0,,3,2,2
2025-04-03 00:00:00,1700.0,4.5,45.6,21.0,243.0,7.1,0.05,3.54,7.3,0.15,5.0,1.6,0.06,43.0,,3,2,2
2025-04-03 00:00:00,1900.0,4.6,45.9,23.0,251.0,7.1,0.05,3.46,7.3,0.16,5.0,1.5,0.06,43.0,,3,2,2
2025-04-03 00:00:00,2100.0,4.78,45.7,25.0,264.0,7.1,0.05,3.56,7.3,0.16,5.0,1.5,0.06,43.0,,3,2,2
2025-04-03 00:00:00,2300.0,5.25,45.3,82.0,750.0,7.0,1.0,3.61,7.3,0.16,5.0,1.6,0.06,42.1,"B/W filter no.1,3&4 (10.00pm)",3,2,2
2025-04-03 00:00:00,700.0,4.47,45.6,20.0,210.0,7.0,0.05,3.57,7.3,0.13,5.0,1.5,0.06,43.0,,3,2,2
2025-04-04 00:00:00,500.0,5.89,46.5,33.0,335.0,7.0,0.3,3.82,7.3,0.2,5.0,1.5,0.05,43.2,,4,2,2
2025-04-04 00:00:00,300.0,5.83,47.1,34.0,341.0,7.0,0.28,3.82,7.3,0.18,5.0,1.6,0.05,43.2,,4,2,2
2025-04-04 00:00:00,100.0,5.81,47.8,33.0,330.0,7.0,0.27,3.82,7.3,0.16,5.0,1.6,0.05,43.2,,4,2,2
2025-04-04 00:00:00,2100.0,5.92,47.0,37.0,350.0,7.0,0.16,3.79,7.3,0.15,5.0,1.6,0.05,42.4,,4,2,2
2025-04-04 00:00:00,1900.0,6.13,47.0,37.0,350.0,7.0,0.15,3.79,7.3,0.15,5.0,1.6,0.05,42.4,,4,2,2
2025-04-04 00:00:00,1700.0,6.25,47.5,37.0,350.0,7.0,0.12,3.8,7.3,0.15,5.0,1.6,0.05,42.5,,4,2,2
2025-04-04 00:00:00,1500.0,6.36,47.8,41.0,398.0,7.0,0.1,3.78,7.3,0.14,5.0,1.6,0.05,42.6,B/W filter no.6 (2.00pm),4,2,2
2025-04-04 00:00:00,1300.0,6.42,46.6,46.0,452.0,7.0,0.07,3.81,7.3,0.14,5.0,1.6,0.05,43.9,,4,2,2
2025-04-04 00:00:00,1100.0,6.47,46.6,46.0,452.0,7.0,0.07,3.61,7.3,0.13,5.0,1.6,0.05,44.1,,4,2,2
2025-04-04 00:00:00,900.0,6.63,46.7,46.0,452.0,7.0,0.08,3.46,7.3,0.16,5.0,1.6,0.05,43.7,,4,2,2
2025-04-04 00:00:00,700.0,6.66,46.4,29.0,243.0,7.0,0.08,3.81,7.3,0.15,5.0,1.7,0.05,44.1,B/W Fil. 3 & 5,4,2,2
2025-04-04 00:00:00,2300.0,5.81,46.3,37.0,355.0,7.0,0.18,3.82,7.3,0.15,5.0,1.6,0.05,43.2,,4,2,2
2025-04-09 00:00:00,1100.0,,51.0,21.0,224.0,7.0,0.09,3.79,7.3,0.27,5.0,1.5,0.05,47.8,,9,2,0
2025-04-09 00:00:00,1300.0,,51.0,26.0,270.0,7.0,0.08,3.81,7.3,0.29,5.0,1.3,0.05,47.8,,9,2,0
2025-04-09 00:00:00,700.0,3.52,51.0,19.0,209.0,7.0,0.07,3.81,7.3,0.24,5.0,1.6,0.05,47.8,,9,2,2
2025-04-09 00:00:00,900.0,,51.0,21.0,224.0,7.0,0.07,3.81,7.3,0.28,5.0,1.4,0.05,47.8,,9,2,0
2025-04-09 00:00:00,1500.0,3.7,57.1,23.0,251.0,7.0,0.08,3.86,7.3,0.28,5.0,1.1,0.05,48.6,,9,2,2
2025-04-09 00:00:00,2300.0,3.64,53.0,25.0,261.0,7.0,0.06,3.82,7.3,0.27,5.0,1.4,0.05,48.8,,9,2,2
2025-04-09 00:00:00,1900.0,3.66,53.4,10.0,121.0,7.0,0.05,3.83,7.3,0.27,5.0,1.5,0.05,48.8,,9,2,2
2025-04-09 00:00:00,2100.0,3.66,53.5,24.0,254.0,7.0,0.06,3.83,7.3,0.27,5.0,1.5,0.05,48.9,,9,2,2
2025-04-09 00:00:00,1700.0,3.68,52.4,21.0,235.0,7.0,0.06,3.8,7.3,0.27,5.0,1.2,0.05,48.8,,9,2,2
2025-04-09 00:00:00,100.0,3.61,53.0,24.0,254.0,7.0,0.09,3.82,7.3,0.29,5.0,1.4,0.05,48.6,,9,2,2
2025-04-09 00:00:00,300.0,3.59,53.0,24.0,254.0,7.0,0.1,3.82,7.3,0.29,5.0,1.4,0.05,48.7,,9,2,2
2025-04-09 00:00:00,500.0,3.57,53.0,22.0,231.0,7.0,0.1,3.82,7.3,0.29,5.0,1.4,0.05,48.7,,9,2,2
2025-04-10 00:00:00,700.0,4.89,52.4,44.0,387.0,7.0,2.44,3.46,7.0,1.5,5.0,1.7,0.06,47.5,,10,2,1
2025-04-10 00:00:00,900.0,4.83,53.0,45.0,391.0,7.0,3.23,3.51,7.0,1.68,5.0,1.6,0.06,47.6,,10,2,1
2025-04-10 00:00:00,1100.0,4.65,52.7,44.0,386.0,7.0,0.54,3.36,7.0,1.75,5.0,1.5,0.06,47.6,,10,2,1
2025-04-10 00:00:00,1300.0,4.57,53.3,43.0,371.0,7.0,0.69,3.39,7.0,1.22,5.0,1.5,0.06,47.8,,10,2,1
2025-04-10 00:00:00,1500.0,4.46,53.3,37.0,324.0,7.0,0.55,3.46,7.0,1.06,5.0,1.4,0.06,47.7,,10,2,1
2025-04-10 00:00:00,1700.0,4.34,53.5,33.0,304.0,7.0,0.54,3.61,7.0,0.97,5.0,1.4,0.06,47.8,,10,2,1
2025-04-10 00:00:00,2100.0,4.34,53.6,30.0,294.0,7.0,0.84,3.68,7.0,1.08,5.0,1.5,0.06,48.3,,10,2,1
2025-04-10 00:00:00,2300.0,4.36,53.4,29.0,286.0,7.0,0.92,3.69,7.0,1.16,5.0,1.4,0.06,48.4,,10,2,1
2025-04-10 00:00:00,100.0,4.4,53.5,30.0,298.0,7.0,0.87,3.74,7.0,0.98,5.0,1.4,0.06,48.3,,10,2,1
2025-04-10 00:00:00,300.0,4.41,53.6,32.0,304.0,7.0,0.78,3.81,7.0,0.84,5.0,1.4,0.06,48.4,,10,2,1
2025-04-10 00:00:00,500.0,4.44,53.6,31.0,298.0,7.0,0.54,3.81,7.0,0.78,5.0,1.5,0.06,48.5,,10,2,1
2025-04-10 00:00:00,1900.0,4.31,53.6,34.0,310.0,7.0,0.58,3.88,7.0,0.99,5.0,1.6,0.06,48.6,,10,2,1
2025-04-11 00:00:00,1300.0,4.7,52.0,51.0,400.0,7.0,0.04,3.84,7.3,0.24,5.0,1.5,0.05,47.4,,11,2,1
2025-04-11 00:00:00,1900.0,4.36,51.4,44.0,471.0,7.0,0.04,3.84,7.3,0.25,5.0,1.3,0.05,47.4,,11,2,1
2025-04-11 00:00:00,1700.0,4.3,51.2,45.0,495.0,7.0,0.04,3.83,7.3,0.25,5.0,1.2,0.05,47.4,,11,2,1
2025-04-11 00:00:00,300.0,3.92,52.2,42.0,446.0,7.0,0.04,3.81,7.3,0.24,5.0,1.5,0.05,47.3,,11,2,1
2025-04-11 00:00:00,2100.0,7.46,52.2,42.0,446.0,7.0,0.04,3.84,7.3,0.25,5.0,1.5,0.05,47.4,,11,2,1
2025-04-11 00:00:00,1500.0,4.5,51.5,63.0,548.0,7.0,0.04,3.83,7.3,0.24,5.0,1.2,0.05,47.3,,11,2,1
2025-04-11 00:00:00,1100.0,4.82,52.5,47.0,380.0,7.0,0.04,3.79,7.3,0.24,5.0,1.5,0.05,47.3,,11,2,1
2025-04-11 00:00:00,100.0,4.1,52.3,42.0,446.0,7.0,0.04,3.81,7.3,0.24,5.0,1.5,0.05,47.3,,11,2,1
2025-04-11 00:00:00,700.0,4.74,52.0,42.0,437.0,7.0,0.04,3.84,7.3,0.21,5.0,1.8,0.05,47.4,,11,2,1
2025-04-11 00:00:00,500.0,3.88,52.0,44.0,471.0,7.0,0.04,3.56,7.3,0.24,5.0,1.5,0.05,47.3,,11,2,1
2025-04-11 00:00:00,2300.0,4.41,52.5,43.0,457.0,7.0,0.04,3.81,7.3,0.25,5.0,1.4,0.05,47.2,,11,2,1
2025-04-11 00:00:00,900.0,4.72,52.2,40.0,426.0,7.0,0.04,3.75,7.3,0.21,5.0,1.6,0.05,47.3,,11,2,1
2025-04-12 00:00:00,500.0,4.74,54.6,30.0,300.0,7.0,0.03,3.84,7.3,0.23,5.0,1.0,0.06,52.0,,12,3,1
2025-04-12 00:00:00,300.0,4.88,54.7,30.0,300.0,7.0,0.03,3.84,7.3,0.23,5.0,1.0,0.06,51.6,,12,3,1
2025-04-12 00:00:00,100.0,5.01,54.9,40.0,384.0,7.0,0.03,3.84,7.3,0.24,5.0,1.0,0.06,48.1,,12,3,1
2025-04-12 00:00:00,2100.0,5.26,54.7,55.0,564.0,7.0,0.03,3.84,7.3,0.24,5.0,1.1,0.06,52.3,,12,3,1
2025-04-12 00:00:00,2300.0,5.28,54.6,46.0,440.0,7.0,0.03,3.84,7.3,0.24,5.0,1.0,0.06,52.5,,12,3,1
2025-04-12 00:00:00,1500.0,5.27,55.1,41.0,408.0,7.0,0.03,3.84,7.3,0.24,5.0,1.0,0.06,52.0,,12,3,1
2025-04-12 00:00:00,1700.0,5.19,54.9,55.0,562.0,7.0,0.03,3.84,7.3,0.24,5.0,1.0,0.06,52.2,,12,3,1
2025-04-12 00:00:00,1300.0,5.27,55.1,44.0,440.0,7.0,0.04,3.84,7.3,0.24,5.0,1.0,0.06,52.0,,12,3,1
2025-04-12 00:00:00,1100.0,5.28,54.6,58.0,580.0,7.0,0.04,3.84,7.3,0.23,5.0,1.0,0.06,52.0,,12,3,1
2025-04-12 00:00:00,900.0,5.36,54.8,62.0,620.0,7.0,0.04,3.85,7.3,0.23,5.0,1.0,0.06,51.9,,12,3,1
2025-04-12 00:00:00,1900.0,5.16,54.7,58.0,574.0,7.0,0.03,3.84,7.3,0.24,5.0,1.0,0.06,52.3,,12,3,1
2025-04-12 00:00:00,700.0,5.29,54.1,104.0,1004.0,7.0,0.04,3.84,7.3,0.23,5.0,1.1,0.06,52.0,,12,3,1
2025-04-13 00:00:00,500.0,8.53,47.6,166.0,1650.0,7.0,0.05,3.81,7.3,0.17,5.0,1.5,0.06,43.9,,4,2,2
2025-04-13 00:00:00,2300.0,8.02,47.3,51.0,602.0,7.0,0.56,3.82,7.3,0.29,5.0,1.5,0.06,43.9,B/W no 2,4,2,2
2025-04-13 00:00:00,300.0,8.41,47.4,145.0,1390.0,7.0,0.06,3.81,7.3,0.2,5.0,1.5,0.06,43.8,,4,2,2
2025-04-13 00:00:00,1900.0,7.78,47.3,50.0,535.0,7.0,0.2,3.81,7.3,0.25,5.0,1.5,0.06,43.9,,4,2,2
2025-04-13 00:00:00,1700.0,7.68,47.5,56.0,545.0,7.0,0.2,3.82,7.3,0.2,5.0,1.5,0.06,43.9,,4,2,2
2025-04-13 00:00:00,1500.0,7.73,47.5,64.0,592.0,7.0,0.18,3.68,7.3,0.24,5.0,1.6,0.06,43.8,,4,2,2
2025-04-13 00:00:00,1300.0,7.74,47.4,55.0,486.0,7.0,0.23,3.65,7.3,0.24,5.0,1.6,0.06,43.7,,4,2,2
2025-04-13 00:00:00,1100.0,7.75,46.8,66.0,508.0,7.0,0.23,3.62,7.3,0.26,5.0,1.6,0.06,43.8,,4,2,2
2025-04-13 00:00:00,900.0,7.76,47.5,51.0,484.0,7.0,0.23,3.68,7.3,0.22,5.0,1.6,0.06,43.9,,4,2,2
2025-04-13 00:00:00,100.0,8.25,47.2,89.0,867.0,7.0,0.1,3.81,7.3,0.22,5.0,1.5,0.06,43.9,,4,2,2
2025-04-13 00:00:00,2100.0,7.82,47.5,47.0,500.0,7.0,0.4,3.81,7.3,0.25,5.0,1.5,0.06,43.9,,4,2,2
2025-04-14 00:00:00,2100.0,8.79,4.7,66.0,592.0,7.0,0.27,3.78,7.3,0.28,5.0,1.6,0.06,44.0,,4,2,2
2025-04-14 00:00:00,300.0,8.58,45.4,52.0,495.0,7.0,0.26,3.75,7.3,0.28,5.0,1.6,0.06,42.3,,4,2,2
2025-04-14 00:00:00,100.0,8.6,45.4,52.0,495.0,7.0,0.26,3.76,7.3,0.28,5.0,1.6,0.06,42.3,,4,2,2
2025-04-14 00:00:00,2300.0,8.62,46.1,63.0,590.0,7.0,0.28,3.77,7.3,0.3,5.0,1.6,0.06,42.4,B/W filter no.1 3&6 (10.00pm),4,2,2
2025-04-14 00:00:00,1900.0,8.8,4.7,84.0,678.0,7.0,0.2,3.78,7.3,0.27,5.0,1.6,0.06,44.0,,4,2,2
2025-04-14 00:00:00,1100.0,8.66,47.1,170.0,950.0,7.0,0.13,3.56,7.3,0.22,5.0,1.5,0.06,43.8,,4,2,2
2025-04-14 00:00:00,1500.0,8.7,46.6,112.0,821.0,7.0,0.12,3.58,7.3,0.2,5.0,1.5,0.06,43.8,,4,2,2
2025-04-14 00:00:00,1300.0,8.7,47.2,125.0,860.0,7.0,0.1,3.67,7.3,0.21,5.0,1.5,0.06,43.3,,4,2,2
2025-04-14 00:00:00,500.0,8.55,45.4,52.0,495.0,7.0,0.26,3.74,7.3,0.28,5.0,1.6,0.06,42.3,,4,2,2
2025-04-14 00:00:00,900.0,8.62,47.5,195.0,1200.0,7.0,0.09,3.82,7.3,0.19,5.0,1.5,0.06,43.8,"B/W no 4,5",4,2,2
2025-04-14 00:00:00,700.0,8.6,47.5,166.0,900.0,7.0,0.05,3.82,7.3,0.21,5.0,1.5,0.06,44.4,,4,2,2
2025-04-14 00:00:00,1700.0,8.63,47.1,99.0,736.0,7.0,0.19,3.78,7.3,0.23,5.0,1.7,0.06,43.6,,4,2,2
2025-04-15 00:00:00,700.0,8.71,46.9,72.0,735.0,7.0,0.31,3.74,7.3,0.26,5.0,1.6,0.06,43.1,,4,2,2
2025-04-15 00:00:00,1500.0,8.54,46.8,63.0,700.0,7.0,0.06,3.82,7.3,0.18,5.0,1.6,0.06,43.1,,4,2,2
2025-04-15 00:00:00,1100.0,8.62,46.6,82.0,830.0,7.0,0.22,3.64,7.3,0.21,5.0,1.6,0.06,43.2,,4,2,2
2025-04-15 00:00:00,1300.0,8.57,46.7,73.0,751.0,7.0,0.05,3.79,7.3,0.2,5.0,1.6,0.06,43.1,,4,2,2
2025-04-15 00:00:00,1700.0,8.4,46.4,66.0,651.0,7.0,0.07,3.82,7.3,0.16,5.0,1.6,0.06,43.2,,4,2,2
2025-04-15 00:00:00,1900.0,8.38,46.5,59.0,524.0,7.0,0.08,3.82,7.3,0.16,5.0,1.6,0.06,43.2,,4,2,2
2025-04-15 00:00:00,2100.0,8.33,46.5,57.0,512.0,7.0,0.08,3.82,7.3,0.17,5.0,1.6,0.06,43.2,,4,2,2
2025-04-15 00:00:00,2300.0,8.01,46.3,54.0,495.0,7.0,0.11,3.78,7.3,0.18,5.0,1.6,0.06,42.4,,4,2,2
2025-04-15 00:00:00,100.0,7.58,45.2,44.0,480.0,7.0,0.32,3.77,7.3,0.26,5.0,1.6,0.06,42.4,,4,2,2
2025-04-15 00:00:00,300.0,7.56,45.0,44.0,480.0,7.0,0.32,3.77,7.3,0.26,5.0,1.6,0.06,42.4,,4,2,2
2025-04-15 00:00:00,500.0,7.51,45.0,44.0,480.0,7.0,0.32,3.77,7.3,0.26,5.0,1.6,0.06,42.4,,4,2,2
2025-04-15 00:00:00,900.0,8.66,46.5,99.0,1021.0,7.0,0.31,3.82,7.3,0.26,5.0,1.6,0.06,43.4,B/W no.2,4,2,2
2025-04-16 00:00:00,2300.0,5.41,47.4,48.0,400.0,7.0,0.57,3.8,7.3,0.35,5.0,1.5,0.05,42.4,B/W filter no.2 & 6 (9.45pm),4,2,2
2025-04-16 00:00:00,100.0,5.48,47.3,52.0,495.0,7.0,0.08,3.75,7.3,0.2,5.0,1.6,0.05,42.4,,4,2,2
2025-04-16 00:00:00,300.0,5.5,46.2,52.0,495.0,7.0,0.08,3.77,7.3,0.2,5.0,1.6,0.05,42.5,,4,2,2
2025-04-16 00:00:00,500.0,5.52,46.1,52.0,495.0,7.0,0.08,3.78,7.3,0.2,5.0,1.6,0.05,42.5,,4,2,2
2025-04-16 00:00:00,2100.0,5.69,47.6,48.0,490.0,7.0,0.66,3.79,7.3,0.33,5.0,1.5,0.05,43.8,,4,2,2
2025-04-16 00:00:00,1500.0,6.51,46.3,42.0,470.0,7.0,0.24,3.4,7.3,0.34,5.0,1.6,0.06,43.1,,4,2,2
2025-04-16 00:00:00,1700.0,6.12,47.5,60.0,630.0,7.0,0.42,3.41,7.3,0.28,5.0,1.6,0.06,43.2,,4,2,2
2025-04-16 00:00:00,1900.0,5.84,47.5,48.0,494.0,7.0,0.58,3.69,7.3,0.32,5.0,1.4,0.06,43.3,,4,2,2
2025-04-16 00:00:00,1100.0,6.82,47.2,41.0,470.0,7.0,0.51,3.33,7.3,0.35,5.0,1.6,0.06,43.3,,4,2,2
2025-04-16 00:00:00,1300.0,6.72,47.2,38.0,450.0,7.0,0.28,3.49,7.3,0.41,5.0,1.6,0.06,43.0,,4,2,2
2025-04-16 00:00:00,700.0,7.29,47.2,42.0,470.0,7.0,0.52,3.8,7.3,0.3,5.0,1.6,0.06,43.3,,4,2,2
2025-04-16 00:00:00,900.0,7.14,47.0,42.0,470.0,7.0,0.52,3.82,7.3,0.35,5.0,1.6,0.06,43.3,"B/W no 1,4,5",4,2,2
2025-04-17 00:00:00,700.0,5.72,47.3,67.0,635.0,7.0,0.09,3.82,7.3,0.2,5.0,1.6483875277679148,0.05591864727842268,43.6,,4,0,0
2025-04-17 00:00:00,900.0,5.66,47.0,69.0,635.0,7.0,0.09,3.82,7.3,0.2,5.0,1.6448036329866709,0.05584035230345524,43.6,,4,0,0
2025-04-17 00:00:00,1100.0,5.66,47.0,80.0,750.0,7.0,0.09,3.82,7.3,0.2,5.0,1.6289883419015054,0.05475576278655384,43.4,,4,0,0
2025-04-17 00:00:00,1500.0,5.61,47.3,74.0,700.0,7.0,0.07,3.62,7.3,0.2,5.0,1.554442911759793,0.05563569889338383,43.3,,4,0,0
2025-04-17 00:00:00,1900.0,5.47,48.3,85.0,788.0,7.0,0.11,3.83,7.3,0.18,5.0,1.6358543955861018,0.0552008249895803,43.5,,4,0,0
2025-04-17 00:00:00,2100.0,5.6,48.0,79.0,790.0,7.0,0.12,3.83,7.3,0.19,5.0,1.6399302157737903,0.05555639700726589,43.5,,4,0,0
2025-04-17 00:00:00,2300.0,5.63,48.2,80.0,795.0,7.0,0.13,3.8,7.3,0.19,5.0,1.5875982215350501,0.05277930890943837,42.5,,4,0,0
2025-04-17 00:00:00,100.0,5.66,47.7,70.0,700.0,7.0,0.29,3.79,7.3,0.21,5.0,1.5845844536938722,0.05180339119092105,42.5,,4,0,0
2025-04-17 00:00:00,300.0,5.67,47.6,70.0,700.0,7.0,0.31,3.79,7.3,0.23,5.0,1.5845844536938722,0.05180339119092105,42.5,,4,0,0
2025-04-17 00:00:00,500.0,5.69,47.7,70.0,700.0,7.0,0.31,3.79,7.3,0.24,5.0,1.5845844536938722,0.05180339119092105,42.5,,4,0,0
2025-04-17 00:00:00,1700.0,5.45,48.7,72.0,694.0,7.0,0.06,3.78,7.3,0.18,5.0,1.4909685577259735,0.05366681801567168,43.5,,4,0,0
2025-04-17 00:00:00,1300.0,5.56,47.3,76.0,720.0,7.0,0.09,3.82,7.3,0.19,5.0,1.6272036072081204,0.054860548710274404,43.4,,4,0,0
2025-04-18 00:00:00,700.0,6.05,47.5,67.0,635.0,7.0,0.38,3.83,7.3,0.26,5.0,1.6652051284273488,0.055277711800196014,43.4,,4,0,0
2025-04-18 00:00:00,500.0,5.74,47.5,40.0,480.0,7.0,0.26,3.8,7.3,0.23,5.0,1.5582157426404286,0.05174378482608438,42.4,,4,0,0
2025-04-18 00:00:00,300.0,5.75,47.5,40.0,480.0,7.0,0.26,3.79,7.3,0.23,5.0,1.5582157426404286,0.05223457198200121,42.4,,4,0,0
2025-04-18 00:00:00,100.0,5.76,47.5,40.0,480.0,7.0,0.26,3.78,7.3,0.23,5.0,1.5582157426404286,0.05223457198200121,42.4,,4,0,0
2025-04-18 00:00:00,2300.0,5.78,47.1,47.0,490.0,7.0,0.16,3.78,7.3,0.18,5.0,1.5554461106329147,0.05442610942111856,42.5,,4,0,0
2025-04-18 00:00:00,2100.0,5.89,47.3,47.0,490.0,7.0,0.08,3.82,7.3,0.18,5.0,1.563180539147326,0.0556019165416466,43.2,,4,0,0
2025-04-18 00:00:00,900.0,6.09,47.1,61.0,590.0,7.0,0.42,3.82,7.3,0.28,5.0,1.5990649728951518,0.054948753787283734,43.3,,4,0,0
2025-04-18 00:00:00,1700.0,6.01,47.2,53.0,516.0,7.0,0.06,3.78,7.3,0.2,5.0,1.5640871409116053,0.05551825481798941,43.4,,4,0,0
2025-04-18 00:00:00,1500.0,6.12,47.3,55.0,498.0,7.0,0.05,3.59,7.3,0.23,5.0,1.5671770274594676,0.05564904780982163,43.4,,4,0,0
2025-04-18 00:00:00,1300.0,6.14,47.2,63.0,595.0,7.0,0.68,3.63,7.3,0.28,5.0,1.5699859921964356,0.05552656088984855,43.6,,4,0,0
2025-04-18 00:00:00,1100.0,6.09,47.2,61.0,596.0,7.0,0.34,3.82,7.3,0.3,5.0,1.6098205216734238,0.05549661688120764,43.6,,4,0,0
2025-04-18 00:00:00,1900.0,5.96,47.2,49.0,500.0,7.0,0.06,3.82,7.3,0.19,5.0,1.5919786362572659,0.05545056187999538,43.1,,4,0,0
2025-04-19 00:00:00,500.0,5.09,46.3,45.0,420.0,7.0,0.08,3.71,7.3,0.22,5.0,1.5376598886064876,0.05823099708261045,42.5,,4,0,0
2025-04-19 00:00:00,300.0,5.12,46.4,45.0,426.0,7.0,0.08,3.74,7.3,0.22,5.0,1.5376598886064876,0.05699800890990169,42.5,,4,0,0
2025-04-19 00:00:00,2300.0,5.23,46.6,49.0,424.0,7.0,0.23,3.79,7.3,0.25,5.0,1.5376598886064876,0.05556633876507682,42.4,,4,0,0
2025-04-19 00:00:00,2100.0,5.45,47.5,49.0,424.0,7.0,0.21,3.81,7.3,0.24,5.0,1.5225385143179173,0.05292574998005048,43.4,,4,0,0
2025-04-19 00:00:00,100.0,5.18,46.3,45.0,420.0,7.0,0.08,3.76,7.3,0.22,5.0,1.5376598886064876,0.05727254158546778,42.5,,4,0,0
2025-04-19 00:00:00,1900.0,5.54,46.7,51.0,452.0,7.0,0.2,3.82,7.3,0.24,5.0,1.5488630654792899,0.05408077286950595,43.4,,4,0,0
2025-04-19 00:00:00,1500.0,5.71,47.8,56.0,500.0,7.0,0.15,3.83,7.3,0.21,5.0,1.5291791954198342,0.05458464023605245,43.3,,4,0,0
2025-04-19 00:00:00,1300.0,5.79,47.7,53.0,492.0,7.0,0.13,3.83,7.3,0.21,5.0,1.5301589706859577,0.054682608430469494,43.4,,4,0,0
2025-04-19 00:00:00,1100.0,5.85,47.1,68.0,565.0,7.0,0.11,3.82,7.3,0.24,5.0,1.5988550277750364,0.055218073331851227,43.3,,4,0,0
2025-04-19 00:00:00,900.0,5.93,47.3,58.0,498.0,7.0,0.25,3.82,7.3,0.25,5.0,1.5659907403403386,0.05382993281141175,43.4,,4,0,0
2025-04-19 00:00:00,700.0,6.09,47.0,41.0,480.0,7.0,0.23,3.82,7.3,0.24,5.0,1.5630626196741069,0.05536647542129657,43.4,,4,0,0
2025-04-19 00:00:00,1700.0,5.67,47.6,53.0,481.0,7.0,0.19,3.8,7.3,0.22,5.0,1.5484725077158692,0.0544823260284792,43.4,,4,0,0
2025-04-20 00:00:00,300.0,7.67,46.7,70.0,730.0,7.0,0.18,3.59,7.3,0.24,5.0,1.572158152587329,0.059895513264188606,43.4,,4,0,0
2025-04-20 00:00:00,100.0,7.0,46.6,66.0,570.0,7.0,0.18,3.52,7.3,0.23,5.0,1.5722276285079608,0.05534182089086535,43.2,,4,0,0
2025-04-20 00:00:00,2300.0,6.1,46.3,67.0,574.0,7.0,0.14,3.67,7.3,0.24,5.0,1.5579847861096978,0.058612405450689915,43.3,,4,0,0
2025-04-20 00:00:00,2100.0,6.12,46.4,67.0,574.0,7.0,0.14,3.78,7.3,0.21,5.0,1.5505437962941548,0.0566443739142747,43.2,,4,0,0
2025-04-20 00:00:00,500.0,7.9,46.4,96.0,896.0,7.0,0.22,3.67,7.3,0.26,5.0,1.6072065611002406,0.06044943672452421,43.3,,4,0,0
2025-04-20 00:00:00,1700.0,5.91,46.7,98.0,971.0,7.0,0.14,3.71,7.3,0.21,5.0,1.552867405462852,0.05799268105753312,43.6,,4,0,0
2025-04-20 00:00:00,1500.0,6.0,46.6,110.0,1020.0,7.0,0.09,3.61,7.3,0.22,5.0,1.6028446909546614,0.05744328375491041,43.2,,4,0,0
2025-04-20 00:00:00,900.0,5.8,46.6,49.0,424.0,7.0,0.08,3.81,7.3,0.23,5.0,1.5484349417625705,0.055800100240849596,43.5,,4,0,0
2025-04-20 00:00:00,700.0,5.58,46.6,49.0,424.0,7.0,0.08,3.76,7.3,0.23,5.0,1.5347201606036662,0.055797388531101354,43.5,,4,0,0
2025-04-20 00:00:00,1900.0,6.0,46.9,86.0,746.0,7.0,0.14,3.83,7.3,0.21,5.0,1.651978654176492,0.055695482626845524,43.3,,4,0,0
2025-04-20 00:00:00,1100.0,5.95,45.9,65.0,530.0,7.0,0.08,3.81,7.3,0.23,5.0,1.5632508895399648,0.056077337502722986,43.4,,4,0,0
2025-04-20 00:00:00,1300.0,5.99,46.3,65.0,530.0,7.0,0.08,3.55,7.3,0.23,5.0,1.5704497960585968,0.05669890992649278,43.4,,4,0,0
2025-04-21 00:00:00,2100.0,8.45,45.4,61.0,590.0,7.0,0.1,3.04,7.3,0.29,5.0,1.575595000536879,0.05917160701814232,41.8,,4,0,0
2025-04-21 00:00:00,700.0,8.09,46.6,117.0,1092.0,7.0,0.05,3.62,7.3,0.26,5.0,1.5433356665719007,0.05912072782773589,43.6,,4,0,0
2025-04-21 00:00:00,900.0,8.21,47.4,177.0,1621.0,7.0,0.04,3.86,7.3,0.22,5.0,1.4695750512851664,0.055686888706515,44.0,,4,0,0
2025-04-21 00:00:00,1100.0,8.35,47.2,163.0,1596.0,7.0,0.04,3.82,7.3,0.38,5.0,1.4623996249021993,0.0573850600898245,43.7,,4,0,0
2025-04-21 00:00:00,1300.0,8.42,47.4,146.0,1504.0,7.0,0.05,3.73,7.3,0.25,5.0,1.5664774866479874,0.05623101760347832,43.2,,4,0,0
2025-04-21 00:00:00,1500.0,8.24,47.1,130.0,1120.0,7.0,0.13,3.59,7.3,0.28,5.0,1.6273119341050848,0.05710184536377964,42.3,,4,0,0
2025-04-21 00:00:00,1700.0,8.34,46.0,96.0,896.0,7.0,0.26,3.27,7.3,0.33,5.0,1.644319787848954,0.059108217134510234,42.0,,4,0,0
2025-04-21 00:00:00,1900.0,8.41,45.1,76.0,750.0,7.0,1.0,3.11,7.3,0.32,5.0,1.618225015345513,0.052336049880725447,41.9,,4,0,0
2025-04-21 00:00:00,2300.0,8.76,47.5,61.0,590.0,7.0,1.2,3.01,7.3,4.82,5.0,1.581568457294101,0.05641432083317093,42.1,,4,0,0
2025-04-21 00:00:00,100.0,8.8,47.0,57.0,565.0,7.0,0.91,2.71,7.3,2.21,5.0,1.5059677467365722,0.05834499605780336,42.1,,4,0,0
2025-04-21 00:00:00,300.0,8.8,47.1,53.0,531.0,7.0,0.65,2.94,7.3,0.83,5.0,1.5444284040035292,0.05802333206290706,42.0,,4,0,0
2025-04-21 00:00:00,500.0,8.8,47.5,49.0,483.0,7.0,0.52,3.42,7.3,0.61,5.0,1.6552641721014694,0.05452178764537601,42.1,,4,0,0
2025-04-22 00:00:00,2300.0,8.64,45.2,47.0,481.0,7.0,1.4,3.26,7.3,0.71,5.0,1.656981770505697,0.05283009155423492,42.8,,4,0,0
2025-04-22 00:00:00,100.0,8.93,47.3,45.0,470.0,7.0,0.81,3.07,7.3,0.68,5.0,1.5681618212152946,0.05437150938462185,42.5,,4,0,0
2025-04-22 00:00:00,300.0,8.9,47.0,44.0,455.0,7.0,0.95,3.18,7.3,0.67,5.0,1.615031208624888,0.05430422926336149,42.8,,4,0,0
2025-04-22 00:00:00,2100.0,8.51,45.6,49.0,490.0,7.0,1.23,3.21,7.3,0.62,5.0,1.623076662998962,0.05287350859611662,42.1,,4,0,0
2025-04-22 00:00:00,500.0,8.77,46.1,42.0,430.0,7.0,1.24,3.33,7.3,0.77,5.0,1.6665248172214107,0.05221964471089438,42.7,,4,0,0
2025-04-22 00:00:00,1900.0,8.53,46.5,50.0,490.0,7.0,0.91,3.15,7.3,0.53,5.0,1.564762138244581,0.05305645465880978,43.0,,4,0,0
2025-04-22 00:00:00,900.0,8.82,47.7,51.0,499.0,7.0,0.37,3.48,7.3,0.71,5.0,1.6578849348527798,0.053908561953725946,42.8,,4,0,0
2025-04-22 00:00:00,1500.0,8.61,46.5,66.0,640.0,7.0,0.86,3.2,7.3,0.67,5.0,1.6171867518259242,0.05286820475828275,43.0,,4,0,0
2025-04-22 00:00:00,1300.0,8.79,47.0,74.0,733.0,7.0,0.57,3.13,7.3,0.86,5.0,1.6406535967692681,0.05653830736782729,42.5,,4,0,0
2025-04-22 00:00:00,1100.0,8.81,47.4,102.0,991.0,7.0,0.5,3.35,7.3,0.7,5.0,1.6568058692632814,0.05746583250693394,42.8,,4,0,0
2025-04-22 00:00:00,700.0,8.81,47.6,49.0,483.0,7.0,0.6,3.52,7.3,0.4,5.0,1.6848377680774376,0.056376933329143786,41.2,,4,0,0
2025-04-22 00:00:00,1700.0,8.56,45.7,67.0,640.0,7.0,0.51,3.09,7.3,0.63,5.0,1.5917857018741872,0.053470421336647915,42.4,,4,0,0
2025-04-23 00:00:00,1900.0,7.83,48.4,35.0,349.0,7.0,1.6,2.69,7.3,0.92,5.0,1.486750175388288,0.056166651493770904,41.9,,4,0,0
2025-04-23 00:00:00,500.0,8.02,46.3,32.0,341.0,7.0,2.7,3.03,7.3,2.67,5.0,1.8365080715272428,0.053151078969846166,42.3,,4,0,0
2025-04-23 00:00:00,300.0,8.08,46.7,32.0,341.0,7.0,5.1,3.23,7.3,2.8,5.0,1.740934378347873,0.053824736904384184,42.2,,4,0,0
2025-04-23 00:00:00,100.0,8.12,47.8,34.0,346.0,7.0,5.1,3.12,7.3,6.42,5.0,1.6995824064675749,0.05343781003036957,42.4,,4,0,0
2025-04-23 00:00:00,2300.0,8.31,48.1,36.0,349.0,7.0,4.4,2.86,7.3,11.9,5.0,1.6874280028416166,0.05728480729854576,42.3,,4,0,0
2025-04-23 00:00:00,1700.0,7.97,46.2,35.0,349.0,7.0,1.6,2.71,7.3,0.92,5.0,1.4903775188317128,0.05339841707988369,41.9,,4,0,0
2025-04-23 00:00:00,2100.0,7.77,48.0,36.0,349.0,7.0,1.6,2.78,7.3,0.94,5.0,1.4921107616006481,0.056166651493770904,41.9,,4,0,0
2025-04-23 00:00:00,1300.0,8.2,45.2,36.0,349.0,7.0,1.6,2.88,7.3,1.0,5.0,1.484504898906534,0.05486625165040649,43.1,,4,0,0
2025-04-23 00:00:00,1100.0,8.3,45.2,37.0,359.0,7.0,1.6,3.22,7.3,0.92,5.0,1.5818623749224214,0.05360275471885336,43.3,,4,0,0
2025-04-23 00:00:00,900.0,8.38,45.8,39.0,372.0,7.0,1.8,3.38,7.3,0.9,5.0,1.6060234271154599,0.052640077322277094,43.1,,4,0,0
2025-04-23 00:00:00,700.0,8.63,46.1,42.0,408.0,7.0,0.8,3.35,7.3,0.8,5.0,1.6055942983649212,0.05266503812954613,43.1,,4,0,0
2025-04-23 00:00:00,1500.0,8.04,46.9,35.0,349.0,7.0,1.6,2.83,7.3,0.92,5.0,1.4903775188317128,0.05656986190942724,42.0,,4,0,0
2025-04-24 00:00:00,100.0,6.73,47.4,25.0,218.0,7.0,0.39,3.47,7.3,0.74,5.0,1.512213339437349,0.052821956499691326,43.1,,4,0,0
2025-04-24 00:00:00,2300.0,6.87,47.4,26.0,218.0,7.0,0.39,3.43,7.3,1.5,5.0,1.4901220982540067,0.05268358931904974,43.3,,4,0,0
2025-04-24 00:00:00,2100.0,6.68,47.6,27.0,220.0,7.0,0.4,3.36,7.3,0.59,5.0,1.5238222937361097,0.05291137583271738,42.6,,4,0,0
2025-04-24 00:00:00,1900.0,6.74,48.7,28.0,220.0,7.0,0.36,3.22,7.3,0.59,5.0,1.5465219731410609,0.05328281204111263,42.4,,4,0,0
2025-04-24 00:00:00,1700.0,6.84,47.2,27.0,220.0,7.0,0.35,3.13,7.3,0.6,5.0,1.5327185257869314,0.05374557961998609,42.3,,4,0,0
2025-04-24 00:00:00,1300.0,7.25,48.3,27.0,220.0,7.0,0.31,3.2,7.3,0.3,5.0,1.5273523955994304,0.053166895968340004,43.3,,4,0,0
2025-04-24 00:00:00,1100.0,7.35,48.1,27.0,220.0,7.0,0.8,3.14,7.3,0.3,5.0,1.4695581209951294,0.05365539906255238,42.8,,4,0,0
2025-04-24 00:00:00,900.0,7.84,48.4,31.0,297.0,7.0,0.8,3.33,7.3,0.28,5.0,1.5472673066573457,0.05455171716603172,42.8,,4,0,0
2025-04-24 00:00:00,700.0,7.94,48.5,30.0,284.0,7.0,0.8,3.31,7.3,1.4,5.0,1.5378664756837468,0.05432196951800685,42.5,,4,0,0
2025-04-24 00:00:00,300.0,6.63,47.6,24.0,216.0,7.0,0.39,3.51,7.3,0.46,5.0,1.4775046943771977,0.052448886297853325,43.4,,4,0,0
2025-04-24 00:00:00,1500.0,6.97,47.9,28.0,220.0,7.0,0.39,3.17,7.3,0.76,5.0,1.5017719858746652,0.05386681541783032,42.3,,4,0,0
2025-04-24 00:00:00,500.0,6.17,47.6,24.0,216.0,7.0,0.39,3.55,7.3,0.46,5.0,1.53285222876778,0.05241880864657351,43.2,,4,0,0
2025-04-25 00:00:00,900.0,6.45,47.0,23.0,221.0,7.0,0.4,3.7,7.3,0.67,5.0,1.5030390695489027,0.05201681282589357,43.7,,4,0,0
2025-04-25 00:00:00,700.0,6.49,47.3,24.0,231.0,7.0,0.4,3.61,7.3,0.28,5.0,1.5112470433456198,0.05140321766387075,43.6,,4,0,0
2025-04-25 00:00:00,500.0,5.92,47.7,25.0,241.0,7.0,0.6,3.78,7.3,0.69,5.0,1.5212870976793567,0.05192355539691427,43.0,,4,0,0
2025-04-25 00:00:00,300.0,5.95,47.4,26.0,241.0,7.0,0.6,3.78,7.3,0.7,5.0,1.5035229269767305,0.05196761663583984,43.4,,4,0,0
2025-04-25 00:00:00,2300.0,6.09,48.4,28.0,252.0,7.0,0.5,3.78,7.3,0.78,5.0,1.5315019883897787,0.05210306882453346,42.7,,4,0,0
2025-04-25 00:00:00,2100.0,6.07,48.9,25.0,240.0,7.0,0.5,3.72,7.3,0.49,5.0,1.5014597685701363,0.051893508580507786,42.9,,4,0,0
2025-04-25 00:00:00,100.0,5.97,47.6,28.0,252.0,7.0,0.6,3.78,7.3,0.74,5.0,1.5260896053920634,0.05196259726170527,43.1,,4,0,0
2025-04-25 00:00:00,1700.0,5.96,46.3,27.0,250.0,7.0,0.5,3.14,7.3,0.41,5.0,1.5571713601112882,0.053363084767716,42.5,,4,0,0
2025-04-25 00:00:00,1500.0,5.97,46.2,24.0,231.0,7.0,0.5,3.34,7.3,0.48,5.0,1.5151988810249852,0.05493294411933107,42.5,,4,0,0
2025-04-25 00:00:00,1300.0,6.22,47.0,25.0,242.0,7.0,0.4,3.41,7.3,0.48,5.0,1.5765446760409292,0.05094735054165968,43.8,,4,0,0
2025-04-25 00:00:00,1100.0,6.31,46.6,33.0,318.0,7.0,0.3,3.58,7.3,0.52,5.0,1.5740065457326244,0.051178800990115084,43.5,,4,0,0
2025-04-25 00:00:00,1900.0,6.05,48.9,27.0,250.0,7.0,0.6,3.58,7.3,0.42,5.0,1.559903239853865,0.05140763720366067,42.8,,4,0,0
2025-04-26 00:00:00,1900.0,5.56,48.3,34.0,320.0,7.0,0.4,3.67,7.3,0.69,5.0,1.5475944401769617,0.0516855826087946,42.8,,4,0,0
2025-04-26 00:00:00,500.0,,52.0,37.0,342.0,7.0,0.38,3.46,7.3,0.38,5.0,1.4846103980530956,0.051219818117166235,43.8,,4,0,0
2025-04-26 00:00:00,300.0,,52.3,37.0,342.0,7.0,0.38,3.44,7.3,0.42,5.0,1.4846103980530956,0.05184703510353691,43.7,,4,0,0
2025-04-26 00:00:00,100.0,,52.4,36.0,336.0,7.0,0.38,3.42,7.3,0.5,5.0,1.4900129537376652,0.05188655885001147,43.8,,4,0,0
2025-04-26 00:00:00,2100.0,5.62,48.2,31.0,300.0,7.0,0.4,3.79,7.3,0.55,5.0,1.54336238425707,0.05078083357463275,42.8,,4,0,0
2025-04-26 00:00:00,1700.0,5.59,46.8,31.0,300.0,7.0,0.3,3.52,7.3,0.46,5.0,1.5682907471739145,0.05485908828934065,42.7,,4,0,0
2025-04-26 00:00:00,2300.0,,48.3,36.0,336.0,7.0,0.37,3.82,7.3,0.53,5.0,1.525896436308238,0.05026826071801027,44.0,,4,0,0
2025-04-26 00:00:00,1500.0,5.71,47.2,30.0,300.0,7.0,0.3,3.56,7.3,0.48,5.0,1.5713274429404203,0.05198315989194713,42.8,,4,0,0
2025-04-26 00:00:00,1300.0,5.83,47.2,27.0,250.0,7.0,0.4,3.6,7.3,0.5,3.0,1.3483865867633722,0.052347871427929224,44.1,,4,0,0
2025-04-26 00:00:00,1100.0,5.89,47.8,23.0,224.0,7.0,0.4,3.67,7.3,0.6,5.0,1.4903663561584617,0.05149999679536158,44.2,,4,0,0
2025-04-26 00:00:00,900.0,5.96,48.1,25.0,242.0,7.0,0.4,3.7,7.3,0.8,5.0,1.5444888323860586,0.05192723847957642,43.9,,4,0,0
2025-04-26 00:00:00,700.0,5.94,47.4,24.0,233.0,7.0,0.7,3.82,7.3,0.7,5.0,1.5066007484794424,0.05116974622341614,44.1,,4,0,0
2025-04-27 00:00:00,500.0,6.64,47.6,51.0,511.0,7.0,0.26,3.8,7.3,0.24,5.0,1.5780543916661522,0.05234060387647662,43.4,,4,0,0
2025-04-27 00:00:00,300.0,6.59,47.7,62.0,624.0,7.0,0.24,3.8,7.3,0.27,5.0,1.6326149194540902,0.05298233415832717,43.6,,4,0,0
2025-04-27 00:00:00,100.0,6.54,48.0,74.0,742.0,7.0,0.2,3.8,7.3,0.34,5.0,1.6074681131390378,0.05313313507079238,43.9,,4,0,0
2025-04-27 00:00:00,2300.0,6.57,48.1,87.0,874.0,7.0,0.2,3.8,7.3,0.43,5.0,1.5806962894619045,0.05290233967106261,44.2,,4,0,0
2025-04-27 00:00:00,2100.0,5.9,47.8,57.0,418.0,7.0,0.17,3.72,7.3,0.36,5.0,1.5521635830701221,0.05268406346932635,44.1,,4,0,0
2025-04-27 00:00:00,1900.0,5.9,48.2,63.0,427.0,7.0,0.24,3.51,7.3,0.36,5.0,1.557698518581859,0.05204194093687369,44.0,,4,0,0
2025-04-27 00:00:00,1700.0,5.92,47.2,61.0,426.0,7.0,0.23,3.68,7.3,0.35,5.0,1.5753345867062374,0.05466931331430517,44.1,,4,0,0
2025-04-27 00:00:00,1500.0,5.92,47.0,54.0,412.0,7.0,0.23,3.71,7.3,0.37,5.0,1.5807561075582863,0.0552675734626443,43.8,,4,0,0
2025-04-27 00:00:00,1300.0,5.91,47.1,45.0,407.0,7.0,0.2,3.65,7.3,0.41,5.0,1.5515029835162912,0.055547064384420475,43.7,,4,0,0
2025-04-27 00:00:00,1100.0,5.97,47.2,51.0,414.0,7.0,0.2,3.66,7.3,0.44,5.0,1.5659505256438508,0.05458570944615333,44.0,,4,0,0
2025-04-27 00:00:00,700.0,5.81,47.4,39.0,379.0,7.0,0.4,3.65,7.3,0.41,5.0,1.5425215613781043,0.05189028598344994,44.0,,4,0,0
2025-04-27 00:00:00,900.0,5.95,47.3,46.0,391.0,7.0,0.4,3.68,7.3,0.48,5.0,1.5790655294412743,0.053182419451618466,44.0,,4,0,0
2025-04-28 00:00:00,300.0,6.08,48.0,35.0,337.0,7.0,0.04,3.78,7.3,0.16,5.0,1.5686819678546882,0.051086320347937496,43.0,,4,0,0
2025-04-28 00:00:00,1900.0,6.22,48.8,42.0,381.0,7.0,0.04,3.83,7.3,0.16,5.0,1.5301237289142628,0.05029991741018439,42.9,,4,0,0
2025-04-28 00:00:00,100.0,6.19,48.4,37.0,351.0,7.0,0.04,3.8,7.3,0.16,5.0,1.5607280057661181,0.05092507215343267,43.1,,4,0,0
2025-04-28 00:00:00,2300.0,6.24,48.5,39.0,379.0,7.0,0.04,3.83,7.3,0.16,5.0,1.551948577969762,0.05043270037343544,43.2,,4,0,0
2025-04-28 00:00:00,2100.0,6.25,48.5,39.0,379.0,7.0,0.04,3.84,7.3,0.16,5.0,1.6166605288338658,0.05082206255129784,42.9,,4,0,0
2025-04-28 00:00:00,500.0,6.05,47.8,34.0,314.0,7.0,0.05,3.76,7.3,0.16,5.0,1.5704144462352378,0.053038161023933904,43.0,,4,0,0
2025-04-28 00:00:00,1700.0,6.36,49.5,46.0,405.0,7.0,0.04,3.83,7.3,0.16,5.0,1.5193851510059062,0.05028356420602933,43.0,,4,0,0
2025-04-28 00:00:00,1300.0,5.89,49.0,54.0,412.0,7.0,0.04,3.8,7.3,0.17,5.0,1.561239331071705,0.0496873393363088,42.2,,4,0,0
2025-04-28 00:00:00,1100.0,5.89,48.6,58.0,590.0,7.0,0.04,3.8,7.3,0.25,5.0,1.5685621293916152,0.049859051444102506,42.2,,4,0,0
2025-04-28 00:00:00,900.0,5.89,47.9,48.0,480.0,7.0,0.07,3.81,7.3,0.37,5.0,1.5623112098984238,0.05322743057628094,42.5,,4,0,0
2025-04-28 00:00:00,700.0,5.89,47.5,49.0,480.0,7.0,0.9,3.82,7.3,0.28,5.0,1.546684935253011,0.052450989415297966,42.5,,4,0,0
2025-04-28 00:00:00,1500.0,6.31,49.0,52.0,412.0,7.0,0.04,3.82,7.3,0.16,5.0,1.5526430965791411,0.05071012711420573,42.9,,4,0,0
2025-04-29 00:00:00,2300.0,5.87,47.0,55.0,424.0,7.0,0.08,3.64,7.3,0.19,5.0,1.5530443011075044,0.055889892018347584,43.2,,4,0,0
2025-04-29 00:00:00,500.0,6.09,47.0,34.0,341.0,7.0,0.08,3.46,7.3,0.2,5.0,1.5653681184116828,0.05419777507835762,43.2,,4,0,0
2025-04-29 00:00:00,300.0,6.01,47.0,41.0,324.0,7.0,0.08,3.78,7.3,0.2,5.0,1.554218106606089,0.054489717080482926,43.2,,4,0,0
2025-04-29 00:00:00,100.0,5.95,47.0,48.0,350.0,7.0,0.08,3.78,7.3,0.18,5.0,1.5664184648981208,0.05408050905903263,43.2,,4,0,0
2025-04-29 00:00:00,2100.0,5.83,45.8,40.0,385.0,7.0,0.06,3.63,7.3,0.19,5.0,1.553004642291258,0.05792557009539299,43.2,,4,0,0
2025-04-29 00:00:00,1100.0,5.89,46.8,34.0,314.0,7.0,0.05,3.67,7.3,0.17,5.0,1.5563037807793818,0.05618697189249731,42.3,,4,0,0
2025-04-29 00:00:00,1700.0,5.8,47.9,33.0,341.0,7.0,0.05,3.58,7.3,0.19,5.0,1.5492841171827807,0.05270502914464652,43.2,,4,0,0
2025-04-29 00:00:00,1900.0,5.74,46.5,35.0,360.0,7.0,0.06,3.61,7.3,0.19,5.0,1.5440582095523452,0.056159205202638826,43.2,,4,0,0
2025-04-29 00:00:00,900.0,5.89,46.7,37.0,350.0,7.0,0.05,3.78,7.3,0.17,5.0,1.5574323110718504,0.05480738452332275,42.4,,4,0,0
2025-04-29 00:00:00,700.0,5.89,47.8,34.0,314.0,7.0,0.05,3.8,7.3,0.17,5.0,1.5520717248594902,0.05183698759768752,42.3,,4,0,0
2025-04-29 00:00:00,1300.0,5.89,46.4,31.0,300.0,7.0,0.07,3.6,7.3,0.18,5.0,1.5632463396126104,0.056442008793232475,42.3,,4,0,0
2025-04-29 00:00:00,1500.0,5.93,47.2,33.0,341.0,7.0,0.05,3.6,7.3,0.18,5.0,1.5907461536663794,0.05280913925675422,43.1,,4,0,0
2025-04-30 00:00:00,700.0,5.89,46.5,44.0,450.0,7.0,0.05,3.5,7.3,0.2,5.0,1.5774997221821012,0.054181204034428346,42.3,,4,0,0
2025-04-30 00:00:00,500.0,5.07,47.0,34.0,341.0,7.0,0.05,3.64,7.3,0.18,5.0,1.5207185326126866,0.05520092579869926,43.2,,4,0,0
2025-04-30 00:00:00,100.0,5.36,47.0,35.0,360.0,7.0,0.05,3.45,7.3,0.18,5.0,1.5285400252692596,0.053871170994914466,43.8,,4,0,0
2025-04-30 00:00:00,2300.0,5.46,47.8,35.0,360.0,7.0,0.04,3.34,7.3,0.19,5.0,1.5375639805246315,0.054239011988262115,43.8,,4,0,0
2025-04-30 00:00:00,2100.0,5.42,47.2,37.0,405.0,7.0,0.04,3.32,7.3,0.2,5.0,1.536984026096857,0.055218527330887106,43.8,,4,0,0
2025-04-30 00:00:00,300.0,5.14,46.5,34.0,341.0,7.0,0.05,3.54,7.3,0.18,5.0,1.5467737582443855,0.05567462841501713,43.2,,4,0,0
2025-04-30 00:00:00,1700.0,5.61,47.0,39.0,410.0,7.0,0.05,3.27,7.3,0.21,5.0,1.551874106918324,0.055056164744822375,43.8,,4,0,0
2025-04-30 00:00:00,1500.0,5.81,46.0,48.0,475.0,7.0,0.06,3.22,7.3,0.35,5.0,1.5943196947913518,0.0576531587355297,43.1,,4,0,0
2025-04-30 00:00:00,1300.0,5.94,45.8,49.0,450.0,7.0,0.08,3.23,7.3,0.5,5.0,1.6174313688148245,0.05671700434200873,42.3,,4,0,0
2025-04-30 00:00:00,1100.0,5.96,46.3,55.0,480.0,7.0,0.08,3.29,7.3,0.23,5.0,1.6098301654864084,0.056267754942387886,42.3,,4,0,0
2025-04-30 00:00:00,900.0,5.89,46.0,61.0,590.0,7.0,0.05,3.45,7.3,0.21,5.0,1.5821954748035947,0.05417691457475173,42.4,,4,0,0
2025-04-30 00:00:00,1900.0,5.61,46.6,39.0,410.0,7.0,0.04,3.24,7.3,0.21,5.0,1.5758694860119946,0.056454633845865076,43.8,,4,0,0
2025-05-01 00:00:00,500.0,5.69,49.8,50.0,414.0,7.0,0.04,3.68,7.3,0.19,5.0,1.5359819314402514,0.05124708536214232,44.5,,5,0,0
2025-05-01 00:00:00,300.0,5.4,49.8,45.0,392.0,7.0,0.04,3.54,7.3,0.19,5.0,1.4812964301171976,0.05065309203247346,44.3,,5,0,0
2025-05-01 00:00:00,100.0,5.22,49.8,41.0,376.0,7.0,0.04,3.45,7.3,0.19,5.0,1.5127687513091512,0.05065309203247346,44.2,,5,0,0
2025-05-01 00:00:00,2300.0,4.98,49.2,30.0,329.0,7.0,0.04,3.34,7.3,0.19,5.0,1.5157863059284735,0.04995281433072493,44.4,,5,0,0
2025-05-01 00:00:00,2100.0,4.93,49.1,29.0,310.0,7.0,0.04,3.38,7.3,0.19,5.0,1.509734781317128,0.04966185673012571,44.4,,5,0,0
2025-05-01 00:00:00,1500.0,5.1,47.8,34.0,351.0,7.0,0.04,3.71,7.3,0.19,5.0,1.4508306609533306,0.050728666568759184,45.0,,5,0,0
2025-05-01 00:00:00,1700.0,5.04,48.3,31.0,345.0,7.0,0.04,3.51,7.3,0.2,5.0,1.46548981891028,0.04972989240256773,44.9,,5,0,0
2025-05-01 00:00:00,1300.0,5.14,49.2,34.0,314.0,7.0,0.04,3.71,7.3,0.2,5.0,1.5251161771488646,0.05207002901787935,43.0,,5,0,0
2025-05-01 00:00:00,1100.0,5.05,48.6,35.0,314.0,7.0,0.04,3.76,7.3,0.19,5.0,1.5204081477501556,0.05111051948854055,43.1,,5,0,0
2025-05-01 00:00:00,900.0,4.91,48.7,37.0,320.0,7.0,0.05,3.76,7.3,0.21,5.0,1.496111813092533,0.05319832691422869,43.1,,5,0,0
2025-05-01 00:00:00,1900.0,4.97,47.8,29.0,312.0,7.0,0.03,3.42,7.3,0.2,5.0,1.576419481307749,0.04938208605007849,44.7,,5,0,0
2025-05-01 00:00:00,700.0,4.92,48.9,35.0,314.0,7.0,0.23,3.65,7.3,0.19,5.0,1.4802350287523958,0.054243428933833396,43.3,,5,0,0
2025-05-01 00:00:00,500.0,6.15,45.1,66.0,521.0,7.1,0.03,3.8,7.3,0.13,5.0,1.5,0.06,42.4,,1,2,1
2025-05-01 00:00:00,2300.0,5.76,45.0,79.0,572.0,7.1,0.03,3.81,7.3,0.11,5.0,1.5,0.06,42.5,,1,2,1
2025-05-01 00:00:00,700.0,5.59,45.1,41.0,490.0,7.1,0.06,3.82,7.3,0.13,5.0,1.6,0.05,42.7,,1,2,1
2025-05-01 00:00:00,900.0,5.62,45.2,53.0,538.0,7.1,0.05,3.74,7.3,0.13,5.0,1.6,0.05,42.7,,1,2,1
2025-05-01 00:00:00,1100.0,5.71,45.5,45.0,500.0,7.1,0.07,3.82,7.3,0.12,5.0,1.6,0.05,42.6,,1,2,1
2025-05-01 00:00:00,1300.0,5.68,45.3,54.0,538.0,7.1,0.07,3.81,7.3,0.12,5.0,1.6,0.05,42.8,,1,2,1
2025-05-01 00:00:00,1500.0,5.66,45.2,54.0,539.0,7.1,0.03,3.81,7.3,0.12,5.0,1.4,0.06,42.8,B/W no. 2,1,2,1
2025-05-01 00:00:00,1700.0,5.63,45.4,61.0,599.0,7.1,0.03,3.81,7.3,0.12,5.0,1.4,0.06,42.4,,1,2,1
2025-05-01 00:00:00,1900.0,5.62,45.4,56.0,542.0,7.1,0.03,3.81,7.3,0.11,5.0,1.4,0.06,42.5,,1,2,1
2025-05-01 00:00:00,2100.0,5.66,45.3,55.0,520.0,7.1,0.03,3.81,7.3,0.11,5.0,1.5,0.06,42.5,,1,2,1
2025-05-01 00:00:00,100.0,5.84,45.1,75.0,551.0,7.1,0.03,3.8,7.3,0.12,5.0,1.5,0.06,42.5,,1,2,1
2025-05-01 00:00:00,300.0,5.94,45.1,70.0,534.0,7.1,0.03,3.8,7.3,0.12,5.0,1.5,0.06,42.4,,1,2,1
2025-05-02 00:00:00,2300.0,5.61,48.2,50.0,414.0,7.0,0.06,3.83,7.3,0.22,5.0,1.523574957001398,0.05146497038122202,44.0,,5,0,0
2025-05-02 00:00:00,1300.0,7.63,46.6,32.0,280.0,7.0,0.69,3.54,7.3,0.91,5.0,1.3,0.06,42.4,,2,2,1
2025-05-02 00:00:00,1100.0,7.6,46.1,24.0,220.0,7.0,0.73,3.48,7.3,0.9,5.0,1.3,0.06,42.3,,2,2,1
2025-05-02 00:00:00,2100.0,5.53,48.8,54.0,465.0,7.0,0.06,3.83,7.3,0.22,5.0,1.4824356337135725,0.05131339820228637,44.3,,5,0,0
2025-05-02 00:00:00,700.0,5.69,49.2,50.0,414.0,7.0,0.06,3.67,7.3,0.19,5.0,1.5437712409768063,0.05420128458461947,43.2,,5,0,0
2025-05-02 00:00:00,1500.0,7.71,46.6,24.0,220.0,7.0,0.52,3.68,7.3,0.84,5.0,1.2,0.06,43.3,B/W no 5,2,2,1
2025-05-02 00:00:00,1700.0,7.79,46.0,25.0,220.0,7.0,0.31,3.77,7.3,0.7,5.0,1.3,0.06,43.3,,2,2,1
2025-05-02 00:00:00,2100.0,7.79,46.2,25.0,220.0,7.0,0.32,3.79,7.3,0.62,5.0,1.3,0.06,43.5,,2,2,1
2025-05-02 00:00:00,2300.0,7.78,46.2,30.0,274.0,7.0,0.18,3.65,7.3,0.62,5.0,1.4,0.06,43.5,,2,2,1
2025-05-02 00:00:00,100.0,7.73,45.0,20.0,187.0,7.0,0.1,3.5,7.3,0.3,5.0,1.5,0.06,43.3,,2,2,1
2025-05-02 00:00:00,300.0,7.7,44.0,18.0,164.0,7.0,0.04,3.47,7.3,0.21,5.0,1.6,0.06,43.3,,2,2,1
2025-05-02 00:00:00,500.0,7.66,44.0,15.0,141.0,7.0,0.04,3.4,7.3,0.2,5.0,1.6,0.06,43.3,,2,2,1
2025-05-02 00:00:00,900.0,7.59,46.2,25.0,220.0,7.0,0.73,3.45,7.3,0.88,5.0,1.3,0.06,42.4,,2,2,1
2025-05-02 00:00:00,1100.0,5.63,49.7,100.0,975.0,7.0,0.06,3.79,7.3,0.2,5.0,1.4834017622696087,0.054408593294418134,43.5,,5,0,0
2025-05-02 00:00:00,900.0,5.7,49.6,50.0,414.0,7.0,0.06,3.68,7.3,0.19,5.0,1.5216384833567653,0.05441909630160319,43.2,,5,0,0
2025-05-02 00:00:00,100.0,5.13,48.2,45.0,400.0,7.0,0.09,3.82,7.3,0.22,5.0,1.5698385672372166,0.05231922234259751,44.0,,5,0,0
2025-05-02 00:00:00,300.0,6.07,48.1,49.0,404.0,7.0,0.09,3.82,7.3,0.22,5.0,1.5715530082221247,0.05180306671247274,44.0,,5,0,0
2025-05-02 00:00:00,500.0,6.43,48.0,50.0,414.0,7.0,0.22,3.8,7.3,0.22,5.0,1.5866461440479078,0.050900676788330525,44.0,,5,0,0
2025-05-02 00:00:00,1900.0,5.51,47.9,57.0,480.0,7.0,0.05,3.82,7.3,0.22,5.0,1.5264522048049598,0.05133985953197456,44.3,,5,0,0
2025-05-02 00:00:00,1900.0,7.8,45.8,25.0,220.0,7.0,0.32,3.76,7.3,0.68,5.0,1.3,0.06,43.5,,2,2,1
2025-05-02 00:00:00,1500.0,5.71,52.2,73.0,742.0,7.0,0.06,3.77,7.3,0.22,5.0,1.5474200587726594,0.05531352494176335,50.5,,5,0,0
2025-05-02 00:00:00,1300.0,5.68,49.8,73.0,742.0,7.0,0.05,3.75,7.3,0.23,5.0,1.4121446398406172,0.05126291241928022,45.1,,5,0,0
2025-05-02 00:00:00,700.0,7.55,46.5,21.0,185.0,7.0,1.1,3.45,7.3,0.73,5.0,1.3,0.06,42.4,B/W filter 2&6 (6.50am),2,2,1
2025-05-02 00:00:00,1700.0,5.58,48.5,61.0,532.0,7.0,0.06,3.79,7.3,0.22,5.0,1.5254506319558399,0.05108041737844398,44.4,,5,0,0
2025-05-03 00:00:00,900.0,6.21,48.4,102.0,920.0,7.0,0.09,3.78,7.3,0.27,5.0,1.6101305739279657,0.05278129592487559,42.8,,5,0,0
2025-05-03 00:00:00,900.0,5.69,46.1,34.0,380.0,7.0,0.12,3.8,7.3,0.17,5.0,1.5,0.06,42.6,B/W no 2,3,2,2
2025-05-03 00:00:00,1100.0,5.65,46.0,30.0,365.0,7.0,0.04,3.79,7.3,0.15,5.0,1.5,0.06,42.8,,3,2,2
2025-05-03 00:00:00,1300.0,5.8,46.8,29.0,360.0,7.0,0.04,3.82,7.3,0.16,5.0,1.6,0.06,42.7,,3,2,2
2025-05-03 00:00:00,1500.0,5.76,46.6,27.0,355.0,7.0,0.04,3.82,7.3,0.16,5.0,1.6,0.06,42.8,,3,2,2
2025-05-03 00:00:00,1700.0,5.62,46.2,22.0,218.0,7.0,0.04,3.67,7.3,0.16,5.0,1.6,0.06,43.8,,3,2,2
2025-05-03 00:00:00,1900.0,5.54,46.3,25.0,262.0,7.0,0.04,3.68,7.3,0.16,5.0,1.6,0.06,42.4,,3,2,2
2025-05-03 00:00:00,2100.0,5.48,44.8,29.0,310.0,7.0,0.04,3.68,7.3,0.15,5.0,1.6,0.06,42.4,,3,2,2
2025-05-03 00:00:00,100.0,5.42,46.5,27.0,300.0,7.0,0.06,3.69,7.3,0.15,5.0,1.6,0.06,42.2,,3,2,2
2025-05-03 00:00:00,300.0,5.32,46.5,27.0,300.0,7.0,0.06,3.7,7.3,0.15,5.0,1.6,0.06,42.2,,3,2,2
2025-05-03 00:00:00,500.0,5.27,46.5,27.0,300.0,7.0,0.06,3.71,7.3,0.15,5.0,1.6,0.06,42.2,,3,2,2
2025-05-03 00:00:00,300.0,4.92,47.0,39.0,374.0,7.0,0.03,3.78,7.3,0.2,5.0,1.6036860548821938,0.04991773194105633,44.3,,5,0,0
2025-05-03 00:00:00,100.0,5.12,47.3,40.0,424.0,7.0,0.04,3.78,7.3,0.2,5.0,1.5410391060586381,0.05081512219421086,44.3,,5,0,0
2025-05-03 00:00:00,2300.0,5.25,48.5,43.0,502.0,7.0,0.04,3.78,7.3,0.22,5.0,1.5338583286118574,0.0504075070356166,44.3,,5,0,0
2025-05-03 00:00:00,2100.0,5.38,48.9,48.0,551.0,7.0,0.03,3.77,7.3,0.23,5.0,1.5853304411344806,0.05034289038088627,44.3,,5,0,0
2025-05-03 00:00:00,1700.0,5.71,47.8,53.0,635.0,7.0,0.09,3.83,7.3,0.23,5.0,1.6455734756161096,0.051855306175665083,44.4,,5,0,0
2025-05-03 00:00:00,1500.0,5.94,48.2,74.0,843.0,7.0,0.07,3.82,7.3,0.23,5.0,1.6564918241651916,0.05439164749260789,44.3,,5,0,0
2025-05-03 00:00:00,1300.0,6.18,48.0,95.0,896.0,7.0,0.07,3.8,7.3,0.24,5.0,1.5987646111427471,0.05594496266561803,42.9,,5,0,0
2025-05-03 00:00:00,1100.0,6.18,48.2,109.0,925.0,7.0,0.07,3.8,7.3,0.24,5.0,1.5946887909550587,0.05470711574568676,42.8,,5,0,0
2025-05-03 00:00:00,700.0,5.87,45.3,39.0,386.0,7.0,0.12,3.72,7.3,0.15,5.0,1.5,0.06,43.0,,3,2,2
2025-05-03 00:00:00,700.0,6.3,48.4,96.0,896.0,7.0,0.31,3.81,7.3,0.22,5.0,1.592325703567563,0.054212918657371774,42.8,,5,0,0
2025-05-03 00:00:00,500.0,4.84,46.8,37.0,303.0,7.0,0.03,3.78,7.3,0.2,5.0,1.5260306907774182,0.050265478383380975,44.3,,5,0,0
2025-05-03 00:00:00,1900.0,5.53,47.6,52.0,619.0,7.0,0.03,3.68,7.3,0.24,5.0,1.5985553378141886,0.052344072367899154,44.3,,5,0,0
2025-05-03 00:00:00,2300.0,5.49,44.2,29.0,310.0,7.0,0.08,3.66,7.3,0.18,5.0,1.6,0.06,42.2,B/W filter no.3&6 (10.00pm),3,2,2
2025-05-04 00:00:00,2300.0,4.86,47.5,38.0,305.0,7.0,0.04,3.68,7.3,0.22,5.0,1.517566672848583,0.050908091137481196,44.9,,5,0,0
2025-05-04 00:00:00,1300.0,4.43,47.3,40.0,316.0,7.0,0.04,3.8,7.3,0.22,5.0,1.5193680742506546,0.05096273626876662,44.6,,5,0,0
2025-05-04 00:00:00,1100.0,4.46,47.3,40.0,316.0,7.0,0.04,3.8,7.3,0.2,5.0,1.5502930869522926,0.05096273626876662,44.8,,5,0,0
2025-05-04 00:00:00,900.0,4.72,47.3,40.0,316.0,7.0,0.04,3.8,7.3,0.2,5.0,1.5594386466886216,0.050432876072711685,44.8,,5,0,0
2025-05-04 00:00:00,700.0,4.74,47.5,38.0,305.0,7.0,0.03,3.81,7.3,0.2,5.0,1.6099905301287278,0.05013447314179461,44.5,,5,0,0
2025-05-04 00:00:00,300.0,5.89,46.6,72.0,670.0,7.0,0.05,3.82,7.3,0.11,5.0,1.6,0.05,43.3,,4,2,2
2025-05-04 00:00:00,100.0,5.63,46.9,62.0,580.0,7.0,0.05,3.82,7.3,0.12,5.0,1.6,0.05,43.4,,4,2,2
2025-05-04 00:00:00,2300.0,5.39,47.0,54.0,485.0,7.0,0.05,3.82,7.3,0.12,5.0,1.5,0.05,43.4,,4,2,2
2025-05-04 00:00:00,1700.0,4.87,45.6,44.0,380.0,7.0,0.04,3.58,7.3,0.25,5.0,1.5548195295824312,0.05265039824597075,44.8,,5,0,0
2025-05-04 00:00:00,1900.0,4.82,47.3,41.0,365.0,7.0,0.03,3.62,7.3,0.22,5.0,1.6245334146646824,0.050769583005721375,44.7,,5,0,0
2025-05-04 00:00:00,2100.0,4.72,47.7,43.0,371.0,7.0,0.03,3.65,7.3,0.22,5.0,1.6273935689654668,0.050769583005721375,44.9,,5,0,0
2025-05-04 00:00:00,1500.0,4.83,46.4,36.0,315.0,7.0,0.04,3.82,7.3,0.22,5.0,1.5030293593041042,0.05076876366685173,44.9,,5,0,0
2025-05-04 00:00:00,500.0,6.26,46.8,85.0,755.0,7.0,0.06,3.82,7.3,0.11,5.0,1.6,0.05,43.4,,4,2,2
2025-05-04 00:00:00,300.0,5.12,46.3,50.0,412.0,7.0,0.04,3.65,7.3,0.22,5.0,1.5720668666298745,0.05136460575486973,44.6,,5,0,0
2025-05-04 00:00:00,500.0,5.49,48.0,72.0,514.0,7.0,0.04,3.63,7.3,0.21,5.0,1.5124845530348974,0.05048427001665707,44.6,,5,0,0
2025-05-04 00:00:00,2100.0,5.34,47.2,30.0,350.0,7.0,0.05,3.76,7.3,0.13,5.0,1.6,0.05,42.5,,4,2,2
2025-05-04 00:00:00,1900.0,5.39,47.4,49.0,450.0,7.0,0.05,3.61,7.3,0.15,5.0,1.6,0.05,42.4,,4,2,2
2025-05-04 00:00:00,1700.0,5.41,46.7,48.0,450.0,7.0,0.06,3.73,7.3,0.23,5.0,1.6,0.05,42.4,,4,2,2
2025-05-04 00:00:00,1500.0,5.45,46.0,61.0,540.0,7.0,0.27,3.79,7.3,0.2,5.0,1.6,0.05,42.4,B/W filter no.1&2 (2.00pm),4,2,2
2025-05-04 00:00:00,1300.0,5.48,47.4,61.0,509.0,7.0,0.27,3.81,7.3,0.2,5.0,1.6,0.05,43.2,,4,2,2
2025-05-04 00:00:00,1100.0,5.62,47.6,64.0,521.0,7.0,0.27,3.78,7.3,0.19,5.0,1.6,0.05,43.4,,4,2,2
2025-05-04 00:00:00,900.0,5.8,46.7,51.0,480.0,7.0,0.29,3.82,7.3,0.2,5.0,1.5,0.05,43.3,,4,2,2
2025-05-04 00:00:00,700.0,5.9,46.5,37.0,348.0,7.0,0.28,3.82,7.3,0.2,5.0,1.5,0.05,43.3,,4,2,2
2025-05-04 00:00:00,100.0,4.92,47.0,47.0,355.0,7.0,0.04,3.68,7.3,0.22,5.0,1.5270821653540536,0.05088898064391378,44.8,,5,0,0
2025-05-05 00:00:00,2300.0,4.46,46.4,37.0,365.0,7.0,0.05,3.68,7.3,0.23,5.0,1.4918392149300315,0.05927778988122204,43.1,,5,0,0
2025-05-05 00:00:00,1100.0,4.94,48.0,68.0,720.0,7.0,0.03,3.47,7.3,0.21,5.0,1.6201997705617939,0.05008587592876461,44.7,,5,0,0
2025-05-05 00:00:00,500.0,4.67,45.2,48.0,450.0,7.0,0.05,3.44,7.3,0.22,5.0,1.516042945329762,0.057051946625217204,43.0,,5,0,0
2025-05-05 00:00:00,2100.0,4.62,47.2,36.0,365.0,7.0,0.03,3.73,7.3,0.23,5.0,1.5984717302092295,0.05042516724216593,44.8,,5,0,0
2025-05-05 00:00:00,1900.0,4.68,47.6,43.0,422.0,7.0,0.03,3.73,7.3,0.23,5.0,1.6885082435844687,0.050778794170584445,44.8,,5,0,0
2025-05-05 00:00:00,1700.0,4.72,47.8,50.0,486.0,7.0,0.04,3.69,7.3,0.23,5.0,1.5207956606383297,0.05134323192739025,44.5,,5,0,0
2025-05-05 00:00:00,1500.0,4.77,47.5,55.0,520.0,7.0,0.04,3.57,7.3,0.22,5.0,1.487550235244719,0.05021100129221091,44.7,,5,0,0
2025-05-05 00:00:00,1300.0,4.81,48.1,61.0,689.0,7.0,0.04,3.54,7.3,0.23,5.0,1.4601303193006467,0.05044164382396769,44.7,,5,0,0
2025-05-05 00:00:00,100.0,4.58,46.4,46.0,450.0,7.0,0.05,3.59,7.3,0.22,5.0,1.5138873376163229,0.05590538525254476,43.1,,5,0,0
2025-05-05 00:00:00,900.0,5.13,47.3,90.0,890.0,7.0,0.04,3.73,7.3,0.21,5.0,1.3812748141268327,0.053444799398501955,45.6,,5,0,0
2025-05-05 00:00:00,700.0,5.28,47.2,107.0,920.0,7.0,0.04,3.69,7.3,0.21,5.0,1.385308033805321,0.051365451593665956,44.8,,5,0,0
2025-05-05 00:00:00,300.0,4.64,45.2,47.0,450.0,7.0,0.05,3.56,7.3,0.22,5.0,1.5089659514955063,0.0556458513035804,43.0,,5,0,0
2025-05-06 00:00:00,1900.0,4.57,47.2,41.0,371.0,7.0,0.04,3.56,7.3,0.24,5.0,1.498316998270759,0.05082796091185393,44.9,,5,0,0
2025-05-06 00:00:00,2100.0,4.54,47.5,40.0,356.0,7.0,0.04,3.28,7.3,0.24,5.0,1.498753783596441,0.05113888413857607,44.9,,5,0,0
2025-05-06 00:00:00,1300.0,4.6,46.9,38.0,359.0,7.0,0.05,3.39,7.3,0.25,5.0,1.5776796137047913,0.052360032635297406,44.8,,5,0,0
2025-05-06 00:00:00,2300.0,4.34,48.6,44.0,390.0,7.0,0.05,3.27,7.3,0.25,5.0,1.5200248363802913,0.057868564874930445,43.0,,5,0,0
2025-05-06 00:00:00,1700.0,4.58,47.8,43.0,390.0,7.0,0.04,3.28,7.3,0.24,5.0,1.498753783596441,0.05139585464036262,44.9,,5,0,0
2025-05-06 00:00:00,1500.0,4.55,47.5,36.0,342.0,7.0,0.05,3.45,7.3,0.25,5.0,1.516276937546929,0.05214492322823121,44.9,,5,0,0
2025-05-06 00:00:00,1100.0,4.7,47.6,32.0,353.0,7.0,0.04,3.64,7.3,0.22,5.0,1.433257572272453,0.05001909614142168,45.0,,5,0,0
2025-05-06 00:00:00,900.0,4.81,49.2,33.0,365.0,7.0,0.05,3.47,7.3,0.22,5.0,1.526827968247446,0.0514860559481241,44.6,,5,0,0
2025-05-06 00:00:00,100.0,4.54,48.6,44.0,390.0,7.0,0.05,3.4,7.3,0.23,5.0,1.5128497926525986,0.05638252697703542,43.0,,5,0,0
2025-05-06 00:00:00,300.0,4.57,46.9,26.0,250.0,7.0,0.05,3.44,7.3,0.23,5.0,1.509966279204707,0.05797010989080644,43.1,,5,0,0
2025-05-06 00:00:00,700.0,4.87,47.9,44.0,390.0,7.0,0.04,3.4,7.3,0.21,5.0,1.545386154454682,0.051074132964928166,44.6,,5,0,0
2025-05-06 00:00:00,500.0,4.6,46.9,26.0,250.0,7.0,0.05,3.47,7.3,0.23,5.0,1.509966279204707,0.05797010989080644,43.1,,5,0,0
2025-05-07 00:00:00,700.0,4.79,47.8,24.0,250.0,7.0,0.05,3.56,7.3,0.23,5.0,1.5016307344566087,0.050477501630545464,44.9,,5,0,0
2025-05-07 00:00:00,1300.0,4.67,51.8,29.0,315.0,7.0,0.03,3.3,7.3,0.25,5.0,1.5468746785343694,0.05102858564138746,44.6,,5,0,0
2025-05-07 00:00:00,500.0,4.26,46.5,29.0,290.0,7.0,0.03,3.58,7.3,0.24,5.0,1.48849874175173,0.05549321140493311,43.2,,5,0,0
2025-05-07 00:00:00,1500.0,4.65,49.3,27.0,291.0,7.0,0.05,3.36,7.3,0.25,5.0,1.5254515434351925,0.049932558171204136,44.6,,5,0,0
2025-05-07 00:00:00,1700.0,4.58,48.0,30.0,304.0,7.0,0.04,3.5,7.3,0.25,5.0,1.505775677180023,0.05006538318427349,44.8,,5,0,0
2025-05-07 00:00:00,900.0,4.75,47.7,24.0,250.0,7.0,0.04,3.59,7.3,0.23,5.0,1.4808146129910844,0.050178491856479504,45.0,,5,0,0
2025-05-07 00:00:00,1100.0,4.71,47.1,26.0,290.0,7.0,0.04,3.47,7.3,0.23,5.0,1.4888058237194872,0.04993667931677095,44.9,,5,0,0
2025-05-07 00:00:00,2100.0,4.61,47.2,27.0,290.0,7.0,0.04,3.42,7.3,0.25,5.0,1.4843563429860058,0.04993667931677095,45.0,,5,0,0
2025-05-07 00:00:00,2300.0,4.36,48.9,29.0,300.0,7.0,0.04,3.5,7.3,0.25,5.0,1.4868927679637067,0.05593480298621206,43.3,,5,0,0
2025-05-07 00:00:00,300.0,4.3,46.5,29.0,290.0,7.0,0.03,3.57,7.3,0.24,5.0,1.48849874175173,0.05542840101432256,43.2,,5,0,0
2025-05-07 00:00:00,100.0,4.32,46.4,29.0,290.0,7.0,0.03,3.56,7.3,0.24,5.0,1.48849874175173,0.05450257189010575,43.2,,5,0,0
2025-05-07 00:00:00,1900.0,4.85,47.2,34.0,324.0,7.0,0.04,3.61,7.3,0.25,5.0,1.5053027224994344,0.05073237278413793,44.8,,5,0,0
2025-05-08 00:00:00,500.0,3.88,47.0,23.0,250.0,7.0,0.04,3.65,7.3,0.25,5.0,1.4378415705609258,0.057953449688815876,43.3,,5,0,0
2025-05-08 00:00:00,300.0,3.9,47.0,23.0,250.0,7.0,0.04,3.66,7.3,0.25,5.0,1.4378415705609258,0.057953449688815876,43.3,,5,0,0
2025-05-08 00:00:00,100.0,3.94,47.3,23.0,250.0,7.0,0.04,3.56,7.3,0.25,5.0,1.4432975158676384,0.05791450574192495,43.3,,5,0,0
2025-05-08 00:00:00,2300.0,3.97,47.3,27.0,300.0,7.0,0.04,3.48,7.3,0.26,5.0,1.450662242302375,0.05781537053409397,43.2,,5,0,0
2025-05-08 00:00:00,1900.0,4.14,47.3,30.0,300.0,7.0,0.04,3.46,7.3,0.26,5.0,1.4542930224684067,0.05127544057243289,45.1,,5,0,0
2025-05-08 00:00:00,1700.0,4.07,47.3,28.0,292.0,7.0,0.04,3.53,7.3,0.26,5.0,1.4542930224684067,0.050866803703047594,45.0,,5,0,0
2025-05-08 00:00:00,1500.0,4.16,47.8,28.0,294.0,7.0,0.04,3.5,7.3,0.26,5.0,1.4542930224684067,0.05133870935082106,45.4,,5,0,0
2025-05-08 00:00:00,1300.0,4.19,47.5,27.0,291.0,7.0,0.03,3.48,7.3,0.23,5.0,1.5190512601389083,0.05090221652266098,45.2,,5,0,0
2025-05-08 00:00:00,900.0,4.31,47.6,23.0,250.0,7.0,0.04,3.59,7.3,0.23,5.0,1.4663462586597373,0.0508902115772721,45.2,,5,0,0
2025-05-08 00:00:00,700.0,4.36,48.0,27.0,291.0,7.0,0.04,3.52,7.3,0.23,5.0,1.4865674030724298,0.05121232474097541,44.2,,5,0,0
2025-05-08 00:00:00,2100.0,4.17,47.4,25.0,238.0,7.0,0.03,3.5,7.3,0.25,5.0,1.5059348849822516,0.05079253690798906,45.0,,5,0,0
2025-05-08 00:00:00,1100.0,4.21,47.7,23.0,250.0,7.0,0.03,3.67,7.3,0.23,5.0,1.517996728490127,0.05151760872966238,45.0,,5,0,0
2025-05-09 00:00:00,1100.0,3.92,47.6,25.0,255.0,7.0,0.04,3.51,7.3,0.24,5.0,1.4542930224684067,0.051120843137851,45.2,,5,0,0
2025-05-09 00:00:00,300.0,3.94,54.0,25.0,261.0,7.0,0.22,3.82,7.3,0.32,5.0,1.2,0.05,48.6,,9,2,2
2025-05-09 00:00:00,700.0,4.01,48.0,26.0,255.0,7.0,0.04,3.43,7.3,0.24,5.0,1.464445263787501,0.05093898361311334,44.5,,5,0,0
2025-05-09 00:00:00,500.0,3.74,47.6,27.0,284.0,7.0,0.03,3.49,7.3,0.25,5.0,1.5403288578715613,0.04992561262514934,44.6,,5,0,0
2025-05-09 00:00:00,300.0,3.75,46.8,25.0,248.0,7.0,0.03,3.4,7.3,0.25,5.0,1.547986708201844,0.05108501420805274,44.7,,5,0,0
2025-05-09 00:00:00,100.0,3.74,47.3,24.0,220.0,7.0,0.03,3.34,7.3,0.24,5.0,1.4657000245965057,0.05051080934991415,44.3,,5,0,0
2025-05-09 00:00:00,2300.0,3.78,46.3,24.0,220.0,7.0,0.04,3.32,7.3,0.27,5.0,1.4440934803715495,0.05228731768401275,44.8,,5,0,0
2025-05-09 00:00:00,2100.0,3.97,45.5,22.0,208.0,7.0,0.03,3.46,7.3,0.27,5.0,1.4997369165038281,0.05346355214296615,44.6,,5,0,0
2025-05-09 00:00:00,500.0,3.51,53.0,40.0,372.0,7.0,0.22,3.46,7.3,0.33,5.0,1.2,0.05,48.6,,9,2,2
2025-05-09 00:00:00,1700.0,3.89,47.7,24.0,220.0,7.0,0.04,3.6,7.3,0.27,5.0,1.4506654362022597,0.05113329170165046,44.7,,5,0,0
2025-05-09 00:00:00,1500.0,3.88,48.4,29.0,294.0,7.0,0.04,3.52,7.3,0.27,5.0,1.4961764313023367,0.050866803703047594,44.7,,5,0,0
2025-05-09 00:00:00,1300.0,3.89,49.8,25.0,255.0,7.0,0.04,3.56,7.3,0.27,5.0,1.4862780960722572,0.05113329170165046,44.7,,5,0,0
2025-05-09 00:00:00,900.0,4.01,47.9,28.0,300.0,7.0,0.04,3.46,7.3,0.24,5.0,1.4542930224684067,0.050866803703047594,44.9,,5,0,0
2025-05-09 00:00:00,1900.0,3.92,47.8,22.0,208.0,7.0,0.03,3.46,7.3,0.27,5.0,1.4719568928606526,0.051258551627402976,44.5,,5,0,0
2025-05-09 00:00:00,100.0,3.42,54.0,20.0,201.0,7.0,0.2,3.82,7.3,0.32,5.0,1.2,0.05,48.5,,9,2,2
2025-05-09 00:00:00,700.0,3.57,53.0,20.0,220.0,7.0,0.12,3.8,7.3,0.29,5.0,1.4,0.05,48.8,,9,2,2
2025-05-09 00:00:00,900.0,,53.0,18.0,200.0,7.0,0.14,3.81,7.3,0.3,5.0,1.5,0.05,48.8,,9,2,2
2025-05-09 00:00:00,1100.0,,53.0,18.0,200.0,7.0,0.13,3.81,7.3,0.31,5.0,1.3,0.05,48.8,,9,2,2
2025-05-09 00:00:00,1300.0,,53.0,20.0,200.0,7.0,0.13,3.8,7.3,0.31,5.0,1.3,0.05,48.8,,9,2,2
2025-05-09 00:00:00,1500.0,3.43,53.9,16.0,197.0,7.0,0.14,3.83,7.3,0.3,5.0,1.3,0.05,48.8,,9,2,2
2025-05-09 00:00:00,1700.0,3.44,55.7,16.0,197.0,7.0,0.12,3.83,7.3,0.3,5.0,1.4,0.05,48.9,,9,2,2
2025-05-09 00:00:00,1900.0,3.45,55.7,15.0,189.0,7.0,0.13,3.84,7.3,0.3,5.0,1.4,0.05,48.8,,9,2,2
2025-05-09 00:00:00,2100.0,3.44,55.4,14.0,158.0,7.0,0.17,3.84,7.3,0.31,5.0,1.0,0.05,48.7,,9,2,2
2025-05-09 00:00:00,2300.0,3.45,56.4,14.0,158.0,7.0,0.17,3.84,7.3,0.31,5.0,1.1,0.05,48.5,,9,2,2
2025-05-10 00:00:00,100.0,4.68,53.1,4.0,66.0,7.0,0.09,3.81,7.3,0.46,5.0,1.3,0.06,48.3,,10,2,1
2025-05-10 00:00:00,2300.0,4.7,52.8,3.0,61.0,7.0,0.11,3.81,7.3,0.47,5.0,1.3,0.06,48.4,,10,2,1
2025-05-10 00:00:00,2100.0,4.71,53.2,4.0,66.0,7.0,0.08,3.83,7.3,0.49,5.0,1.4,0.06,48.4,,10,2,1
2025-05-10 00:00:00,1900.0,4.67,53.6,5.0,83.0,7.0,0.08,3.83,7.3,0.53,5.0,1.3,0.06,48.3,,10,2,1
2025-05-10 00:00:00,1700.0,4.41,52.2,15.0,167.0,7.0,0.27,3.84,7.3,0.55,5.0,1.1,0.06,48.3,,10,2,1
2025-05-10 00:00:00,700.0,4.55,53.2,23.0,298.0,7.0,0.35,3.83,7.3,0.83,5.0,1.3,0.06,48.2,,10,2,1
2025-05-10 00:00:00,1300.0,4.71,52.9,22.0,285.0,7.0,0.18,3.72,7.3,0.7,5.0,1.1,0.06,48.2,,10,2,1
2025-05-10 00:00:00,1100.0,4.72,53.1,22.0,285.0,7.0,0.34,3.84,7.3,0.75,5.0,1.3,0.06,48.6,,10,2,1
2025-05-10 00:00:00,900.0,4.73,53.3,22.0,285.0,7.0,0.34,3.84,7.3,0.83,5.0,1.3,0.06,48.3,,10,2,1
2025-05-10 00:00:00,300.0,4.55,53.2,4.0,66.0,7.0,0.08,3.81,7.3,0.46,5.0,1.4,0.06,48.4,,10,2,1
2025-05-10 00:00:00,1500.0,4.69,52.0,21.0,240.0,7.0,0.21,3.83,7.3,0.64,5.0,1.1,0.06,48.3,,10,2,1
2025-05-10 00:00:00,500.0,4.54,53.3,4.0,66.0,7.0,0.08,3.81,7.3,0.45,5.0,1.4,0.06,48.3,,10,2,1
2025-05-10 00:00:00,100.0,3.9,46.2,42.0,440.0,7.0,0.1,3.5,7.3,0.86,5.0,1.540705212826138,0.058040606602635096,43.2,,5,0,0
2025-05-10 00:00:00,1100.0,3.87,49.1,26.0,290.0,7.0,0.03,3.34,7.3,0.25,5.0,1.5040750982952353,0.050698777545388735,44.5,,5,0,0
2025-05-10 00:00:00,2300.0,3.89,46.3,50.0,460.0,7.0,0.1,3.55,7.3,0.87,5.0,1.540705212826138,0.05666457422802749,43.2,,5,0,0
2025-05-10 00:00:00,2100.0,3.96,47.3,30.0,329.0,7.0,0.68,3.53,7.3,0.68,5.0,1.4735326021517046,0.052173346091005865,44.8,,5,0,0
2025-05-10 00:00:00,1900.0,3.83,47.3,31.0,332.0,7.0,0.6,3.4,7.3,0.7,5.0,1.5510876840068322,0.052173346091005865,44.8,,5,0,0
2025-05-10 00:00:00,1700.0,3.81,47.4,32.0,318.0,7.0,0.03,3.46,7.3,0.28,5.0,1.5478182938161815,0.05046583895812114,44.7,,5,0,0
2025-05-10 00:00:00,1500.0,3.82,47.2,31.0,332.0,7.0,0.03,3.48,7.3,0.28,5.0,1.4854621217584523,0.0503656404403762,44.9,,5,0,0
2025-05-10 00:00:00,1300.0,3.84,47.7,30.0,329.0,7.0,0.03,3.45,7.3,0.27,5.0,1.5478182938161815,0.050462296867008156,44.7,,5,0,0
2025-05-10 00:00:00,300.0,4.32,44.2,42.0,440.0,7.0,0.04,3.48,7.3,0.27,5.0,1.5116090240159044,0.054999046180387645,43.0,,5,0,0
2025-05-10 00:00:00,900.0,3.95,48.5,29.0,305.0,7.0,0.03,3.31,7.3,0.25,5.0,1.4717157767217446,0.05105504031827716,44.4,,5,0,0
2025-05-10 00:00:00,700.0,3.92,47.7,44.0,447.0,7.0,0.03,3.43,7.3,0.25,5.0,1.5335120660449475,0.05268692788090004,44.1,,5,0,0
2025-05-10 00:00:00,500.0,4.34,44.2,42.0,440.0,7.0,0.04,3.46,7.3,0.27,5.0,1.5116090240159044,0.05621941789441394,43.0,,5,0,0
2025-05-11 00:00:00,1500.0,4.95,48.4,107.0,900.0,7.0,0.04,3.7,7.3,0.29,5.0,1.3976946367679157,0.05078363409721535,44.4,,5,0,0
2025-05-11 00:00:00,1700.0,4.7,48.2,69.0,679.0,7.0,0.04,3.3,7.3,0.29,5.0,1.4973079310989073,0.051527310357465377,44.4,,5,0,0
2025-05-11 00:00:00,1900.0,4.82,47.4,86.0,852.0,7.0,0.04,3.81,7.3,0.29,5.0,1.5153148465524613,0.05250449107357093,44.2,,5,0,0
2025-05-11 00:00:00,2100.0,4.99,47.5,74.0,760.0,7.0,0.04,3.82,7.3,0.29,5.0,1.5268928673542101,0.051459954118261146,44.4,,5,0,0
2025-05-11 00:00:00,2100.0,4.54,50.7,39.0,365.0,7.0,0.04,3.81,7.0,0.28,5.0,1.5,0.05,46.5,,11,2,1
2025-05-11 00:00:00,1300.0,5.04,48.4,114.0,920.0,7.0,0.04,3.63,7.3,0.29,5.0,1.4211162588809434,0.050430948734441206,44.4,,5,0,0
2025-05-11 00:00:00,100.0,5.42,47.3,68.0,680.0,7.0,0.04,3.81,7.3,0.29,5.0,1.5858348059057432,0.05155715770104596,44.2,,5,0,0
2025-05-11 00:00:00,300.0,6.22,48.4,93.0,843.0,7.0,0.04,3.8,7.3,0.28,5.0,1.528200736117122,0.052209534457759506,44.4,,5,0,0
2025-05-11 00:00:00,500.0,6.34,47.8,76.0,934.0,7.0,0.04,3.8,7.3,0.28,5.0,1.6260381685734417,0.053975723313359855,44.3,,5,0,0
2025-05-11 00:00:00,1900.0,4.04,51.2,42.0,387.0,7.0,0.04,3.76,7.0,0.29,5.0,1.4,0.05,46.5,,11,2,1
2025-05-11 00:00:00,2300.0,4.99,47.2,58.0,468.0,7.0,0.04,3.78,7.3,0.29,5.0,1.5075382562078214,0.05128223588293825,44.3,,5,0,0
2025-05-11 00:00:00,700.0,3.78,52.2,49.0,504.0,7.0,0.04,3.81,7.3,0.26,5.0,1.7,0.05,47.2,,11,2,1
2025-05-11 00:00:00,2300.0,4.64,52.0,38.0,341.0,7.0,0.04,3.81,7.3,0.28,5.0,1.5,0.05,46.5,,11,2,1
2025-05-11 00:00:00,1100.0,3.68,52.4,40.0,426.0,7.0,0.04,3.85,7.3,0.25,5.0,1.2,0.05,47.2,,11,2,1
2025-05-11 00:00:00,1500.0,3.88,52.7,33.0,358.0,7.0,0.05,3.84,7.3,0.28,5.0,1.4,0.05,46.5,,11,2,1
2025-05-11 00:00:00,1300.0,2.65,52.1,36.0,374.0,7.0,0.04,3.84,7.3,0.27,5.0,1.1,0.05,47.2,,11,2,1
2025-05-11 00:00:00,900.0,3.74,52.0,46.0,486.0,7.0,0.04,3.83,7.3,0.24,5.0,1.6,0.05,47.3,,11,2,1
2025-05-11 00:00:00,700.0,5.13,48.4,51.0,460.0,7.0,0.04,3.46,7.3,0.27,5.0,1.506687069638011,0.0503893846519904,44.3,,5,0,0
2025-05-11 00:00:00,900.0,5.28,47.8,61.0,573.0,7.0,0.04,3.54,7.3,0.26,5.0,1.5241568467101339,0.051508833395092594,44.3,,5,0,0
2025-05-11 00:00:00,1100.0,5.2,46.7,116.0,935.0,7.0,0.04,3.62,7.3,0.26,5.0,1.4286877629402654,0.04953246257229792,44.6,,5,0,0
2025-05-11 00:00:00,500.0,5.8,52.2,46.0,424.0,7.0,0.04,3.81,7.3,0.26,5.0,1.6,0.05,47.0,,11,2,1
2025-05-11 00:00:00,300.0,5.42,52.1,43.0,401.0,7.0,0.04,3.81,7.3,0.26,5.0,1.5,0.05,47.0,,11,2,1
2025-05-11 00:00:00,1700.0,3.97,51.4,43.0,395.0,7.0,0.04,3.84,7.0,0.37,5.0,1.4,0.05,46.5,,11,2,1
2025-05-11 00:00:00,100.0,4.97,52.0,40.0,381.0,7.0,0.04,3.81,7.3,0.27,5.0,1.5,0.05,47.0,,11,2,1
2025-05-12 00:00:00,1300.0,7.54,47.0,112.0,874.0,7.0,0.04,3.61,7.3,0.31,5.0,1.546634895651991,0.051240601659893865,44.6,,5,0,0
2025-05-12 00:00:00,1500.0,7.18,47.2,83.0,850.0,7.0,0.04,3.69,7.3,0.3,5.0,1.6084566275469807,0.053740038366365095,42.8,,5,0,0
2025-05-12 00:00:00,1700.0,6.99,49.0,72.0,740.0,7.0,0.06,3.8,7.3,0.39,5.0,1.5879665878522522,0.04970908064292781,43.0,,5,0,0
2025-05-12 00:00:00,1900.0,6.74,47.8,88.0,890.0,7.0,0.05,3.8,7.3,0.32,5.0,1.6101462960743023,0.05267277786445461,42.8,,5,0,0
2025-05-12 00:00:00,2100.0,6.55,49.0,58.0,468.0,7.0,0.04,3.82,7.3,0.31,5.0,1.580247965806892,0.04998811014995646,42.9,,5,0,0
2025-05-12 00:00:00,2300.0,6.69,49.1,58.0,475.0,7.0,0.04,3.84,7.3,0.3,5.0,1.5540753687937214,0.05055083225620123,44.2,,5,0,0
2025-05-12 00:00:00,100.0,6.44,49.0,53.0,468.0,7.0,0.03,3.83,7.3,0.29,5.0,1.6262867926744518,0.05127356113412658,44.2,,5,0,0
2025-05-12 00:00:00,1100.0,7.59,48.6,152.0,1021.0,7.0,0.04,3.53,7.3,0.29,5.0,1.3120012134052932,0.050043676255078204,44.5,,5,0,0
2025-05-12 00:00:00,1500.0,4.5,55.0,17.0,165.0,7.0,0.04,3.84,7.3,0.24,5.0,1.0,0.05,52.0,,12,3,1
2025-05-12 00:00:00,700.0,7.27,47.5,218.0,1110.0,7.0,0.04,3.53,7.3,0.28,5.0,1.2913708024564052,0.051410683596790234,44.3,,5,0,0
2025-05-12 00:00:00,500.0,4.65,51.3,14.0,150.0,7.0,0.04,3.84,7.3,0.23,5.0,1.5,0.05,46.4,,12,2,1
2025-05-12 00:00:00,300.0,4.6,51.2,14.0,150.0,7.0,0.04,3.84,7.3,0.26,5.0,1.5,0.05,46.3,,12,2,1
2025-05-12 00:00:00,100.0,4.58,51.5,15.0,150.0,7.0,0.04,3.7,7.3,0.26,5.0,1.5,0.05,46.3,,12,2,1
2025-05-12 00:00:00,2300.0,4.74,51.3,16.0,150.0,7.0,0.04,3.84,7.3,0.26,5.0,1.9,0.05,46.5,B/W No.6,12,2,1
2025-05-12 00:00:00,2100.0,4.34,51.5,16.0,151.0,7.0,0.04,3.81,7.3,0.25,5.0,1.5,0.05,47.1,,12,2,1
2025-05-12 00:00:00,300.0,6.22,47.2,46.0,429.0,7.0,0.03,3.8,7.3,0.29,5.0,1.6036529069868064,0.05212829433811423,44.1,,5,0,0
2025-05-12 00:00:00,1700.0,4.38,52.6,17.0,165.0,7.0,0.04,3.83,7.3,0.25,5.0,1.0,0.05,46.5,,12,2,1
2025-05-12 00:00:00,900.0,7.48,47.0,194.0,1054.0,7.0,0.04,3.41,7.3,0.28,5.0,1.2722150190203831,0.05180285335778491,44.7,,5,0,0
2025-05-12 00:00:00,1900.0,4.36,51.0,17.0,165.0,7.0,0.04,3.8,7.3,0.25,5.0,1.2,0.05,47.1,,12,2,1
2025-05-12 00:00:00,500.0,6.06,47.6,42.0,421.0,7.0,0.03,3.77,7.3,0.29,5.0,1.5949803466991845,0.051927208698060064,44.1,,5,0,0
2025-05-12 00:00:00,1300.0,4.62,55.3,18.0,180.0,7.0,0.03,3.84,7.3,0.23,5.0,1.0,0.05,52.1,,12,3,1
2025-05-12 00:00:00,1100.0,4.74,55.4,18.0,180.0,7.0,0.03,3.7,7.3,0.23,5.0,1.0,0.05,52.0,,12,3,1
2025-05-12 00:00:00,900.0,4.91,54.1,24.0,240.0,7.0,0.03,3.84,7.3,0.22,5.0,1.1,0.05,52.0,,12,3,1
2025-05-12 00:00:00,700.0,4.86,54.1,28.0,280.0,7.0,0.03,3.84,7.3,0.22,5.0,1.1,0.05,52.1,,12,3,1
2025-05-13 00:00:00,1100.0,5.78,47.6,46.0,412.0,7.0,0.04,3.57,7.3,0.29,5.0,1.5555043764078715,0.05155281837452148,44.4,,5,0,0
2025-05-13 00:00:00,1300.0,,47.7,43.0,398.0,7.0,0.03,3.78,7.3,0.28,5.0,1.5722147047207597,0.05319529391270625,43.7,,5,0,0
2025-05-13 00:00:00,500.0,6.01,47.5,45.0,431.0,7.0,0.04,3.75,7.3,0.31,5.0,1.5503561250280444,0.055768686063692306,43.9,,5,0,0
2025-05-13 00:00:00,100.0,5.58,47.1,51.0,470.0,7.0,0.03,3.8,7.3,0.33,5.0,1.5802863617112428,0.051586323560586934,44.0,,5,0,0
2025-05-13 00:00:00,300.0,5.8,46.9,48.0,455.0,7.0,0.03,3.79,7.3,0.32,5.0,1.5750393802755918,0.05301148886408507,43.9,,5,0,0
2025-05-13 00:00:00,2100.0,5.5,46.2,60.0,490.0,7.0,0.04,3.78,7.3,0.34,5.0,1.5518090654091412,0.05276753040342121,42.7,,5,0,0
2025-05-13 00:00:00,900.0,5.84,47.8,68.0,498.0,7.0,0.04,3.44,7.3,0.29,5.0,1.5480438089830992,0.05134589116394101,44.5,,5,0,0
2025-05-13 00:00:00,700.0,5.89,48.0,42.0,421.0,7.0,0.04,3.46,7.3,0.29,5.0,1.5534949186993534,0.05145550344438613,44.4,,5,0,0
2025-05-13 00:00:00,1500.0,5.63,49.5,90.0,890.0,7.0,0.04,3.76,7.3,0.36,5.0,1.5410541794728916,0.05273694401217831,42.8,,5,0,0
2025-05-13 00:00:00,1700.0,5.56,49.5,68.0,498.0,7.0,0.04,3.81,7.3,0.36,5.0,1.5283866636902677,0.05098969610748473,42.7,,5,0,0
2025-05-13 00:00:00,2300.0,5.57,47.4,54.0,484.0,7.0,0.03,3.81,7.3,0.33,5.0,1.5895148269281751,0.053938997978096266,43.9,,5,0,0
2025-05-13 00:00:00,1900.0,5.48,46.6,60.0,490.0,7.0,0.04,3.78,7.3,0.35,5.0,1.5518090654091412,0.05277370780867737,42.7,,5,0,0
2025-05-14 00:00:00,500.0,5.32,45.8,65.0,720.0,7.0,0.03,3.55,7.3,0.34,5.0,1.608754880755797,0.0525996272976574,44.2,,5,0,0
2025-05-14 00:00:00,300.0,5.36,46.5,69.0,741.0,7.0,0.04,3.66,7.3,0.35,5.0,1.5219027827284068,0.05198671294808528,44.2,,5,0,0
2025-05-14 00:00:00,100.0,5.45,47.6,72.0,776.0,7.0,0.04,3.67,7.3,0.35,5.0,1.5416791558257965,0.05540198628879036,44.1,,5,0,0
2025-05-14 00:00:00,2100.0,5.51,46.1,88.0,890.0,7.0,0.04,3.78,7.3,0.36,5.0,1.5562543143101262,0.05113390781249092,42.8,,5,0,0
2025-05-14 00:00:00,1900.0,5.54,47.0,60.0,490.0,7.0,0.05,3.76,7.3,0.36,5.0,1.5562605099876334,0.05306147915952972,42.7,,5,0,0
2025-05-14 00:00:00,1700.0,5.67,47.0,59.0,490.0,7.0,0.06,3.79,7.3,0.36,5.0,1.5562605099876334,0.054298529002021194,42.8,,5,0,0
2025-05-14 00:00:00,700.0,6.06,46.4,45.0,431.0,7.0,0.04,3.72,7.3,0.31,5.0,1.5586155485884923,0.054246549396380205,44.2,,5,0,0
2025-05-14 00:00:00,900.0,6.03,46.6,43.0,428.0,7.0,0.04,3.72,7.3,0.31,5.0,1.5586155485884923,0.0538731544548831,44.3,,5,0,0
2025-05-14 00:00:00,1500.0,5.88,47.9,84.0,890.0,7.0,0.07,3.76,7.3,0.36,5.0,1.5699320407492552,0.05874014203467478,42.8,,5,0,0
2025-05-14 00:00:00,1100.0,6.05,47.2,99.0,972.0,7.0,0.04,3.82,7.3,0.31,5.0,1.565494408757395,0.05477153502375576,44.2,,5,0,0
2025-05-14 00:00:00,1300.0,6.0,47.8,100.0,980.0,7.0,0.05,3.69,7.3,0.36,5.0,1.542062428066336,0.0545305729218175,44.0,,5,0,0
2025-05-14 00:00:00,2300.0,5.51,52.4,74.0,835.0,7.0,0.04,3.69,7.3,0.35,5.0,1.4850650445338553,0.05404158143066396,44.2,,5,0,0
2025-05-15 00:00:00,500.0,4.68,48.7,41.0,450.0,7.0,0.04,3.65,7.3,0.35,5.0,1.4884888150769908,0.05031311125482188,44.2,,5,0,0
2025-05-15 00:00:00,300.0,4.76,47.1,42.0,459.0,7.0,0.04,3.73,7.3,0.36,5.0,1.500570205893189,0.05168640621598994,44.3,,5,0,0
2025-05-15 00:00:00,100.0,4.88,47.3,45.0,465.0,7.0,0.04,3.78,7.3,0.36,5.0,1.5068776566539905,0.050833873087253394,44.4,,5,0,0
2025-05-15 00:00:00,2100.0,4.94,47.7,50.0,485.0,7.0,0.04,3.79,7.3,0.36,5.0,1.5166448535551151,0.05328209845379363,42.8,,5,0,0
2025-05-15 00:00:00,1900.0,4.97,47.7,65.0,490.0,7.0,0.04,3.8,7.3,0.36,5.0,1.5233643311682736,0.05323472054385884,42.8,,5,0,0
2025-05-15 00:00:00,1700.0,5.06,47.9,68.0,498.0,7.0,0.04,3.8,7.3,0.36,5.0,1.5400711619495473,0.05327095022469979,43.1,,5,0,0
2025-05-15 00:00:00,1500.0,5.25,47.8,42.0,390.0,7.0,0.04,3.8,7.3,0.36,5.0,1.5380597137350978,0.05294714607453803,42.8,,5,0,0
2025-05-15 00:00:00,1300.0,5.28,47.0,45.0,430.0,7.0,0.03,3.82,7.3,0.37,5.0,1.663346240471841,0.05081516552457193,44.3,,5,0,0
2025-05-15 00:00:00,900.0,5.21,48.0,51.0,478.0,7.0,0.03,3.56,7.3,0.34,5.0,1.6472874357155762,0.05011423164984271,44.0,,5,0,0
2025-05-15 00:00:00,700.0,5.25,48.0,77.0,810.0,7.0,0.03,3.54,7.3,0.34,5.0,1.6226932552509392,0.05215502557919016,44.2,,5,0,0
2025-05-15 00:00:00,2300.0,4.96,47.5,47.0,480.0,7.0,0.04,3.81,7.3,0.36,5.0,1.505237657909711,0.05082045878640812,44.2,,5,0,0
2025-05-15 00:00:00,1100.0,5.26,46.6,56.0,546.0,7.0,0.03,3.66,7.3,0.34,5.0,1.6801956679339325,0.05273170013171882,44.1,,5,0,0
2025-05-16 00:00:00,1700.0,4.37,48.9,31.0,320.0,7.0,0.04,3.48,7.3,0.36,5.0,1.5041981065750063,0.05525670137086476,42.8,,5,0,0
2025-05-16 00:00:00,700.0,4.63,48.0,40.0,450.0,7.0,0.04,3.68,7.3,0.35,5.0,1.4873820380027154,0.05066244644997385,44.2,,5,0,0
2025-05-16 00:00:00,500.0,5.02,46.7,47.0,515.0,7.0,0.03,3.49,7.3,0.36,5.0,1.6640367208978037,0.051060535757091983,44.4,,5,0,0
2025-05-16 00:00:00,300.0,4.83,47.7,31.0,338.0,7.0,0.04,3.34,7.3,0.37,5.0,1.5071711702591493,0.05036346221996802,44.4,,5,0,0
2025-05-16 00:00:00,100.0,4.62,48.1,29.0,310.0,7.0,0.04,3.45,7.3,0.37,5.0,1.485609127395727,0.04982515397632146,44.3,,5,0,0
2025-05-16 00:00:00,2300.0,4.42,46.6,23.0,284.0,7.0,0.04,3.68,7.3,0.38,5.0,1.4752393700844724,0.05177170907505543,44.4,,5,0,0
2025-05-16 00:00:00,2100.0,4.34,46.6,31.0,320.0,7.0,0.04,3.65,7.3,0.36,5.0,1.497189673814752,0.05614893167683584,42.8,,5,0,0
2025-05-16 00:00:00,1900.0,4.32,46.2,32.0,320.0,7.0,0.04,3.64,7.3,0.36,5.0,1.497189673814752,0.055377846526091526,43.1,,5,0,0
2025-05-16 00:00:00,1500.0,4.53,47.3,42.0,390.0,7.0,0.04,3.36,7.3,0.36,5.0,1.5209746901445877,0.056747356036002845,42.7,,5,0,0
2025-05-16 00:00:00,1300.0,4.54,48.0,46.0,410.0,7.0,0.03,3.23,7.3,0.38,5.0,1.579127301552246,0.0547599774324491,43.8,,5,0,0
2025-05-16 00:00:00,1100.0,4.48,47.9,35.0,340.0,7.0,0.04,3.13,7.3,0.35,5.0,1.5204056446922087,0.05156996364213994,44.2,,5,0,0
2025-05-16 00:00:00,900.0,4.51,48.0,37.0,342.0,7.0,0.04,3.78,7.3,0.35,5.0,1.483209615857864,0.05041083658176705,44.2,,5,0,0
2025-05-17 00:00:00,100.0,5.11,47.6,86.0,780.0,7.0,0.04,3.06,7.3,0.39,5.0,1.5375661156251632,0.052768675608054226,44.5,,5,0,0
2025-05-17 00:00:00,2300.0,4.84,49.0,72.0,769.0,7.0,0.04,3.49,7.3,0.39,5.0,1.4408457408644966,0.05158779272915374,44.7,,5,0,0
2025-05-17 00:00:00,2100.0,4.79,47.1,64.0,750.0,7.0,0.04,3.8,7.3,0.36,5.0,1.5328527996063632,0.05433380302855671,43.1,,5,0,0
2025-05-17 00:00:00,1900.0,4.71,48.9,65.0,750.0,7.0,0.04,3.73,7.3,0.36,5.0,1.4709083695782423,0.05538174998220766,43.1,,5,0,0
2025-05-17 00:00:00,500.0,5.42,46.7,48.0,512.0,7.0,0.04,3.2,7.3,0.39,5.0,1.556459754165995,0.05159446922172727,44.4,,5,0,0
2025-05-17 00:00:00,700.0,5.09,47.0,51.0,574.0,7.0,0.03,3.36,7.3,0.36,5.0,1.6545728472510446,0.05442683995857697,42.2,,5,0,0
2025-05-17 00:00:00,900.0,5.09,46.2,154.0,930.0,7.0,0.04,3.42,7.3,0.37,5.0,1.418989366202079,0.050108373370671484,42.2,,5,0,0
2025-05-17 00:00:00,1300.0,4.91,47.1,60.0,700.0,7.0,0.04,3.51,7.3,0.36,5.0,1.5453335635704566,0.05139109676136974,42.5,,5,0,0
2025-05-17 00:00:00,1500.0,4.88,47.6,47.0,415.0,7.0,0.04,3.62,7.3,0.36,5.0,1.529730213624534,0.05465638200124249,43.1,,5,0,0
2025-05-17 00:00:00,300.0,5.27,47.2,60.0,549.0,7.0,0.04,3.08,7.3,0.39,5.0,1.5538890589417484,0.052062074070150295,44.4,,5,0,0
2025-05-17 00:00:00,1700.0,4.73,47.3,51.0,575.0,7.0,0.04,3.71,7.3,0.36,5.0,1.51221583800247,0.056205474892712486,43.1,,5,0,0
2025-05-17 00:00:00,1100.0,4.88,47.0,79.0,742.0,7.0,0.04,3.47,7.3,0.37,5.0,1.5409490583735932,0.05322233827044525,42.2,,5,0,0
2025-05-18 00:00:00,2300.0,4.91,49.0,35.0,472.0,7.0,0.05,3.46,7.3,0.42,5.0,1.527083894396902,0.05229979243008364,44.6,,5,0,0
2025-05-18 00:00:00,700.0,5.42,46.4,65.0,750.0,7.0,0.05,3.24,7.3,0.39,5.0,1.527973165959572,0.05167067104830283,44.7,,5,0,0
2025-05-18 00:00:00,900.0,5.36,45.1,86.0,781.0,7.0,0.05,2.96,7.3,0.41,5.0,1.4923030383428548,0.054767641618867414,44.3,,5,0,0
2025-05-18 00:00:00,1100.0,5.26,46.8,86.0,781.0,7.0,0.04,2.91,7.3,0.4,5.0,1.4909219078714138,0.05353897806541849,44.4,,5,0,0
2025-05-18 00:00:00,1300.0,5.24,47.5,84.0,760.0,7.0,0.04,2.99,7.3,0.44,5.0,1.4891371731780287,0.05590930671167424,44.4,,5,0,0
2025-05-18 00:00:00,1500.0,5.22,46.5,55.0,542.0,7.0,0.04,3.07,7.3,0.43,5.0,1.5154534030706297,0.052991933174568975,44.3,,5,0,0
2025-05-18 00:00:00,1700.0,5.02,46.7,43.0,480.0,7.0,0.04,3.24,7.3,0.43,5.0,1.5453140765837854,0.051725058718806456,44.4,,5,0,0
2025-05-18 00:00:00,1900.0,5.0,46.6,40.0,478.0,7.0,0.04,3.27,7.3,0.43,5.0,1.5143583938834457,0.05273802198813911,44.3,,5,0,0
2025-05-18 00:00:00,2100.0,5.0,46.7,35.0,472.0,7.0,0.04,3.29,7.3,0.43,5.0,1.5071711702591493,0.053184941666129935,44.2,,5,0,0
2025-05-18 00:00:00,100.0,4.92,48.7,35.0,471.0,7.0,0.04,3.34,7.3,0.42,5.0,1.5044671187118497,0.05095399574031578,44.4,,5,0,0
2025-05-18 00:00:00,300.0,4.97,48.8,31.0,450.0,7.0,0.04,3.45,7.3,0.42,5.0,1.520923551568984,0.04912236849550409,44.5,,5,0,0
2025-05-18 00:00:00,500.0,5.13,48.2,28.0,443.0,7.0,0.05,3.74,7.3,0.42,5.0,1.5472251091524358,0.04955770132635725,44.6,,5,0,0
2025-05-19 00:00:00,2300.0,4.46,46.5,26.0,394.0,7.0,0.03,3.81,7.3,0.43,5.0,1.5168800822347452,0.05047323041721192,44.4,,5,0,0
2025-05-19 00:00:00,100.0,4.4,47.0,22.0,274.0,7.0,0.03,3.72,7.3,0.41,5.0,1.5009454212238047,0.051767932427744655,44.1,,5,0,0
2025-05-19 00:00:00,1100.0,5.05,48.1,29.0,445.0,7.0,0.04,3.79,7.3,0.42,5.0,1.515019543224296,0.05054544538742346,43.1,,5,0,0
2025-05-19 00:00:00,500.0,4.41,47.0,15.0,170.0,7.0,0.03,3.29,7.3,0.41,5.0,1.562535600562056,0.051078599597614086,44.3,,5,0,0
2025-05-19 00:00:00,2100.0,4.49,47.0,27.0,398.0,7.0,0.03,3.81,7.3,0.43,5.0,1.5110844117981161,0.04943168583686651,44.3,,5,0,0
2025-05-19 00:00:00,300.0,4.4,47.0,20.0,210.0,7.0,0.03,3.78,7.3,0.41,5.0,1.5009454212238047,0.05177214206636698,44.1,,5,0,0
2025-05-19 00:00:00,1900.0,4.61,47.2,29.0,430.0,7.0,0.03,3.82,7.3,0.43,5.0,1.5030018830701852,0.04949321004373955,44.3,,5,0,0
2025-05-19 00:00:00,700.0,5.23,48.1,29.0,445.0,7.0,0.04,3.8,7.3,0.42,5.0,1.4961427964217195,0.050495805129223414,43.3,,5,0,0
2025-05-19 00:00:00,1500.0,4.83,47.9,32.0,468.0,7.0,0.04,3.82,7.3,0.43,5.0,1.4869055167976184,0.05015351369844334,44.4,,5,0,0
2025-05-19 00:00:00,1300.0,4.95,48.4,32.0,470.0,7.0,0.04,3.79,7.3,0.42,5.0,1.5053149267566974,0.050499316190022216,42.9,,5,0,0
2025-05-19 00:00:00,900.0,5.18,48.2,21.0,200.0,7.0,0.04,3.7,7.3,0.42,5.0,1.5372790277428545,0.05171525790731043,43.1,,5,0,0
2025-05-19 00:00:00,1700.0,4.72,47.1,31.0,465.0,7.0,0.03,3.82,7.3,0.44,5.0,1.515575855597997,0.049901822939046867,44.4,,5,0,0
2025-05-20 00:00:00,1700.0,4.32,47.7,51.0,570.0,7.0,0.03,3.79,7.3,0.44,5.0,1.594253875939828,0.051124566859255635,45.0,,5,0,0
2025-05-20 00:00:00,1300.0,4.3,48.0,30.0,420.0,7.0,0.04,3.74,7.3,0.46,5.0,1.487583928019644,0.05728187560235256,43.1,,5,0,0
2025-05-20 00:00:00,1100.0,4.36,46.1,30.0,420.0,7.0,0.04,3.76,7.3,0.46,5.0,1.4848649618217014,0.05503211723636161,43.1,,5,0,0
2025-05-20 00:00:00,100.0,4.04,47.5,34.0,354.0,7.0,0.03,3.34,7.3,0.44,5.0,1.535197559217973,0.051820665984337454,44.6,,5,0,0
2025-05-20 00:00:00,700.0,4.45,45.2,27.0,400.0,7.0,0.04,3.36,7.3,0.42,5.0,1.5140392655152721,0.055367593156636793,42.9,,5,0,0
2025-05-20 00:00:00,1900.0,4.27,47.3,38.0,500.0,7.0,0.03,3.77,7.3,0.45,5.0,1.579993485980991,0.051098959571832,45.0,,5,0,0
2025-05-20 00:00:00,900.0,4.42,46.0,28.0,400.0,7.0,0.04,3.31,7.3,0.42,5.0,1.5140392655152721,0.055993195186875115,42.9,,5,0,0
2025-05-20 00:00:00,2100.0,4.21,47.2,36.0,485.0,7.0,0.03,3.76,7.3,0.45,5.0,1.534090491070013,0.051369846345019565,45.0,,5,0,0
2025-05-20 00:00:00,1500.0,4.3,48.0,19.0,210.0,7.0,0.04,3.81,7.3,0.46,5.0,1.470961914577537,0.050213050708901835,44.8,,5,0,0
2025-05-20 00:00:00,300.0,4.02,47.0,29.0,272.0,7.0,0.03,3.46,7.3,0.44,5.0,1.5297950035334034,0.0507060823390818,44.6,,5,0,0
2025-05-20 00:00:00,2300.0,4.09,48.0,43.0,497.0,7.0,0.03,3.26,7.3,0.44,5.0,1.5501033919813731,0.051959101327749425,44.5,,5,0,0
2025-05-20 00:00:00,500.0,4.01,47.0,26.0,241.0,7.0,0.03,3.52,7.3,0.44,5.0,1.5297950035334034,0.05068729285371686,44.6,,5,0,0
2025-05-21 00:00:00,500.0,3.82,47.6,19.0,164.0,7.0,0.03,3.48,7.3,0.45,5.0,1.4885506169127511,0.05004650263860456,45.2,,5,0,0
2025-05-21 00:00:00,300.0,3.82,47.8,22.0,191.0,7.0,0.03,3.78,7.3,0.45,5.0,1.5912976507035772,0.050608890651275835,45.2,,5,0,0
2025-05-21 00:00:00,100.0,3.82,47.9,25.0,220.0,7.0,0.03,3.78,7.3,0.45,5.0,1.5133147938338822,0.05104631299837949,45.2,,5,0,0
2025-05-21 00:00:00,2300.0,3.86,48.1,27.0,243.0,7.0,0.03,3.81,7.3,0.46,5.0,1.5010480447623857,0.051657134403677196,45.3,,5,0,0
2025-05-21 00:00:00,2100.0,3.84,48.3,26.0,240.0,7.0,0.03,3.82,7.3,0.47,5.0,1.486022743640533,0.05132777149377506,45.3,,5,0,0
2025-05-21 00:00:00,1700.0,3.84,47.9,32.0,468.0,7.0,0.04,3.56,7.3,0.45,5.0,1.4387860296034949,0.050887854113203554,45.3,,5,0,0
2025-05-21 00:00:00,1900.0,3.86,47.9,27.0,240.0,7.0,0.04,3.8,7.3,0.47,5.0,1.455386661384232,0.05153071024104614,45.2,,5,0,0
2025-05-21 00:00:00,1300.0,3.99,48.6,27.0,240.0,7.0,0.04,3.79,7.3,0.45,5.0,1.4327873278246699,0.05813006475658297,43.3,,5,0,0
2025-05-21 00:00:00,1100.0,4.01,49.1,27.0,240.0,7.0,0.04,3.79,7.3,0.45,5.0,1.4280233596776968,0.05813006475658297,43.6,,5,0,0
2025-05-21 00:00:00,900.0,4.03,49.8,27.0,240.0,7.0,0.04,3.64,7.3,0.44,5.0,1.4300504247611985,0.05791450574192495,43.6,,5,0,0
2025-05-21 00:00:00,700.0,4.06,49.7,26.0,240.0,7.0,0.04,3.37,7.3,0.44,5.0,1.4403359747731475,0.05772019765338783,43.6,,5,0,0
2025-05-21 00:00:00,1500.0,3.13,47.0,27.0,240.0,7.0,0.04,3.78,7.3,0.45,5.0,1.45129037020643,0.05003941796116871,45.3,,5,0,0
2025-05-22 00:00:00,2100.0,3.74,49.8,42.0,415.0,7.0,0.03,3.66,7.3,0.49,5.0,1.5551186771952745,0.051169411785726975,45.4,,5,0,0
2025-05-22 00:00:00,300.0,3.76,49.0,34.0,320.0,7.0,0.04,3.78,7.3,0.48,5.0,1.4305314191901568,0.05109321744561682,45.4,,5,0,0
2025-05-22 00:00:00,100.0,3.72,49.0,40.0,394.0,7.0,0.03,3.78,7.3,0.48,5.0,1.594051644343771,0.05091074895285839,45.4,,5,0,0
2025-05-22 00:00:00,2300.0,3.74,49.0,53.0,474.0,7.0,0.03,3.75,7.3,0.48,5.0,1.5536240265053503,0.05109864628113492,45.4,,5,0,0
2025-05-22 00:00:00,500.0,3.78,49.0,24.0,210.0,7.0,0.04,3.78,7.3,0.48,5.0,1.4313306835696584,0.050594738958196446,45.4,,5,0,0
2025-05-22 00:00:00,1900.0,3.73,47.9,23.0,234.0,7.0,0.03,3.72,7.3,0.48,5.0,1.487253587648229,0.050978841309983786,45.4,,5,0,0
2025-05-22 00:00:00,1100.0,3.86,48.7,20.0,165.0,7.0,0.04,3.58,7.3,0.45,5.0,1.4732440795974344,0.056758254889960294,43.2,,5,0,0
2025-05-22 00:00:00,1500.0,3.69,47.1,24.0,238.0,7.0,0.03,3.81,7.3,0.48,5.0,1.4696779513438938,0.0507743212319115,45.4,,5,0,0
2025-05-22 00:00:00,1300.0,3.84,48.6,27.0,240.0,7.0,0.04,3.8,7.3,0.46,5.0,1.437104300421457,0.05813006475658297,43.2,,5,0,0
2025-05-22 00:00:00,900.0,3.87,48.6,26.0,240.0,7.0,0.04,3.57,7.3,0.45,5.0,1.4527298810748313,0.05791450574192495,43.3,,5,0,0
2025-05-22 00:00:00,700.0,3.89,47.7,26.0,240.0,7.0,0.04,3.53,7.3,0.45,5.0,1.46643023793944,0.05772019765338783,43.2,,5,0,0
2025-05-22 00:00:00,1700.0,3.77,45.7,23.0,234.0,7.0,0.03,3.74,7.3,0.49,5.0,1.487253587648229,0.05238808346944878,45.5,,5,0,0
2025-05-23 00:00:00,2300.0,3.77,50.1,17.0,162.0,7.0,0.03,3.83,7.3,0.5,5.0,1.3980683915918177,0.05003786739836699,44.8,,5,0,0
2025-05-23 00:00:00,300.0,3.74,49.4,18.0,177.0,7.0,0.04,3.82,7.3,0.5,5.0,1.4770166566195064,0.05019290173113151,44.8,,5,0,0
2025-05-23 00:00:00,100.0,3.75,49.8,17.0,162.0,7.0,0.03,3.82,7.3,0.5,5.0,1.3918638110682495,0.05003786739836699,44.7,,5,0,0
2025-05-23 00:00:00,2100.0,3.77,50.3,19.0,230.0,7.0,0.03,3.83,7.3,0.51,5.0,1.4909798494400375,0.050469658777029074,44.9,,5,0,0
2025-05-23 00:00:00,1700.0,3.75,49.8,17.0,219.0,7.0,0.03,3.83,7.3,0.52,5.0,1.4707809593801249,0.05069049080818245,45.4,,5,0,0
2025-05-23 00:00:00,1100.0,3.87,49.9,22.0,230.0,7.0,0.04,3.8,7.3,0.48,5.0,1.4413111894868122,0.057881429453610994,43.4,,5,0,0
2025-05-23 00:00:00,900.0,3.87,49.8,27.0,240.0,7.0,0.04,3.8,7.3,0.48,5.0,1.4382445939980857,0.05813006475658297,43.3,,5,0,0
2025-05-23 00:00:00,700.0,3.92,49.1,22.0,230.0,7.0,0.04,3.79,7.3,0.48,5.0,1.4299258692686576,0.057881429453610994,43.4,,5,0,0
2025-05-23 00:00:00,500.0,3.74,49.1,18.0,177.0,7.0,0.04,3.82,7.3,0.52,5.0,1.4770166566195064,0.05019290173113151,44.8,,5,0,0
2025-05-23 00:00:00,1900.0,3.82,52.3,36.0,345.0,7.0,0.03,3.69,7.3,0.51,5.0,1.4148968172696619,0.05505722843851411,44.9,,5,0,0
2025-05-23 00:00:00,1300.0,3.86,49.8,22.0,230.0,7.0,0.04,3.8,7.3,0.48,5.0,1.422204164409779,0.057881429453610994,43.3,,5,0,0
2025-05-23 00:00:00,1500.0,3.71,49.7,18.0,221.0,7.0,0.03,3.83,7.3,0.51,5.0,1.4707809593801249,0.05055236149259434,45.2,,5,0,0
2025-05-24 00:00:00,500.0,3.7,48.2,17.0,184.0,7.0,0.04,3.78,7.3,0.54,5.0,1.5261620429870069,0.05035664884929219,45.2,,5,0,0
2025-05-24 00:00:00,700.0,3.92,49.8,30.0,245.0,7.0,0.04,3.79,7.3,0.51,5.0,1.4543852703505091,0.05737564598857587,43.0,,5,0,0
2025-05-24 00:00:00,900.0,3.9,49.6,26.0,240.0,7.0,0.04,3.79,7.3,0.51,5.0,1.439766895786918,0.05803815276605996,43.8,,5,0,0
2025-05-24 00:00:00,1100.0,3.89,49.6,19.0,230.0,7.0,0.04,3.79,7.3,0.54,5.0,1.4141367246837004,0.057081794471617764,43.8,,5,0,0
2025-05-24 00:00:00,1300.0,3.87,48.9,25.0,240.0,7.0,0.04,3.79,7.3,0.54,5.0,1.4590375737676298,0.05813006475658297,43.1,,5,0,0
2025-05-24 00:00:00,1500.0,3.68,49.0,21.0,230.0,7.0,0.04,3.82,7.3,0.54,5.0,1.4241705664312139,0.05062469310979359,44.8,,5,0,0
2025-05-24 00:00:00,1700.0,3.7,48.9,30.0,245.0,7.0,0.04,3.82,7.3,0.53,5.0,1.4258115108659182,0.050863586403747406,45.1,,5,0,0
2025-05-24 00:00:00,1900.0,3.83,48.7,22.0,230.0,7.0,0.04,3.82,7.3,0.53,5.0,1.4233975583103737,0.050853555218999626,45.1,,5,0,0
2025-05-24 00:00:00,2100.0,3.81,48.8,22.0,230.0,7.0,0.04,3.82,7.3,0.53,5.0,1.4233975583103737,0.05099168453458774,45.3,,5,0,0
2025-05-24 00:00:00,2300.0,3.77,48.7,19.0,209.0,7.0,0.04,3.82,7.3,0.52,5.0,1.437911835795134,0.05051860878122718,45.2,,5,0,0
2025-05-24 00:00:00,100.0,3.74,48.5,18.0,190.0,7.0,0.04,3.78,7.3,0.54,5.0,1.5498908919237968,0.05065673809681529,45.3,,5,0,0
2025-05-24 00:00:00,300.0,3.71,48.3,18.0,190.0,7.0,0.04,3.78,7.3,0.54,5.0,1.5498908919237968,0.05061776559039958,45.2,,5,0,0
2025-05-25 00:00:00,700.0,3.68,48.3,42.0,384.0,7.0,0.04,3.66,7.3,0.56,5.0,1.493689901418428,0.05107941776097179,45.1,,5,0,0
2025-05-25 00:00:00,900.0,3.72,48.5,20.0,230.0,7.0,0.04,3.72,7.3,0.56,5.0,1.435611725134384,0.05095338879238729,45.3,,5,0,0
2025-05-25 00:00:00,1100.0,3.74,48.3,16.0,196.0,7.0,0.04,3.83,7.3,0.56,5.0,1.5210404803824655,0.050701030315746534,45.3,,5,0,0
2025-05-25 00:00:00,1300.0,3.73,47.9,15.0,190.0,7.0,0.04,3.83,7.3,0.56,5.0,1.5333229411940115,0.050701030315746534,45.4,,5,0,0
2025-05-25 00:00:00,1500.0,3.7,48.3,15.0,190.0,7.0,0.04,3.83,7.3,0.55,5.0,1.5333229411940115,0.050419571820350964,45.2,,5,0,0
2025-05-25 00:00:00,1700.0,3.71,48.5,19.0,230.0,7.0,0.04,3.82,7.3,0.55,5.0,1.427869682872441,0.050845525140946965,45.3,,5,0,0
2025-05-25 00:00:00,1900.0,3.85,48.9,16.0,190.0,7.0,0.04,3.48,7.3,0.55,5.0,1.5241624116274624,0.05038884333932065,45.3,,5,0,0
2025-05-25 00:00:00,2100.0,3.91,48.8,15.0,190.0,7.0,0.04,3.55,7.3,0.54,5.0,1.4772614798001207,0.050168011308167275,44.9,,5,0,0
2025-05-25 00:00:00,2300.0,3.84,48.5,17.0,204.0,7.0,0.04,3.5,7.3,0.55,5.0,1.4849367272395027,0.05036620507821589,45.0,,5,0,0
2025-05-25 00:00:00,100.0,3.8,48.2,20.0,215.0,7.0,0.04,3.64,7.3,0.55,5.0,1.435611725134384,0.050220347051003894,45.0,,5,0,0
2025-05-25 00:00:00,300.0,3.76,48.0,22.0,221.0,7.0,0.04,3.78,7.3,0.55,5.0,1.435611725134384,0.05061274468770309,45.0,,5,0,0
2025-05-25 00:00:00,500.0,3.74,47.7,25.0,254.0,7.0,0.04,3.56,7.3,0.55,5.0,1.469792647165452,0.05034713495651672,45.0,,5,0,0
2025-05-26 00:00:00,100.0,3.72,48.5,17.0,189.0,7.0,0.05,3.68,7.3,0.54,5.0,1.5950818633335262,0.050474023333800515,45.0,,5,0,0
2025-05-26 00:00:00,1100.0,3.91,48.0,17.0,200.0,7.0,0.05,3.83,7.3,0.57,5.0,1.4436536681228005,0.050728654808099724,45.2,,5,0,0
2025-05-26 00:00:00,300.0,3.7,48.4,15.0,164.0,7.0,0.05,3.74,7.3,0.54,5.0,1.4079522631538128,0.05055553847068341,45.1,,5,0,0
2025-05-26 00:00:00,500.0,3.68,48.5,12.0,152.0,7.0,0.05,3.82,7.3,0.54,5.0,1.390561812284178,0.051394485263334296,47.9,,5,0,0
2025-05-26 00:00:00,2300.0,3.76,48.3,17.0,189.0,7.0,0.05,3.64,7.3,0.54,5.0,1.5950818633335262,0.0506095589748941,44.7,,5,0,0
2025-05-26 00:00:00,900.0,4.05,48.0,15.0,190.0,7.0,0.05,3.78,7.3,0.58,5.0,1.5233104808565674,0.05053046103805111,45.2,,5,0,0
2025-05-26 00:00:00,1900.0,3.76,48.5,16.0,200.0,7.0,0.05,3.75,7.3,0.55,5.0,1.5221509578718897,0.05190006664809722,48.0,,5,0,0
2025-05-26 00:00:00,1700.0,3.77,48.5,16.0,200.0,7.0,0.05,3.75,7.3,0.55,5.0,1.5221509578718897,0.05190006664809722,48.0,,5,0,0
2025-05-26 00:00:00,1500.0,3.8,48.2,15.0,190.0,7.0,0.05,3.78,7.3,0.55,5.0,1.618037105298872,0.05188431229189672,48.0,,5,0,0
2025-05-26 00:00:00,1300.0,3.8,48.3,16.0,200.0,7.0,0.05,3.83,7.3,0.55,5.0,1.490015105499989,0.05021715204276531,45.0,,5,0,0
2025-05-26 00:00:00,700.0,3.8,48.0,19.0,230.0,7.0,0.04,3.62,7.3,0.58,5.0,1.4459404717784425,0.05040913409513557,45.0,,5,0,0
2025-05-26 00:00:00,2100.0,3.96,48.5,12.0,150.0,7.0,0.05,3.56,7.3,0.54,5.0,1.4479603514999246,0.050695001224187804,45.0,,5,0,0
2025-05-27 00:00:00,500.0,3.61,48.3,15.0,185.0,7.0,0.03,3.83,7.3,0.15,5.0,1.555158698847248,0.0505527444955325,45.1,,5,0,0
2025-05-27 00:00:00,300.0,3.62,48.0,15.0,185.0,7.0,0.03,3.81,7.3,0.16,5.0,1.5531754786999636,0.0505527444955325,45.2,,5,0,0
2025-05-27 00:00:00,100.0,3.64,47.3,19.0,220.0,7.0,0.03,3.83,7.3,0.16,5.0,1.481130878054206,0.05093972530971279,45.2,,5,0,0
2025-05-27 00:00:00,2300.0,3.83,47.3,19.0,220.0,7.0,0.03,3.83,7.3,0.15,5.0,1.480357869933366,0.050932976797162306,45.3,,5,0,0
2025-05-27 00:00:00,2100.0,3.81,47.0,15.0,185.0,7.0,0.03,3.68,7.3,0.15,5.0,1.5985715674222212,0.050226558581941076,45.1,,5,0,0
2025-05-27 00:00:00,1700.0,3.72,48.0,15.0,185.0,7.0,0.03,3.78,7.3,0.18,5.0,1.5778039055008517,0.05026453748758645,45.2,,5,0,0
2025-05-27 00:00:00,1500.0,3.84,48.0,15.0,185.0,7.0,0.03,3.82,7.3,0.2,5.0,1.5863048183507247,0.05026453748758645,45.2,,5,0,0
2025-05-27 00:00:00,1300.0,3.92,48.3,16.0,200.0,7.0,0.03,3.82,7.3,0.56,5.0,1.505754200439269,0.05054599598298202,45.3,,5,0,0
2025-05-27 00:00:00,1100.0,4.06,48.3,18.0,213.0,7.0,0.03,3.81,7.3,0.56,5.0,1.4967398931846891,0.05046273125763506,45.2,,5,0,0
2025-05-27 00:00:00,900.0,4.18,48.5,16.0,200.0,7.0,0.03,3.82,7.3,0.56,5.0,1.505754200439269,0.05017867792663831,45.2,,5,0,0
2025-05-27 00:00:00,700.0,3.77,48.3,12.0,150.0,7.0,0.03,3.82,7.3,0.56,5.0,1.4145309588975843,0.05017717014663334,45.0,,5,0,0
2025-05-27 00:00:00,1900.0,3.72,48.0,16.0,200.0,7.0,0.03,3.72,7.3,0.15,5.0,1.5127317282793822,0.05037240113902677,45.2,,5,0,0
2025-05-28 00:00:00,2300.0,3.74,48.2,20.0,245.0,7.0,0.04,3.81,7.3,0.15,5.0,1.4297160129619992,0.05062469310979359,45.0,,5,0,0
2025-05-28 00:00:00,500.0,3.72,47.5,18.0,190.0,7.0,0.04,3.78,7.3,0.16,5.0,1.5498908919237968,0.050435906065661916,45.0,,5,0,0
2025-05-28 00:00:00,300.0,3.73,48.0,19.0,214.0,7.0,0.04,3.78,7.3,0.16,5.0,1.4463458366634716,0.050435906065661916,45.0,,5,0,0
2025-05-28 00:00:00,100.0,3.73,48.6,17.0,200.0,7.0,0.04,3.78,7.3,0.16,5.0,1.4513835999045628,0.050435906065661916,45.0,,5,0,0
2025-05-28 00:00:00,2100.0,3.82,47.0,15.0,185.0,7.0,0.04,3.72,7.3,0.15,5.0,1.5469297049083763,0.05024891952042167,45.0,,5,0,0
2025-05-28 00:00:00,1100.0,4.02,48.1,16.0,194.0,7.0,0.04,3.52,7.3,0.2,5.0,1.4680791524145909,0.05063132932830051,45.3,,5,0,0
2025-05-28 00:00:00,1700.0,3.66,48.3,17.0,200.0,7.0,0.04,3.63,7.3,0.14,5.0,1.4714186124095958,0.05065441208616194,44.6,,5,0,0
2025-05-28 00:00:00,1500.0,3.69,47.6,18.0,200.0,7.0,0.04,3.46,7.3,0.14,5.0,1.4641690653181332,0.05036620507821589,44.7,,5,0,0
2025-05-28 00:00:00,1300.0,3.81,48.2,14.0,185.0,7.0,0.04,3.6,7.3,0.14,5.0,1.54527941982404,0.05034987083290494,45.1,,5,0,0
2025-05-28 00:00:00,900.0,3.69,47.6,14.0,185.0,7.0,0.03,3.79,7.3,0.15,5.0,1.5778039055008517,0.05054599598298202,45.5,,5,0,0
2025-05-28 00:00:00,1900.0,3.74,48.0,15.0,185.0,7.0,0.04,3.72,7.3,0.15,5.0,1.5261620429870069,0.05034557594705363,45.0,,5,0,0
2025-05-28 00:00:00,700.0,3.65,48.3,15.0,185.0,7.0,0.03,3.8,7.3,0.15,5.0,1.5715176355650462,0.05083420299092807,45.3,,5,0,0
2025-05-29 00:00:00,500.0,4.28,46.7,23.0,214.0,7.0,0.05,3.74,7.3,0.15,5.0,1.4781471824076515,0.05336763464878779,45.0,,5,0,0
2025-05-29 00:00:00,300.0,4.16,46.7,21.0,201.0,7.0,0.05,3.74,7.3,0.15,5.0,1.4453540751810503,0.05332292427326123,45.0,,5,0,0
2025-05-29 00:00:00,100.0,4.16,47.0,20.0,194.0,7.0,0.05,3.74,7.3,0.15,5.0,1.4923077152011335,0.050579887384034926,45.0,,5,0,0
2025-05-29 00:00:00,2300.0,4.16,47.0,17.0,181.0,7.0,0.05,3.7,7.3,0.14,5.0,1.4550757003906034,0.05036029039241577,45.0,,5,0,0
2025-05-29 00:00:00,2100.0,3.94,47.0,13.0,147.0,7.0,0.05,3.7,7.3,0.14,5.0,1.391802070833211,0.05046280915646226,45.0,,5,0,0
2025-05-29 00:00:00,1700.0,3.81,47.6,9.0,136.0,7.0,0.05,3.68,7.3,0.14,5.0,1.6700177900692452,0.05063780181077781,45.1,,5,0,0
2025-05-29 00:00:00,1500.0,4.02,47.2,27.0,216.0,7.0,0.05,3.52,7.3,0.15,5.0,1.4543839883109075,0.05113440944115333,45.1,,5,0,0
2025-05-29 00:00:00,1300.0,4.2,48.2,10.0,150.0,7.0,0.04,3.82,7.3,0.14,5.0,1.5981319814930754,0.050327389321045135,45.0,,5,0,0
2025-05-29 00:00:00,1100.0,4.21,48.0,10.0,150.0,7.0,0.04,3.82,7.3,0.16,5.0,1.555501838105771,0.050327389321045135,45.0,,5,0,0
2025-05-29 00:00:00,900.0,3.8,48.0,18.0,190.0,7.0,0.04,3.81,7.3,0.16,5.0,1.543995179751412,0.05061776559039958,45.1,,5,0,0
2025-05-29 00:00:00,1900.0,3.88,47.3,10.0,138.0,7.0,0.05,3.69,7.3,0.14,5.0,1.6700177900692452,0.05063780181077781,45.2,,5,0,0
2025-05-29 00:00:00,700.0,3.74,48.0,18.0,190.0,7.0,0.04,3.76,7.3,0.15,5.0,1.5498908919237968,0.050725629241839904,45.1,,5,0,0
2025-05-30 00:00:00,300.0,4.49,48.0,25.0,264.0,7.0,0.04,3.8,7.3,0.16,5.0,1.4663939791934644,0.05057591039587519,45.2,,5,0,0
2025-05-30 00:00:00,100.0,4.61,48.0,32.0,305.0,7.0,0.04,3.8,7.3,0.16,5.0,1.4656875025117424,0.050657109812206294,45.2,,5,0,0
2025-05-30 00:00:00,2300.0,4.67,47.8,37.0,345.0,7.0,0.04,3.8,7.3,0.15,5.0,1.5015559520066324,0.050432876072711685,45.0,,5,0,0
2025-05-30 00:00:00,2100.0,4.63,48.0,42.0,361.0,7.0,0.04,3.8,7.3,0.15,5.0,1.4979500239298142,0.050276201040579706,45.0,,5,0,0
2025-05-30 00:00:00,500.0,4.31,48.0,21.0,200.0,7.0,0.04,3.8,7.3,0.16,5.0,1.4758205501397672,0.0503949102336395,45.2,,5,0,0
2025-05-30 00:00:00,1500.0,4.94,48.0,21.0,200.0,7.0,0.04,3.82,7.3,0.16,5.0,1.4678175940147733,0.05077358277347627,45.3,,5,0,0
2025-05-30 00:00:00,1900.0,4.65,48.1,52.0,381.0,7.0,0.04,3.8,7.3,0.15,5.0,1.4547698567131813,0.05044596673569702,45.0,,5,0,0
2025-05-30 00:00:00,700.0,4.37,47.6,28.0,245.0,7.0,0.04,3.74,7.3,0.16,5.0,1.474454336739639,0.05149509273876602,45.3,,5,0,0
2025-05-30 00:00:00,1700.0,4.74,48.0,36.0,345.0,7.0,0.03,3.81,7.3,0.15,5.0,1.5952794703807518,0.05013447314179461,45.0,,5,0,0
2025-05-30 00:00:00,1100.0,5.01,47.6,21.0,200.0,7.0,0.04,3.74,7.3,0.16,5.0,1.4851247325368544,0.05088144642491659,45.3,,5,0,0
2025-05-30 00:00:00,1300.0,5.01,47.8,21.0,200.0,7.0,0.04,3.8,7.3,0.16,5.0,1.4851247325368544,0.05077358277347627,45.3,,5,0,0
2025-05-30 00:00:00,900.0,4.62,47.8,19.0,195.0,7.0,0.04,3.74,7.3,0.16,5.0,1.4753386107459225,0.0509012297902314,45.3,,5,0,0
2025-05-31 00:00:00,700.0,4.21,48.4,20.0,200.0,7.0,0.04,3.82,7.3,0.16,5.0,1.4799762218321169,0.050457790941526415,44.8,,5,0,0
2025-05-31 00:00:00,900.0,4.06,48.7,17.0,190.0,7.0,0.04,3.81,7.3,0.16,5.0,1.5327203578248718,0.050435906065661916,44.7,,5,0,0
2025-05-31 00:00:00,1100.0,4.04,48.0,15.0,190.0,7.0,0.04,3.82,7.3,0.16,5.0,1.5424266236858464,0.0502377122956133,44.7,,5,0,0
2025-05-31 00:00:00,1300.0,4.18,48.3,15.0,190.0,7.0,0.04,3.82,7.3,0.16,5.0,1.5424266236858464,0.050251009543837565,44.7,,5,0,0
2025-05-31 00:00:00,1700.0,3.98,48.4,15.0,190.0,7.0,0.04,3.7,7.3,0.16,5.0,1.5237576220178246,0.05029638981659989,44.7,,5,0,0
2025-05-31 00:00:00,1900.0,3.9,48.6,15.0,190.0,7.0,0.04,3.76,7.3,0.16,5.0,1.5609522879841917,0.05034557594705363,44.6,,5,0,0
2025-05-31 00:00:00,2100.0,3.85,47.5,15.0,190.0,7.0,0.04,3.68,7.3,0.16,5.0,1.5706585538451663,0.05029638981659989,44.7,,5,0,0
2025-05-31 00:00:00,2300.0,3.83,48.2,15.0,190.0,7.0,0.04,3.68,7.3,0.16,5.0,1.5706585538451663,0.05029638981659989,44.6,,5,0,0
2025-05-31 00:00:00,100.0,3.8,48.0,14.0,174.0,7.0,0.04,3.74,7.3,0.16,5.0,1.505814916857045,0.05066209005821367,44.7,,5,0,0
2025-05-31 00:00:00,300.0,3.79,47.5,13.0,164.0,7.0,0.04,3.74,7.3,0.16,5.0,1.4008285574000612,0.05049776249584781,44.6,,5,0,0
2025-05-31 00:00:00,500.0,3.74,47.5,13.0,164.0,7.0,0.04,3.58,7.3,0.16,5.0,1.4540162005919857,0.05032019785696146,44.6,,5,0,0
2025-05-31 00:00:00,1500.0,4.21,48.4,15.0,190.0,7.0,0.04,3.83,7.3,0.16,5.0,1.5013831863680354,0.050251009543837565,44.7,,5,0,0
2025-06-01 00:00:00,700.0,3.83,48.2,13.0,164.0,7.0,0.04,3.51,7.3,0.17,5.0,1.4698180921544677,0.05032019785696146,44.5,,6,0,0
2025-06-01 00:00:00,1100.0,3.63,48.1,13.0,161.0,7.0,0.04,3.81,7.3,0.17,5.0,1.3821806097348641,0.0506987477150275,45.1,,6,0,0
2025-06-01 00:00:00,1500.0,5.78,45.0,40.0,480.0,7.0,0.03,3.57,7.3,0.11,5.0,1.5,0.05,42.2,,1,2,1
2025-06-01 00:00:00,1300.0,5.74,45.2,42.0,409.0,7.0,0.03,3.75,7.3,0.11,5.0,1.5,0.05,43.0,B/W no.6,1,2,1
2025-06-01 00:00:00,900.0,3.67,48.4,14.0,170.0,7.0,0.04,3.65,7.3,0.17,5.0,1.5029898229061953,0.05098070341457044,44.4,,6,0,0
2025-06-01 00:00:00,100.0,5.45,45.3,33.0,375.0,7.0,0.05,3.75,7.3,0.13,5.0,1.5,0.05,42.5,,1,2,1
2025-06-01 00:00:00,300.0,5.38,45.4,33.0,375.0,7.0,0.05,3.78,7.3,0.13,5.0,1.5,0.05,42.6,,1,2,1
2025-06-01 00:00:00,500.0,5.26,45.3,31.0,370.0,7.0,0.06,3.8,7.3,0.13,5.0,1.6,0.05,42.6,B/W,1,2,1
2025-06-01 00:00:00,500.0,3.54,48.0,11.0,141.0,7.0,0.03,3.78,7.3,0.16,5.0,1.4906301895825171,0.05052307151958902,45.0,,6,0,0
2025-06-01 00:00:00,300.0,3.88,47.8,11.0,141.0,7.0,0.03,3.78,7.3,0.16,5.0,1.5134855966405938,0.05023486451164297,45.0,,6,0,0
2025-06-01 00:00:00,1100.0,5.75,45.4,65.0,640.0,7.0,0.03,3.76,7.3,0.13,5.0,1.5,0.05,43.8,,1,2,1
2025-06-01 00:00:00,2300.0,3.88,47.8,13.0,161.0,7.0,0.04,3.82,7.3,0.15,5.0,1.4153099493856252,0.05033220447939785,45.0,,6,0,0
2025-06-01 00:00:00,100.0,3.88,47.8,12.0,152.0,7.0,0.04,3.78,7.3,0.16,5.0,1.4241985416761616,0.050389898844407484,45.0,,6,0,0
2025-06-01 00:00:00,700.0,6.05,45.3,68.0,677.0,7.0,0.03,3.82,7.3,0.13,5.0,1.8,0.05,42.5,B/W no.3,1,2,1
2025-06-01 00:00:00,1900.0,3.61,48.0,13.0,161.0,7.0,0.04,3.82,7.3,0.15,5.0,1.3821806097348641,0.050620411487343905,45.0,,6,0,0
2025-06-01 00:00:00,1700.0,3.66,48.2,14.0,170.0,7.0,0.04,3.82,7.3,0.15,5.0,1.4995286469212394,0.05092076964240299,45.2,,6,0,0
2025-06-01 00:00:00,1500.0,4.13,48.0,13.0,161.0,7.0,0.04,3.69,7.3,0.16,5.0,1.397592308069507,0.050522097434724945,45.2,,6,0,0
2025-06-01 00:00:00,1300.0,3.91,48.0,13.0,161.0,7.0,0.04,3.61,7.3,0.15,5.0,1.4169088306427078,0.05039853408464505,45.2,,6,0,0
2025-06-01 00:00:00,2300.0,5.59,45.3,35.0,380.0,7.0,0.03,3.73,7.3,0.11,5.0,1.5,0.05,42.6,,1,2,1
2025-06-01 00:00:00,2100.0,5.59,44.0,41.0,480.0,7.0,0.03,3.7,7.3,0.12,5.0,1.5,0.05,42.2,,1,2,1
2025-06-01 00:00:00,1900.0,5.59,45.0,32.0,380.0,7.0,0.03,3.72,7.3,0.12,5.0,1.5,0.05,42.2,,1,2,1
2025-06-01 00:00:00,1700.0,5.62,45.0,35.0,450.0,7.0,0.03,3.72,7.3,0.12,5.0,1.5,0.05,42.2,,1,2,1
2025-06-01 00:00:00,2100.0,3.58,48.0,12.0,152.0,7.0,0.04,3.82,7.3,0.15,5.0,1.3918000683387974,0.050620411487343905,45.0,,6,0,0
2025-06-01 00:00:00,900.0,5.9,45.6,68.0,677.0,7.0,0.03,3.79,7.3,0.13,5.0,1.7,0.05,44.2,,1,2,1
2025-06-02 00:00:00,300.0,3.52,47.5,12.0,123.0,7.0,0.03,3.78,7.3,0.17,5.0,1.4225327319229162,0.05060140774727261,45.1,,6,0,0
2025-06-02 00:00:00,500.0,3.51,48.0,11.0,124.0,7.0,0.03,3.36,7.3,0.17,5.0,1.531191198295473,0.050453370532142994,45.0,,6,0,0
2025-06-02 00:00:00,700.0,7.58,46.2,56.0,500.0,7.0,0.04,3.47,7.3,0.21,5.0,1.5,0.06,42.2,,2,2,1
2025-06-02 00:00:00,1700.0,7.18,45.2,36.0,415.0,7.0,0.05,3.79,7.3,0.21,5.0,1.4,0.06,43.5,,2,2,1
2025-06-02 00:00:00,300.0,6.7,46.0,28.0,250.0,7.0,0.04,3.77,7.3,0.25,5.0,1.4,0.06,43.2,,2,2,1
2025-06-02 00:00:00,100.0,6.79,46.0,30.0,290.0,7.0,0.05,3.6,7.3,0.23,5.0,1.4,0.06,43.2,,2,2,1
2025-06-02 00:00:00,2300.0,6.94,46.2,35.0,413.0,7.0,0.05,3.52,7.3,0.23,5.0,1.4,0.06,43.2,,2,2,1
2025-06-02 00:00:00,2100.0,6.99,45.4,36.0,415.0,7.0,0.08,3.44,7.3,0.22,5.0,1.4,0.06,43.4,"B/W no.2,3",2,2,1
2025-06-02 00:00:00,1900.0,7.02,45.6,35.0,415.0,7.0,0.06,3.8,7.3,0.21,5.0,1.4,0.06,43.5,,2,2,1
2025-06-02 00:00:00,100.0,3.52,47.5,12.0,123.0,7.0,0.03,3.78,7.3,0.17,5.0,1.4225327319229162,0.05060140774727261,45.1,,6,0,0
2025-06-02 00:00:00,1500.0,7.28,45.7,44.0,450.0,7.0,0.05,3.69,7.3,0.2,5.0,1.4,0.06,43.2,,2,2,1
2025-06-02 00:00:00,1300.0,7.34,44.4,48.0,480.0,7.0,0.05,3.64,7.3,0.21,5.0,1.4,0.06,42.2,,2,2,1
2025-06-02 00:00:00,1100.0,7.42,44.5,53.0,500.0,7.0,0.05,3.63,7.3,0.22,5.0,1.4,0.06,42.2,,2,2,1
2025-06-02 00:00:00,500.0,6.69,46.0,26.0,200.0,7.0,0.04,3.77,7.3,0.23,5.0,1.4,0.06,43.2,,2,2,1
2025-06-02 00:00:00,2300.0,3.53,48.0,13.0,143.0,7.0,0.03,3.78,7.3,0.16,5.0,1.394596559301533,0.05052307151958902,45.0,,6,0,0
2025-06-02 00:00:00,900.0,7.53,45.1,53.0,500.0,7.0,0.04,3.53,7.3,0.22,5.0,1.5,0.06,42.2,,2,2,1
2025-06-02 00:00:00,1900.0,3.58,48.0,15.0,175.0,7.0,0.03,3.75,7.3,0.16,5.0,1.5252752388086617,0.050795262733395206,45.0,,6,0,0
2025-06-02 00:00:00,1700.0,3.57,49.0,11.0,141.0,7.0,0.03,3.82,7.3,0.16,5.0,1.4843439196467116,0.05054371338226298,45.1,,6,0,0
2025-06-02 00:00:00,1500.0,3.65,49.0,11.0,141.0,7.0,0.03,3.8,7.3,0.16,5.0,1.4864316647834188,0.050681842697851094,45.5,,6,0,0
2025-06-02 00:00:00,1300.0,3.53,49.2,11.0,141.0,7.0,0.03,3.8,7.3,0.16,5.0,1.4843439196467116,0.050681842697851094,45.9,,6,0,0
2025-06-02 00:00:00,700.0,3.54,49.1,11.0,141.0,7.0,0.04,3.8,7.3,0.17,5.0,1.4630433181221527,0.0506987477150275,45.2,,6,0,0
2025-06-02 00:00:00,900.0,3.51,49.0,11.0,141.0,7.0,0.03,3.79,7.3,0.17,5.0,1.4906301895825171,0.050739537062860725,45.8,,6,0,0
2025-06-02 00:00:00,2100.0,3.55,48.0,13.0,143.0,7.0,0.03,3.78,7.3,0.16,5.0,1.394596559301533,0.05052307151958902,45.0,,6,0,0
2025-06-02 00:00:00,1100.0,3.52,49.0,11.0,141.0,7.0,0.03,3.78,7.3,0.17,5.0,1.4906301895825171,0.050739537062860725,45.7,,6,0,0
2025-06-03 00:00:00,1300.0,4.84,46.1,21.0,235.0,7.0,0.08,3.61,7.3,0.17,5.0,1.6,0.06,42.8,,3,2,2
2025-06-03 00:00:00,1100.0,4.76,45.8,22.0,250.0,7.0,0.06,3.58,7.3,0.15,5.0,1.6,0.06,42.7,,3,2,2
2025-06-03 00:00:00,900.0,4.9,46.3,22.0,250.0,7.0,0.06,3.68,7.3,0.15,5.0,1.6,0.06,42.6,,3,2,2
2025-06-03 00:00:00,300.0,3.54,47.5,19.0,174.0,7.0,0.04,3.82,7.3,0.17,5.0,1.4632869814234144,0.05048110873907756,45.0,,6,0,0
2025-06-03 00:00:00,2300.0,3.44,48.0,10.0,121.0,7.0,0.04,3.82,7.3,0.16,5.0,1.6261785807608722,0.0497214033839773,45.0,,6,0,0
2025-06-03 00:00:00,100.0,3.48,47.8,13.0,143.0,7.0,0.04,3.82,7.3,0.17,5.0,1.3670096878411686,0.050620411487343905,45.0,,6,0,0
2025-06-03 00:00:00,1500.0,4.79,45.8,21.0,235.0,7.0,0.08,3.64,7.3,0.18,5.0,1.5,0.06,42.8,,3,2,2
2025-06-03 00:00:00,500.0,3.61,48.0,23.0,200.0,7.0,0.04,3.36,7.3,0.17,5.0,1.463841899155217,0.050592412947543096,45.0,,6,0,0
2025-06-03 00:00:00,700.0,5.26,46.3,26.0,286.0,7.0,0.05,3.74,7.3,0.14,5.0,1.6,0.06,42.6,,3,2,2
2025-06-03 00:00:00,1700.0,4.85,45.9,28.0,277.0,7.0,0.11,3.62,7.3,0.21,5.0,1.5,0.06,42.4,B/W no 1,3,2,2
2025-06-03 00:00:00,100.0,5.42,46.7,20.0,230.0,7.0,0.17,3.74,7.3,0.18,5.0,1.6,0.06,42.1,,3,2,2
2025-06-03 00:00:00,2100.0,5.0,46.0,22.0,250.0,7.0,0.09,3.56,7.3,0.2,5.0,1.6,0.06,42.6,B/W no 3,3,2,2
2025-06-03 00:00:00,1100.0,3.45,48.2,11.0,141.0,7.0,0.04,3.83,7.3,0.17,5.0,1.4746637093976163,0.049967885790338215,44.7,,6,0,0
2025-06-03 00:00:00,900.0,3.48,48.2,11.0,141.0,7.0,0.04,3.65,7.3,0.17,5.0,1.5027100093834778,0.05060840486490751,44.7,,6,0,0
2025-06-03 00:00:00,700.0,3.51,48.0,15.0,175.0,7.0,0.04,3.47,7.3,0.17,5.0,1.4962909874110946,0.05199794381973452,44.2,,6,0,0
2025-06-03 00:00:00,1300.0,3.84,48.5,8.0,100.0,7.0,0.04,3.65,7.3,0.17,5.0,1.6725385980135692,0.050669591810188756,44.7,,6,0,0
2025-06-03 00:00:00,1500.0,4.68,48.0,8.0,100.0,7.0,0.04,3.83,7.3,0.17,5.0,1.6292037481059969,0.05043375754572463,44.7,,6,0,0
2025-06-03 00:00:00,1900.0,4.98,45.6,25.0,248.0,7.0,0.09,3.68,7.3,0.21,5.0,1.6,0.06,42.6,,3,2,2
2025-06-03 00:00:00,1900.0,3.46,48.0,10.0,121.0,7.0,0.04,3.82,7.3,0.16,5.0,1.6259824590953833,0.05037392908098299,44.9,,6,0,0
2025-06-03 00:00:00,2100.0,3.46,48.0,10.0,121.0,7.0,0.04,3.82,7.3,0.16,5.0,1.6259824590953833,0.05037392908098299,45.0,,6,0,0
2025-06-03 00:00:00,500.0,5.95,46.7,23.0,250.0,7.0,0.17,3.79,7.3,0.18,5.0,1.6,0.06,42.1,,3,2,2
2025-06-03 00:00:00,300.0,5.86,46.6,23.0,250.0,7.0,0.17,3.76,7.3,0.18,5.0,1.6,0.06,42.1,,3,2,2
2025-06-03 00:00:00,2300.0,5.06,45.9,20.0,230.0,7.0,0.1,3.7,7.3,0.2,5.0,1.6,0.06,42.1,,3,2,2
2025-06-03 00:00:00,1700.0,3.48,48.2,8.0,100.0,7.0,0.04,3.83,7.3,0.16,5.0,1.6729885765454593,0.05072332303421029,44.7,,6,0,0
2025-06-04 00:00:00,100.0,6.55,47.3,57.0,485.0,7.0,0.2,3.71,7.3,0.16,5.0,1.6,0.06,43.8,,4,2,2
2025-06-04 00:00:00,2300.0,6.09,47.1,37.0,396.0,7.0,0.18,3.82,7.3,0.17,5.0,1.6,0.06,43.7,"B/W Fil No. 4,6",4,2,2
2025-06-04 00:00:00,2100.0,6.12,47.2,41.0,406.0,7.0,0.1,3.82,7.3,0.15,5.0,1.6,0.06,43.7,,4,2,2
2025-06-04 00:00:00,1900.0,6.13,47.3,41.0,406.0,7.0,0.1,3.82,7.3,0.15,5.0,1.6,0.06,42.8,,4,2,2
2025-06-04 00:00:00,1300.0,6.13,47.2,73.0,672.0,7.0,0.08,3.82,7.3,0.13,5.0,1.6,0.06,43.7,,4,2,2
2025-06-04 00:00:00,1500.0,6.12,47.1,56.0,485.0,7.0,0.09,3.81,7.3,0.13,5.0,1.6,0.06,43.8,,4,2,2
2025-06-04 00:00:00,1100.0,6.17,47.3,77.0,700.0,7.0,0.06,3.82,7.3,0.12,5.0,1.6,0.06,43.6,,4,2,2
2025-06-04 00:00:00,900.0,6.28,47.3,81.0,721.0,7.0,0.07,3.8,7.3,0.11,5.0,1.6,0.05,43.7,,4,2,2
2025-06-04 00:00:00,300.0,6.91,47.4,63.0,530.0,7.0,0.2,3.82,7.3,0.16,5.0,1.6,0.06,43.7,,4,2,2
2025-06-04 00:00:00,1700.0,6.11,47.3,44.0,440.0,7.0,0.09,3.83,7.3,0.14,5.0,1.6,0.06,42.7,,4,2,2
2025-06-04 00:00:00,700.0,6.31,47.1,105.0,772.0,7.0,0.07,3.78,7.3,0.11,5.0,1.6,0.05,43.6,,4,2,2
2025-06-04 00:00:00,500.0,7.42,47.8,176.0,1430.0,7.0,0.28,3.82,7.3,0.17,5.0,1.6,0.06,43.7,,4,2,2
2025-06-04 00:00:00,300.0,4.46,47.8,22.0,210.0,7.0,0.04,3.78,7.3,0.18,5.0,1.4587458853390127,0.050675275764220484,45.0,,6,0,0
2025-06-04 00:00:00,700.0,3.7,48.8,20.0,194.0,7.0,0.04,3.48,7.3,0.18,5.0,1.4787764346121026,0.05036620507821589,44.7,,6,0,0
2025-06-04 00:00:00,900.0,3.73,48.8,17.0,190.0,7.0,0.04,3.67,7.3,0.18,5.0,1.5401846260628222,0.0504945835866485,44.8,,6,0,0
2025-06-04 00:00:00,1100.0,3.9,49.0,27.0,245.0,7.0,0.04,3.83,7.3,0.18,5.0,1.4609948030230129,0.05134885071630848,44.8,,6,0,0
2025-06-04 00:00:00,1300.0,4.0,49.2,21.0,200.0,7.0,0.04,3.82,7.3,0.17,5.0,1.4450473871160754,0.050435906065661916,45.0,,6,0,0
2025-06-04 00:00:00,1500.0,4.06,48.8,21.0,200.0,7.0,0.04,3.83,7.3,0.17,5.0,1.4369614403886382,0.050435906065661916,45.0,,6,0,0
2025-06-04 00:00:00,1900.0,4.3,48.2,21.0,200.0,7.0,0.04,3.8,7.3,0.17,5.0,1.4758205501397672,0.050213050708901835,44.9,,6,0,0
2025-06-04 00:00:00,2100.0,4.35,48.0,18.0,184.0,7.0,0.04,3.8,7.3,0.17,5.0,1.4923710553668519,0.05007454584083589,45.0,,6,0,0
2025-06-04 00:00:00,2300.0,4.39,48.0,16.0,154.0,7.0,0.04,3.8,7.3,0.17,5.0,1.3599731606819851,0.05021384858910224,45.0,,6,0,0
2025-06-04 00:00:00,100.0,4.42,47.8,20.0,194.0,7.0,0.04,3.78,7.3,0.17,5.0,1.4635481434817954,0.050213050708901835,45.0,,6,0,0
2025-06-04 00:00:00,1700.0,4.19,48.6,20.0,196.0,7.0,0.04,3.82,7.3,0.17,5.0,1.4960977599876863,0.050457790941526415,45.0,,6,0,0
2025-06-04 00:00:00,500.0,4.51,47.6,27.0,248.0,7.0,0.05,3.76,7.3,0.18,5.0,1.4864723279586416,0.050612803740277997,45.0,,6,0,0
2025-06-05 00:00:00,1300.0,4.3,48.3,30.0,250.0,7.0,0.04,3.8,7.3,0.17,5.0,1.474454336739639,0.05132396030893752,45.1,,6,0,0
2025-06-05 00:00:00,700.0,4.48,47.4,30.0,250.0,7.0,0.05,3.8,7.3,0.19,5.0,1.517387451513255,0.052141779675734155,44.7,,6,0,0
2025-06-05 00:00:00,900.0,4.43,48.0,30.0,250.0,7.0,0.04,3.8,7.3,0.19,5.0,1.4975609017430587,0.05114210078419986,44.7,,6,0,0
2025-06-05 00:00:00,500.0,3.82,48.0,20.0,175.0,7.0,0.04,3.36,7.3,0.17,5.0,1.5344377023791285,0.05012320074368548,45.0,,6,0,0
2025-06-05 00:00:00,300.0,3.9,47.7,22.0,183.0,7.0,0.04,3.82,7.3,0.17,5.0,1.4907983393593316,0.05065031162809744,45.0,,6,0,0
2025-06-05 00:00:00,100.0,4.0,47.8,22.0,183.0,7.0,0.04,3.82,7.3,0.17,5.0,1.4684621213723965,0.05065031162809744,45.0,,6,0,0
2025-06-05 00:00:00,2300.0,4.09,48.0,23.0,194.0,7.0,0.04,3.6,7.3,0.17,5.0,1.4837485852242793,0.05109036268473078,45.0,,6,0,0
2025-06-05 00:00:00,2100.0,4.15,48.0,25.0,204.0,7.0,0.04,3.78,7.3,0.17,5.0,1.4419622618502619,0.05116865129981704,45.0,,6,0,0
2025-06-05 00:00:00,1900.0,4.28,48.0,26.0,221.0,7.0,0.04,3.8,7.3,0.17,5.0,1.474454336739639,0.05092391106719246,45.0,,6,0,0
2025-06-05 00:00:00,1700.0,4.4,48.5,28.0,245.0,7.0,0.04,3.82,7.3,0.17,5.0,1.4786100084319886,0.051006613782757726,45.1,,6,0,0
2025-06-05 00:00:00,1500.0,4.4,48.5,30.0,250.0,7.0,0.04,3.81,7.3,0.17,5.0,1.4786100084319886,0.051224803499765124,45.1,,6,0,0
2025-06-05 00:00:00,1100.0,4.23,48.2,30.0,250.0,7.0,0.04,3.8,7.3,0.19,5.0,1.5053694602942524,0.05114210078419986,44.8,,6,0,0
2025-06-06 00:00:00,1900.0,3.8,48.9,11.0,141.0,7.0,0.06,3.81,7.3,0.21,5.0,1.5052400527701548,0.05687028772424551,43.3,,6,0,0
2025-06-06 00:00:00,700.0,3.8,48.2,19.0,162.0,7.0,0.07,3.49,7.3,0.19,5.0,1.4771020644890231,0.05070778312724807,44.5,,6,0,0
2025-06-06 00:00:00,500.0,4.19,50.1,23.0,274.0,7.0,0.04,3.81,7.3,0.17,5.0,1.4817314867448765,0.051190085553176834,44.9,,6,0,0
2025-06-06 00:00:00,300.0,4.12,50.3,27.0,293.0,7.0,0.04,3.76,7.3,0.17,5.0,1.4649790140836505,0.05147582480088856,45.1,,6,0,0
2025-06-06 00:00:00,100.0,4.07,50.5,30.0,315.0,7.0,0.04,3.67,7.3,0.17,5.0,1.438075341991603,0.05181006524172831,45.0,,6,0,0
2025-06-06 00:00:00,2300.0,3.98,53.5,11.0,143.0,7.0,0.04,3.45,7.3,0.19,5.0,1.37783076065039,0.053219501812195855,45.1,,6,0,0
2025-06-06 00:00:00,2100.0,3.88,48.9,11.0,141.0,7.0,0.04,3.81,7.3,0.2,5.0,1.485149723953577,0.05682844103225618,43.3,,6,0,0
2025-06-06 00:00:00,900.0,3.75,48.0,19.0,162.0,7.0,0.06,3.8,7.3,0.18,5.0,1.399386910516934,0.050271634985865725,44.6,,6,0,0
2025-06-06 00:00:00,1700.0,3.72,48.9,11.0,141.0,7.0,0.06,3.62,7.3,0.17,5.0,1.5676701585935768,0.0572610128447518,43.2,,6,0,0
2025-06-06 00:00:00,1500.0,3.74,48.8,19.0,162.0,7.0,0.06,3.52,7.3,0.17,5.0,1.4749116378624043,0.05716330923905803,43.2,,6,0,0
2025-06-06 00:00:00,1300.0,3.63,48.0,20.0,172.0,7.0,0.06,3.48,7.3,0.17,5.0,1.4835493484742672,0.0504658481479459,44.8,,6,0,0
2025-06-06 00:00:00,1100.0,3.79,48.0,17.0,152.0,7.0,0.06,3.29,7.3,0.18,5.0,1.456943544308321,0.05076910739745769,44.7,,6,0,0
2025-06-07 00:00:00,100.0,3.68,50.5,24.0,255.0,7.0,0.04,3.84,7.3,0.18,5.0,1.5104511295487069,0.05132164545207523,44.5,,6,0,0
2025-06-07 00:00:00,1300.0,4.0,49.6,23.0,226.0,7.0,0.04,3.83,7.3,0.18,5.0,1.4274643835471494,0.051569682747461855,45.5,,6,0,0
2025-06-07 00:00:00,300.0,3.64,50.1,21.0,204.0,7.0,0.04,3.83,7.3,0.18,5.0,1.440866264327694,0.05093208406090504,44.4,,6,0,0
2025-06-07 00:00:00,500.0,3.6,50.0,19.0,170.0,7.0,0.04,3.83,7.3,0.17,5.0,1.4313467505462907,0.05068907972637463,44.4,,6,0,0
2025-06-07 00:00:00,2300.0,3.83,49.8,28.0,298.0,7.0,0.04,3.84,7.3,0.19,5.0,1.5353057402325776,0.05170625937724108,44.5,,6,0,0
2025-06-07 00:00:00,2100.0,3.84,49.8,23.0,274.0,7.0,0.04,3.82,7.3,0.19,5.0,1.4337453078470752,0.05813006475658297,43.0,,6,0,0
2025-06-07 00:00:00,1900.0,3.9,49.9,33.0,320.0,7.0,0.04,3.82,7.3,0.19,5.0,1.451368150128526,0.05747081886928201,43.0,,6,0,0
2025-06-07 00:00:00,1700.0,3.92,49.9,33.0,320.0,7.0,0.04,3.81,7.3,0.19,5.0,1.4552635192619192,0.05747081886928201,43.6,,6,0,0
2025-06-07 00:00:00,1500.0,4.02,49.8,42.0,360.0,7.0,0.04,3.69,7.3,0.18,5.0,1.4743434661026487,0.05232715509552615,45.6,,6,0,0
2025-06-07 00:00:00,700.0,4.17,49.5,20.0,209.0,7.0,0.04,3.83,7.3,0.18,5.0,1.4369614403886382,0.05067862297267979,45.5,,6,0,0
2025-06-07 00:00:00,900.0,4.17,51.2,17.0,198.0,7.0,0.04,3.84,7.3,0.18,5.0,1.5571867657529574,0.05126632322543767,45.3,,6,0,0
2025-06-07 00:00:00,1100.0,4.07,50.8,27.0,310.0,7.0,0.04,3.83,7.3,0.18,5.0,1.41979440017771,0.05149750283739611,45.6,,6,0,0
2025-06-08 00:00:00,700.0,3.6,48.6,22.0,214.0,7.0,0.04,3.81,7.3,0.17,5.0,1.4176310531305845,0.053485515979721676,44.0,,6,0,0
2025-06-08 00:00:00,900.0,3.61,48.4,20.0,199.0,7.0,0.04,3.82,7.3,0.17,5.0,1.4458569870565172,0.05338698825937638,44.0,,6,0,0
2025-06-08 00:00:00,1100.0,3.52,47.8,21.0,184.0,7.0,0.04,3.56,7.3,0.17,5.0,1.482387137901604,0.0516185067375157,44.2,,6,0,0
2025-06-08 00:00:00,1300.0,3.51,48.0,22.0,218.0,7.0,0.04,3.66,7.3,0.18,5.0,1.4280118890084819,0.051527864861105575,44.2,,6,0,0
2025-06-08 00:00:00,1500.0,3.51,48.2,26.0,268.0,7.0,0.04,3.72,7.3,0.18,5.0,1.4440523185967886,0.051132713286208234,44.3,,6,0,0
2025-06-08 00:00:00,1700.0,3.48,48.4,18.0,196.0,7.0,0.04,3.73,7.3,0.18,5.0,1.5199022119026702,0.05063802455683327,44.5,,6,0,0
2025-06-08 00:00:00,1900.0,3.48,48.4,19.0,204.0,7.0,0.04,3.56,7.3,0.18,5.0,1.4558052777036325,0.05046045991794692,44.5,,6,0,0
2025-06-08 00:00:00,2100.0,3.62,48.3,18.0,196.0,7.0,0.04,3.66,7.3,0.18,5.0,1.5252467533828593,0.05065441208616194,44.5,,6,0,0
2025-06-08 00:00:00,100.0,3.46,47.7,20.0,210.0,7.0,0.04,3.78,7.3,0.17,5.0,1.4387460005375694,0.050530160905392946,44.5,,6,0,0
2025-06-08 00:00:00,300.0,3.44,47.6,19.0,205.0,7.0,0.04,3.76,7.3,0.17,5.0,1.4479564294576381,0.04982267566836419,44.5,,6,0,0
2025-06-08 00:00:00,500.0,3.42,47.2,18.0,201.0,7.0,0.04,3.76,7.3,0.17,5.0,1.455941445950837,0.04993469151870985,44.5,,6,0,0
2025-06-08 00:00:00,2300.0,3.49,48.4,19.0,204.0,7.0,0.04,3.72,7.3,0.18,5.0,1.4477603077921493,0.05063802455683327,44.5,,6,0,0
2025-06-09 00:00:00,700.0,3.59,49.7,16.0,190.0,7.0,0.05,3.71,7.3,0.18,5.0,1.5487290116426307,0.056834473061447545,43.0,,6,0,0
2025-06-09 00:00:00,500.0,5.33,53.0,86.0,801.0,7.0,1.0,3.82,7.3,0.99,5.0,1.8,0.05,48.2,,9,2,2
2025-06-09 00:00:00,300.0,5.79,53.0,75.0,781.0,7.0,0.88,3.82,7.3,0.84,5.0,1.8,0.05,48.2,,9,2,2
2025-06-09 00:00:00,100.0,6.07,53.0,70.0,774.0,7.0,0.4,3.82,7.3,0.72,5.0,1.8,0.05,48.4,,9,2,2
2025-06-09 00:00:00,2300.0,6.24,53.9,69.0,762.0,7.0,0.29,3.84,7.3,0.51,5.0,2.2,0.05,48.4,,9,2,2
2025-06-09 00:00:00,1100.0,3.59,48.9,23.0,274.0,7.0,0.05,3.68,7.3,0.18,5.0,1.5039190165081775,0.05781159822426551,42.9,,6,0,0
2025-06-09 00:00:00,1900.0,6.66,53.5,84.0,832.0,7.0,0.27,3.84,7.3,0.68,5.0,2.3,0.05,48.1,,9,2,2
2025-06-09 00:00:00,1700.0,6.92,54.1,109.0,895.0,7.0,0.37,3.84,7.3,0.94,5.0,2.5,0.05,48.3,,9,2,2
2025-06-09 00:00:00,1500.0,7.04,54.7,150.0,1200.0,7.0,0.12,3.84,7.3,0.71,5.0,2.0,0.05,48.2,,9,2,2
2025-06-09 00:00:00,1300.0,,54.0,184.0,408.0,7.0,0.12,3.83,7.3,0.42,5.0,1.9,0.05,48.6,,9,2,0
2025-06-09 00:00:00,1100.0,,54.0,252.0,3100.0,7.0,0.12,3.8,7.3,0.33,5.0,1.5,0.05,48.6,,9,2,0
2025-06-09 00:00:00,2100.0,6.43,53.2,68.0,750.0,7.0,0.3,3.83,7.3,0.51,5.0,2.2,0.05,48.1,,9,2,2
2025-06-09 00:00:00,700.0,5.4,54.0,173.0,1200.0,7.0,0.08,3.55,7.3,0.34,5.0,1.5,0.05,48.6,,9,2,2
2025-06-09 00:00:00,900.0,,54.0,307.0,3800.0,7.0,0.15,3.71,7.3,0.32,5.0,1.5,0.05,48.6,,9,2,0
2025-06-09 00:00:00,1300.0,3.56,48.4,25.0,280.0,7.0,0.05,3.8,7.3,0.18,5.0,1.5267977756171427,0.057367505096140796,42.8,,6,0,0
2025-06-09 00:00:00,1500.0,3.55,48.3,21.0,234.0,7.0,0.07,3.88,7.3,0.22,5.0,1.6086208442090733,0.052408233405248084,44.2,,6,0,0
2025-06-09 00:00:00,1700.0,3.41,48.1,47.0,370.0,7.0,0.06,3.83,7.3,0.2,5.0,1.4925622320787175,0.05090012891151901,44.2,,6,0,0
2025-06-09 00:00:00,1900.0,3.42,48.0,33.0,341.0,7.0,0.06,3.8,7.3,0.19,5.0,1.5128810590299122,0.050529177959605896,44.2,,6,0,0
2025-06-09 00:00:00,900.0,3.6,49.9,17.0,190.0,7.0,0.05,3.41,7.3,0.18,5.0,1.5606640518166524,0.057307020066006235,43.0,,6,0,0
2025-06-09 00:00:00,2300.0,3.42,48.4,17.0,182.0,7.0,0.05,3.79,7.3,0.19,5.0,1.4944453975923957,0.04996889770614519,44.3,,6,0,0
2025-06-09 00:00:00,100.0,3.41,48.4,17.0,182.0,7.0,0.05,3.79,7.3,0.18,5.0,1.4944453975923957,0.050826208274744204,44.2,,6,0,0
2025-06-09 00:00:00,300.0,3.4,48.4,19.0,204.0,7.0,0.06,3.79,7.3,0.18,5.0,1.4781743327264734,0.05063125614859097,44.2,,6,0,0
2025-06-09 00:00:00,500.0,3.39,48.4,20.0,217.0,7.0,0.06,3.79,7.3,0.18,5.0,1.47209243785045,0.04977394557999196,44.3,,6,0,0
2025-06-09 00:00:00,2100.0,3.44,47.8,20.0,265.0,7.0,0.05,3.81,7.3,0.19,5.0,1.4821345063250162,0.04977394557999196,44.3,,6,0,0
2025-06-10 00:00:00,500.0,3.35,47.5,13.0,136.0,7.0,0.08,3.79,7.3,0.19,5.0,1.4166751394370658,0.05607006709299285,43.4,,6,0,0
2025-06-10 00:00:00,300.0,3.35,47.2,13.0,136.0,7.0,0.08,3.78,7.3,0.2,5.0,1.412210825908531,0.0570037311923765,43.2,,6,0,0
2025-06-10 00:00:00,100.0,3.35,48.6,14.0,147.0,7.0,0.07,3.78,7.3,0.2,5.0,1.4238062802350333,0.05203115524906901,44.1,,6,0,0
2025-06-10 00:00:00,2300.0,3.38,48.2,14.0,147.0,7.0,0.07,3.76,7.3,0.2,5.0,1.4238062802350333,0.05618712627432584,43.9,,6,0,0
2025-06-10 00:00:00,2100.0,3.39,48.4,14.0,147.0,7.0,0.06,3.79,7.3,0.2,5.0,1.4137046480909836,0.05623368946862752,43.2,,6,0,0
2025-06-10 00:00:00,1700.0,3.33,47.7,16.0,184.0,7.0,0.06,3.79,7.3,0.2,5.0,1.5373415278947264,0.05608150291983334,42.6,,6,0,0
2025-06-10 00:00:00,1500.0,3.34,47.6,14.0,147.0,7.0,0.06,3.78,7.3,0.2,5.0,1.4183622083469205,0.05623368946862752,42.8,,6,0,0
2025-06-10 00:00:00,1300.0,3.49,47.8,13.0,145.0,7.0,0.06,3.79,7.3,0.18,5.0,1.4181660866814316,0.057025515729239244,42.9,,6,0,0
2025-06-10 00:00:00,1100.0,3.54,47.8,12.0,145.0,7.0,0.06,3.79,7.3,0.18,5.0,1.4328047251554499,0.057025515729239244,42.9,,6,0,0
2025-06-10 00:00:00,700.0,3.5,48.3,18.0,200.0,7.0,0.06,3.8,7.3,0.18,5.0,1.5016458798876986,0.056877570782278654,42.9,,6,0,0
2025-06-10 00:00:00,1900.0,3.38,48.7,13.0,140.0,7.0,0.07,3.76,7.3,0.2,5.0,1.427191631428011,0.05618712627432584,43.7,,6,0,0
2025-06-10 00:00:00,900.0,3.5,48.1,19.0,200.0,7.0,0.06,3.76,7.3,0.18,5.0,1.4999471333303052,0.056887900793734875,43.0,,6,0,0
2025-06-10 00:00:00,900.0,4.47,53.0,30.0,261.0,7.0,0.12,3.8,7.3,0.43,5.0,1.4,0.06,48.0,,10,2,1
2025-06-10 00:00:00,1100.0,4.31,52.7,26.0,224.0,7.0,0.13,3.8,7.3,0.44,5.0,1.2,0.06,47.9,,10,2,1
2025-06-10 00:00:00,500.0,3.71,53.5,15.0,167.0,7.0,0.24,3.84,7.3,0.5,5.0,1.1599085845219628,0.06,47.5,,10,2,1
2025-06-10 00:00:00,300.0,3.77,53.5,20.0,280.0,7.0,0.2,3.83,7.3,0.48,5.0,1.2525761422076442,0.06,47.5,,10,2,1
2025-06-10 00:00:00,100.0,3.86,53.8,23.0,285.0,7.0,0.18,3.83,7.3,0.47,5.0,1.2238386779088601,0.06,47.4,,10,2,1
2025-06-10 00:00:00,2300.0,3.98,54.1,23.0,285.0,7.0,0.12,3.84,7.3,0.47,5.0,1.0,0.06,47.4,,10,2,1
2025-06-10 00:00:00,2100.0,3.95,53.2,23.0,285.0,7.0,0.1,3.84,7.3,0.48,5.0,1.0,0.06,47.5,,10,2,1
2025-06-10 00:00:00,1900.0,3.95,53.5,23.0,248.0,7.0,0.1,3.84,7.3,0.5,5.0,1.0,0.06,47.6,,10,2,1
2025-06-10 00:00:00,1700.0,3.91,53.7,23.0,220.0,7.0,0.1,3.84,7.3,0.54,5.0,1.0,0.06,47.6,,10,2,1
2025-06-10 00:00:00,1500.0,3.97,53.5,25.0,220.0,7.0,0.16,3.59,7.3,0.47,5.0,1.0,0.06,47.4,,10,2,1
2025-06-10 00:00:00,1300.0,4.08,54.0,26.0,224.0,7.0,0.12,3.5,7.3,0.47,5.0,1.1,0.06,47.3,,10,2,1
2025-06-10 00:00:00,700.0,4.27,53.0,32.0,278.0,7.0,0.12,3.8,7.3,0.43,5.0,1.4,0.06,48.3,,10,2,1
2025-06-11 00:00:00,900.0,3.45,48.4,13.0,136.0,7.0,0.07,3.64,7.3,0.19,5.0,1.4550859425241105,0.056504205368905186,42.9,,6,0,0
2025-06-11 00:00:00,700.0,3.45,47.2,16.0,184.0,7.0,0.08,3.62,7.3,0.19,5.0,1.550924969043324,0.05718457539907898,42.8,,6,0,0
2025-06-11 00:00:00,100.0,5.92,52.2,40.0,401.0,7.0,0.05,3.81,7.3,0.29,5.0,1.7,0.05,46.7,,11,2,1
2025-06-11 00:00:00,1300.0,3.47,48.1,12.0,136.0,7.0,0.09,3.79,7.3,0.19,5.0,1.4313109029729973,0.0568823593127417,42.8,,6,0,0
2025-06-11 00:00:00,1500.0,3.3,47.9,13.0,140.0,7.0,0.08,3.79,7.3,0.19,5.0,1.430265701911319,0.05250123394952835,44.0,,6,0,0
2025-06-11 00:00:00,1700.0,3.31,47.6,12.0,136.0,7.0,0.06,3.79,7.3,0.21,5.0,1.4418302699020293,0.05614177747810451,43.9,,6,0,0
2025-06-11 00:00:00,1900.0,3.29,47.8,12.0,136.0,7.0,0.06,3.79,7.3,0.21,5.0,1.4284329541551783,0.05623368946862752,43.1,,6,0,0
2025-06-11 00:00:00,2100.0,3.32,50.1,14.0,147.0,7.0,0.05,3.73,7.3,0.2,5.0,1.444538773326374,0.05634155312006785,43.2,,6,0,0
2025-06-11 00:00:00,2300.0,5.8,52.0,44.0,424.0,7.0,0.05,3.82,7.3,0.3,5.0,1.6,0.05,46.7,,11,2,1
2025-06-11 00:00:00,100.0,3.3,48.5,13.0,140.0,7.0,0.07,3.82,7.3,0.2,5.0,1.4264183308658311,0.049596603674325175,44.6,,6,0,0
2025-06-11 00:00:00,300.0,3.31,48.4,14.0,146.0,7.0,0.07,3.8,7.3,0.2,5.0,1.4118826916837128,0.05611348024839889,43.4,,6,0,0
2025-06-11 00:00:00,500.0,3.3,47.8,12.0,133.0,7.0,0.07,3.83,7.3,0.2,5.0,1.4096591201260993,0.05602156825787588,43.8,,6,0,0
2025-06-11 00:00:00,500.0,5.95,52.0,32.0,314.0,7.0,0.05,3.81,7.3,0.28,5.0,1.7,0.05,46.6,,11,2,1
2025-06-11 00:00:00,300.0,5.93,52.1,37.0,361.0,7.0,0.05,3.81,7.3,0.28,5.0,1.7,0.05,46.6,,11,2,1
2025-06-11 00:00:00,1100.0,3.5,48.2,16.0,184.0,7.0,0.07,3.78,7.3,0.19,5.0,1.5371454062292376,0.05673017276394752,42.8,,6,0,0
2025-06-11 00:00:00,2100.0,5.77,51.9,46.0,434.0,7.0,0.05,3.83,7.3,0.3,5.0,1.6,0.05,46.6,,11,2,1
2025-06-11 00:00:00,2300.0,3.32,49.1,15.0,155.0,7.0,0.07,3.82,7.3,0.2,5.0,1.3948825440465078,0.049596603674325175,44.5,,6,0,0
2025-06-11 00:00:00,900.0,6.37,53.1,86.0,885.0,7.0,0.04,3.82,7.3,0.27,5.0,1.6,0.06,46.7,,11,2,1
2025-06-11 00:00:00,1100.0,6.33,53.3,60.0,607.0,7.0,0.04,3.81,7.3,0.27,5.0,1.5,0.06,46.6,,11,2,1
2025-06-11 00:00:00,1300.0,6.34,53.4,46.0,429.0,7.0,0.06,3.67,7.3,0.31,5.0,1.3,0.06,46.7,,11,2,1
2025-06-11 00:00:00,1500.0,5.99,52.0,47.0,437.0,7.0,0.05,3.68,7.3,0.3,5.0,1.2,0.05,46.5,,11,2,1
2025-06-11 00:00:00,1700.0,5.85,51.4,45.0,432.0,7.0,0.05,3.83,7.3,0.47,5.0,1.3,0.05,46.8,,11,2,1
2025-06-11 00:00:00,1900.0,5.74,51.5,46.0,434.0,7.0,0.05,3.74,7.3,0.3,5.0,1.4,0.05,46.7,,11,2,1
2025-06-11 00:00:00,700.0,6.16,53.0,48.0,428.0,7.0,0.04,3.81,7.3,0.26,5.0,1.7,0.06,47.0,,11,2,1
2025-06-12 00:00:00,300.0,3.28,47.9,14.0,144.0,7.0,0.06,3.82,7.3,0.2,5.0,1.4080638002446049,0.04986708951684125,44.4,,6,0,0
2025-06-12 00:00:00,700.0,3.42,47.3,11.0,130.0,7.0,0.08,3.79,7.3,0.22,5.0,1.4755928669953529,0.05607006709299285,42.9,,6,0,0
2025-06-12 00:00:00,900.0,3.41,47.7,11.0,130.0,7.0,0.08,3.78,7.3,0.22,5.0,1.4755928669953529,0.05617117461340852,42.9,,6,0,0
2025-06-12 00:00:00,1300.0,3.44,47.6,12.0,130.0,7.0,0.07,3.79,7.3,0.22,5.0,1.3911238047050791,0.05617117461340852,42.9,,6,0,0
2025-06-12 00:00:00,1500.0,3.29,47.4,11.0,130.0,7.0,0.08,3.78,7.3,0.21,5.0,1.4889901827422038,0.05193004772865334,44.1,,6,0,0
2025-06-12 00:00:00,1700.0,3.23,47.6,12.0,130.0,7.0,0.08,3.82,7.3,0.21,5.0,1.406821890373058,0.04958287823346147,44.5,,6,0,0
2025-06-12 00:00:00,2100.0,3.27,47.6,12.0,130.0,7.0,0.08,3.79,7.3,0.21,5.0,1.4131081603088635,0.04986226902663188,44.4,,6,0,0
2025-06-12 00:00:00,2300.0,3.3,47.5,12.0,130.0,7.0,0.08,3.82,7.3,0.21,5.0,1.406821890373058,0.0494817707130458,44.5,,6,0,0
2025-06-12 00:00:00,100.0,3.28,47.6,13.0,138.0,7.0,0.08,3.81,7.3,0.2,5.0,1.429492401349139,0.049596603674325175,44.6,,6,0,0
2025-06-12 00:00:00,500.0,3.27,47.4,16.0,156.0,7.0,0.05,3.8,7.3,0.2,5.0,1.3844812572840197,0.05002701935340631,44.3,,6,0,0
2025-06-12 00:00:00,1100.0,3.5,47.7,12.0,130.0,7.0,0.07,3.78,7.3,0.22,5.0,1.3909276830395902,0.0568823593127417,42.9,,6,0,0
2025-06-12 00:00:00,700.0,4.71,52.3,15.0,150.0,7.0,0.04,3.84,7.3,0.23,5.0,1.7,0.05,46.4,,12,2,1
2025-06-12 00:00:00,1900.0,3.26,47.4,14.0,131.0,7.0,0.08,3.77,7.3,0.21,5.0,1.4058586957759553,0.049553190518919134,44.6,,6,0,0
2025-06-12 00:00:00,1100.0,4.7,49.5,20.0,200.0,7.0,0.04,3.82,7.3,0.24,5.0,1.3,0.05,46.6,,12,2,1
2025-06-12 00:00:00,900.0,4.8,50.1,17.0,170.0,7.0,0.04,3.82,7.3,0.23,5.0,1.6,0.05,46.4,,12,2,1
2025-06-12 00:00:00,500.0,4.28,50.6,11.0,110.0,7.0,0.03,3.8,7.3,0.24,5.0,1.5,0.05,46.5,,12,2,1
2025-06-12 00:00:00,100.0,4.28,50.4,16.0,165.0,7.0,0.03,3.8,7.3,0.24,5.0,1.4,0.05,46.6,,12,2,1
2025-06-12 00:00:00,2300.0,4.31,50.6,16.0,165.0,7.0,0.03,3.74,7.3,0.25,5.0,1.2,0.05,46.5,B/W No.1/3,12,2,1
2025-06-12 00:00:00,2100.0,4.33,50.4,22.0,231.0,7.0,0.03,3.7,7.3,0.26,5.0,1.6,0.05,46.5,,12,2,1
2025-06-12 00:00:00,300.0,4.26,50.3,13.0,134.0,7.0,0.03,3.8,7.3,0.24,5.0,1.3,0.05,46.5,,12,2,1
2025-06-12 00:00:00,1900.0,4.35,50.2,22.0,231.0,7.0,0.03,3.68,7.3,0.26,5.0,1.5,0.05,46.4,,12,2,1
2025-06-12 00:00:00,1700.0,4.39,50.4,26.0,274.0,7.0,0.14,3.61,7.3,0.26,5.0,1.5,0.05,46.6,B/W No.2,12,2,1
2025-06-12 00:00:00,1500.0,4.48,49.3,22.0,225.0,7.0,0.04,3.82,7.3,0.25,5.0,1.1,0.05,46.8,,12,2,1
2025-06-12 00:00:00,1300.0,4.58,49.6,21.0,210.0,7.0,0.04,3.82,7.3,0.25,5.0,1.3,0.05,46.5,,12,2,1
2025-06-13 00:00:00,1300.0,3.46,48.3,13.0,145.0,7.0,0.08,3.8,7.3,0.23,5.0,1.414953887228934,0.05682466494773207,42.9,,6,0,0
2025-06-13 00:00:00,300.0,3.26,46.5,15.0,150.0,7.0,0.05,3.68,7.3,0.23,5.0,1.4503397931945992,0.05453580172867865,44.3,,6,0,0
2025-06-13 00:00:00,100.0,3.27,46.7,15.0,150.0,7.0,0.05,3.68,7.3,0.22,5.0,1.4503397931945992,0.05453580172867865,44.2,,6,0,0
2025-06-13 00:00:00,2300.0,3.27,47.2,15.0,150.0,7.0,0.05,3.79,7.3,0.21,5.0,1.4041536474283212,0.05188237859512098,44.2,,6,0,0
2025-06-13 00:00:00,2100.0,3.26,49.2,21.0,204.0,7.0,0.05,3.77,7.3,0.22,5.0,1.483078826528576,0.04977394557999196,44.3,,6,0,0
2025-06-13 00:00:00,1900.0,3.26,49.0,21.0,204.0,7.0,0.05,3.65,7.3,0.22,5.0,1.4775658571549504,0.0519771151279442,44.1,,6,0,0
2025-06-13 00:00:00,1700.0,3.22,49.1,14.0,146.0,7.0,0.05,3.52,7.3,0.22,5.0,1.4776232364293094,0.050278926880496115,44.3,,6,0,0
2025-06-13 00:00:00,500.0,3.26,46.0,14.0,132.0,7.0,0.05,3.68,7.3,0.23,5.0,1.4464292299944694,0.056507556150296616,44.3,,6,0,0
2025-06-13 00:00:00,1100.0,3.39,48.4,14.0,145.0,7.0,0.06,3.8,7.3,0.23,5.0,1.412075938411115,0.05617599510361789,42.9,,6,0,0
2025-06-13 00:00:00,1500.0,3.62,47.3,14.0,146.0,7.0,0.06,3.82,7.3,0.26,5.0,1.4177801127250655,0.05051961521384694,44.4,,6,0,0
2025-06-13 00:00:00,700.0,3.38,47.5,16.0,156.0,7.0,0.06,3.79,7.3,0.23,5.0,1.390211772720575,0.05623368946862752,42.9,,6,0,0
2025-06-13 00:00:00,900.0,3.36,48.4,16.0,156.0,7.0,0.06,3.8,7.3,0.23,5.0,1.3839255027847694,0.05617599510361789,42.9,,6,0,0
2025-06-14 00:00:00,500.0,4.22,47.0,28.0,232.0,7.0,0.08,3.78,7.3,0.24,5.0,1.5017366615791565,0.05210854468840359,44.9,,6,0,0
2025-06-14 00:00:00,300.0,4.3,47.0,26.0,241.0,7.0,0.08,3.78,7.3,0.24,5.0,1.5049339722673043,0.05210854468840359,44.9,,6,0,0
2025-06-14 00:00:00,100.0,4.35,48.0,26.0,241.0,7.0,0.08,3.78,7.3,0.24,5.0,1.5144833682595775,0.051833937520828904,44.5,,6,0,0
2025-06-14 00:00:00,2300.0,4.31,48.5,27.0,282.0,7.0,0.08,3.77,7.3,0.25,5.0,1.5144833682595775,0.05182075638100227,44.5,,6,0,0
2025-06-14 00:00:00,2100.0,4.35,49.0,27.0,282.0,7.0,0.05,3.68,7.3,0.23,5.0,1.4848264196438417,0.05137664185642786,44.9,,6,0,0
2025-06-14 00:00:00,1900.0,4.39,47.2,31.0,290.0,7.0,0.05,3.8,7.3,0.23,5.0,1.4945326855048162,0.0526153732885669,45.1,,6,0,0
2025-06-14 00:00:00,1700.0,4.49,47.7,37.0,345.0,7.0,0.06,3.81,7.3,0.23,5.0,1.5168899500876771,0.05252307257163354,45.1,,6,0,0
2025-06-14 00:00:00,1500.0,4.64,48.3,49.0,381.0,7.0,0.07,3.82,7.3,0.23,5.0,1.501881338949501,0.05375126295072327,45.5,,6,0,0
2025-06-14 00:00:00,1300.0,4.37,47.9,17.0,156.0,7.0,0.05,3.8,7.3,0.23,5.0,1.3712054868664563,0.05649357426647006,42.9,,6,0,0
2025-06-14 00:00:00,1100.0,4.37,47.9,17.0,156.0,7.0,0.05,3.64,7.3,0.23,5.0,1.4148194374000636,0.05697043595491585,42.9,,6,0,0
2025-06-14 00:00:00,700.0,3.39,46.5,14.0,145.0,7.0,0.05,3.57,7.3,0.23,5.0,1.4945480123239379,0.05914563461599739,42.9,,6,0,0
2025-06-14 00:00:00,900.0,3.72,47.1,14.0,145.0,7.0,0.05,3.6,7.3,0.23,5.0,1.491441298293275,0.05772298608180349,42.9,,6,0,0
2025-06-15 00:00:00,500.0,3.6,47.5,19.0,182.0,7.0,0.04,3.56,7.3,0.25,5.0,1.4719380298284206,0.05039329534505455,44.5,,6,0,0
2025-06-15 00:00:00,1700.0,3.76,46.8,27.0,253.0,7.0,0.04,3.67,7.3,0.23,5.0,1.4873539135757436,0.05205030462540729,44.8,,6,0,0
2025-06-15 00:00:00,1900.0,3.74,48.6,26.0,250.0,7.0,0.05,3.61,7.3,0.23,5.0,1.5591377528369126,0.05051469526003455,44.8,,6,0,0
2025-06-15 00:00:00,1100.0,4.11,47.1,27.0,248.0,7.0,0.05,3.8,7.3,0.24,5.0,1.4485282541695153,0.0586053935713507,43.8,,6,0,0
2025-06-15 00:00:00,2100.0,3.69,47.4,25.0,232.0,7.0,0.04,3.53,7.3,0.23,5.0,1.4909422900034295,0.0501528268679796,44.7,,6,0,0
2025-06-15 00:00:00,2300.0,3.71,48.0,25.0,232.0,7.0,0.04,3.56,7.3,0.23,5.0,1.495908060362317,0.05034713495651672,44.7,,6,0,0
2025-06-15 00:00:00,100.0,3.71,47.8,22.0,214.0,7.0,0.04,3.6,7.3,0.24,5.0,1.45667458330753,0.050208398628913395,44.8,,6,0,0
2025-06-15 00:00:00,1500.0,5.42,47.1,25.0,241.0,7.0,0.05,3.8,7.3,0.23,5.0,1.487787988296527,0.05007243832114963,44.9,,6,0,0
2025-06-15 00:00:00,300.0,3.65,47.8,20.0,191.0,7.0,0.04,3.78,7.3,0.25,5.0,1.518888126268363,0.05072411307360797,44.8,,6,0,0
2025-06-15 00:00:00,700.0,4.2,47.3,25.0,232.0,7.0,0.05,3.78,7.3,0.24,5.0,1.4979942473699186,0.05146832756164886,44.8,,6,0,0
2025-06-15 00:00:00,900.0,4.18,47.0,25.0,232.0,7.0,0.05,3.78,7.3,0.24,5.0,1.4662529603060894,0.0513716711350169,44.5,,6,0,0
2025-06-15 00:00:00,1300.0,4.13,47.5,24.0,236.0,7.0,0.05,3.81,7.3,0.23,5.0,1.453773502832511,0.05146832756164886,44.6,,6,0,0
2025-06-16 00:00:00,300.0,3.52,48.2,16.0,156.0,7.0,0.04,3.27,7.3,0.26,5.0,1.4297109816565305,0.05310446059972837,44.1,,6,0,0
2025-06-16 00:00:00,1300.0,3.58,47.6,23.0,235.0,7.0,0.03,2.98,7.3,0.27,5.0,1.468555672850641,0.05463585627979891,44.2,,6,0,0
2025-06-16 00:00:00,1500.0,3.63,47.1,22.0,230.0,7.0,0.04,3.03,7.3,0.26,5.0,1.4463634308918607,0.05458795242400755,44.3,,6,0,0
2025-06-16 00:00:00,1700.0,3.51,47.2,21.0,225.0,7.0,0.04,3.12,7.3,0.26,5.0,1.4647713250312344,0.05332006265871339,44.1,,6,0,0
2025-06-16 00:00:00,1900.0,3.52,48.2,19.0,185.0,7.0,0.04,3.19,7.3,0.24,5.0,1.4865297330023906,0.05198941761054023,44.2,,6,0,0
2025-06-16 00:00:00,2100.0,3.57,48.4,17.0,161.0,7.0,0.04,3.19,7.3,0.25,5.0,1.4376654053336566,0.05198941761054023,44.2,,6,0,0
2025-06-16 00:00:00,500.0,3.51,48.2,16.0,156.0,7.0,0.04,3.3,7.3,0.27,5.0,1.4297109816565305,0.05310446059972837,44.1,,6,0,0
2025-06-16 00:00:00,100.0,3.55,48.4,19.0,185.0,7.0,0.04,3.24,7.3,0.25,5.0,1.4865297330023906,0.05193987839360448,44.2,,6,0,0
2025-06-16 00:00:00,1100.0,3.5,47.9,26.0,240.0,7.0,0.03,3.14,7.3,0.27,5.0,1.4956611747157675,0.05043499436831015,44.5,,6,0,0
2025-06-16 00:00:00,2300.0,3.57,48.4,19.0,185.0,7.0,0.04,3.19,7.3,0.25,5.0,1.4865297330023906,0.05198941761054023,44.2,,6,0,0
2025-06-16 00:00:00,700.0,3.56,48.8,24.0,232.0,7.0,0.04,3.37,7.3,0.26,5.0,1.4290426730303858,0.05024708170771063,44.7,,6,0,0
2025-06-16 00:00:00,900.0,3.52,48.4,23.0,231.0,7.0,0.04,3.4,7.3,0.25,5.0,1.4364936442456473,0.05024708170771063,44.5,,6,0,0
2025-06-18 00:00:00,700.0,3.57,48.0,25.0,250.0,7.0,0.04,3.81,7.3,0.34,5.0,1.4451985363685562,0.050931538043423805,45.3,,6,0,0
2025-06-18 00:00:00,1300.0,4.0,48.9,23.0,246.0,7.0,0.03,3.76,7.3,0.25,5.0,1.4898987043423655,0.051522512066137664,45.3,,6,0,0
2025-06-18 00:00:00,1500.0,4.85,49.2,24.0,250.0,7.0,0.03,3.79,7.3,0.25,5.0,1.5348139439614092,0.05047094630640795,45.3,,6,0,0
2025-06-18 00:00:00,1700.0,3.78,48.5,28.0,272.0,7.0,0.03,3.82,7.3,0.25,5.0,1.480788602341626,0.05046113887879172,45.3,,6,0,0
2025-06-18 00:00:00,1900.0,3.78,48.3,26.0,243.0,7.0,0.03,3.64,7.3,0.25,5.0,1.508080652534975,0.05065541864388544,45.3,,6,0,0
2025-06-18 00:00:00,2100.0,3.79,48.4,22.0,230.0,7.0,0.03,3.72,7.3,0.26,5.0,1.487253587648229,0.051186999842243404,45.3,,6,0,0
2025-06-18 00:00:00,2300.0,3.79,48.4,22.0,230.0,7.0,0.04,3.72,7.3,0.25,5.0,1.435611725134384,0.05134203417500792,45.3,,6,0,0
2025-06-18 00:00:00,100.0,3.8,48.4,24.0,250.0,7.0,0.04,3.77,7.3,0.28,5.0,1.4303028379015454,0.05148280582653957,45.3,,6,0,0
2025-06-18 00:00:00,300.0,3.82,48.3,24.0,250.0,7.0,0.04,3.79,7.3,0.28,5.0,1.4355369792004526,0.05148280582653957,45.3,,6,0,0
2025-06-18 00:00:00,500.0,3.84,48.3,24.0,250.0,7.0,0.04,3.8,7.3,0.28,5.0,1.4292507092646471,0.05148280582653957,45.3,,6,0,0
2025-06-18 00:00:00,1100.0,4.81,49.2,22.0,241.0,7.0,0.04,3.82,7.3,0.27,5.0,1.4497917844520922,0.05071900669908426,45.3,,6,0,0
2025-06-18 00:00:00,900.0,3.56,48.1,34.0,340.0,7.0,0.04,3.8,7.3,0.27,5.0,1.4240865158189926,0.05075017304909996,45.2,,6,0,0
2025-06-19 00:00:00,900.0,4.03,48.0,25.0,261.0,7.0,0.03,3.67,7.3,0.28,5.0,1.4975467981968171,0.05150902110202214,45.0,,6,0,0
2025-06-19 00:00:00,1100.0,4.0,48.3,76.0,820.0,7.0,0.03,3.77,7.3,0.28,5.0,1.4791690787699925,0.05317158638485864,45.2,,6,0,0
2025-06-19 00:00:00,1300.0,3.96,48.2,32.0,355.0,7.0,0.03,3.8,7.3,0.26,5.0,1.4812049245841512,0.05169376420738414,45.5,,6,0,0
2025-06-19 00:00:00,1500.0,3.97,48.8,28.0,325.0,7.0,0.03,3.8,7.3,0.26,5.0,1.4812049245841512,0.051338926413518615,45.5,,6,0,0
2025-06-19 00:00:00,1700.0,3.95,48.5,26.0,300.0,7.0,0.03,3.76,7.3,0.26,5.0,1.4975467981968171,0.05145033215607192,45.8,,6,0,0
2025-06-19 00:00:00,1900.0,3.89,48.0,24.0,273.0,7.0,0.03,3.76,7.3,0.26,5.0,1.4871788417142975,0.05159764526434564,45.6,,6,0,0
2025-06-19 00:00:00,2100.0,3.85,48.0,23.0,251.0,7.0,0.03,3.51,7.3,0.26,5.0,1.495566928499732,0.051247267300482055,45.4,,6,0,0
2025-06-19 00:00:00,100.0,3.86,48.1,26.0,300.0,7.0,0.04,3.68,7.3,0.27,5.0,1.4616729313200374,0.05205519354485415,45.5,,6,0,0
2025-06-19 00:00:00,300.0,3.98,48.2,40.0,350.0,7.0,0.04,3.79,7.3,0.3,5.0,1.5030549323284685,0.05188837016863251,45.6,,6,0,0
2025-06-19 00:00:00,500.0,4.21,48.2,46.0,350.0,7.0,0.04,3.81,7.3,0.3,5.0,1.5313804159040079,0.05189695779627274,45.6,,6,0,0
2025-06-19 00:00:00,700.0,4.03,48.0,22.0,217.0,7.0,0.04,3.8,7.3,0.28,5.0,1.4426364310019977,0.05109328789394249,45.2,,6,0,0
2025-06-19 00:00:00,2300.0,3.84,48.0,24.0,273.0,7.0,0.04,3.51,7.3,0.27,5.0,1.443925065985887,0.05090558593257255,45.4,,6,0,0
2025-06-20 00:00:00,100.0,5.57,50.1,26.0,300.0,7.0,0.04,3.8,7.3,0.27,5.0,1.468785910701905,0.05077555381856261,44.9,,6,0,0
2025-06-20 00:00:00,700.0,3.69,48.0,39.0,345.0,7.0,0.03,3.77,7.3,0.3,5.0,1.5803773652452469,0.05097107115961519,45.3,,6,0,0
2025-06-20 00:00:00,900.0,3.66,49.6,36.0,334.0,7.0,0.03,3.77,7.3,0.3,5.0,1.5194611376055762,0.051222848029685374,45.3,,6,0,0
2025-06-20 00:00:00,1100.0,3.61,48.8,42.0,406.0,7.0,0.03,3.81,7.3,0.3,5.0,1.5817848952722744,0.05119895596080444,45.3,,6,0,0
2025-06-20 00:00:00,1300.0,3.6,49.1,39.0,384.0,7.0,0.03,3.82,7.3,0.27,5.0,1.5675976221542884,0.05119895596080444,45.3,,6,0,0
2025-06-20 00:00:00,1500.0,3.56,49.6,39.0,384.0,7.0,0.03,3.82,7.3,0.27,5.0,1.5671148725673796,0.050915431814146615,45.3,,6,0,0
2025-06-20 00:00:00,1700.0,3.62,48.8,36.0,357.0,7.0,0.03,3.73,7.3,0.27,5.0,1.5246189773335685,0.051466829958536096,45.4,,6,0,0
2025-06-20 00:00:00,1900.0,3.56,48.6,32.0,314.0,7.0,0.03,3.82,7.3,0.27,5.0,1.4797816133692951,0.050641055022205374,45.2,,6,0,0
2025-06-20 00:00:00,2100.0,3.57,48.4,30.0,271.0,7.0,0.03,3.81,7.3,0.27,5.0,1.4887997650714004,0.050827340636894806,45.3,,6,0,0
2025-06-20 00:00:00,2300.0,3.56,48.4,27.0,300.0,7.0,0.04,3.81,7.3,0.27,5.0,1.4451985363685562,0.05085935813335806,45.3,,6,0,0
2025-06-20 00:00:00,300.0,5.59,50.4,26.0,300.0,7.0,0.04,3.86,7.3,0.27,5.0,1.7042007297166881,0.051154469362973645,44.8,,6,0,0
2025-06-20 00:00:00,500.0,5.6,50.4,26.0,300.0,7.0,0.04,3.8,7.3,0.27,5.0,1.5370559830504118,0.05077555381856261,44.8,,6,0,0
2025-06-21 00:00:00,1700.0,3.75,48.2,27.0,237.0,7.0,0.04,3.82,7.3,0.27,5.0,1.4355177767268927,0.050744553495912406,45.1,,6,0,0
2025-06-21 00:00:00,700.0,3.69,49.6,26.0,300.0,7.0,0.04,3.83,7.3,0.31,5.0,1.4303699380023307,0.050490514061109,45.0,,6,0,0
2025-06-21 00:00:00,900.0,3.69,49.8,26.0,300.0,7.0,0.04,3.82,7.3,0.3,5.0,1.4313359106987567,0.050490514061109,45.0,,6,0,0
2025-06-21 00:00:00,1100.0,3.69,51.5,27.0,310.0,7.0,0.04,3.67,7.3,0.32,5.0,1.4480929515663268,0.05138363103277152,45.1,,6,0,0
2025-06-21 00:00:00,1900.0,3.74,48.5,32.0,314.0,7.0,0.04,3.84,7.3,0.26,5.0,1.5263952465550898,0.05161759105488975,45.2,,6,0,0
2025-06-21 00:00:00,1300.0,4.83,49.6,28.0,315.0,7.0,0.04,3.83,7.3,0.28,5.0,1.4738739845938718,0.050093908606993864,44.8,,6,0,0
2025-06-21 00:00:00,2100.0,3.68,48.5,39.0,370.0,7.0,0.04,3.57,7.3,0.26,5.0,1.4991341552908435,0.05111775125698901,45.2,,6,0,0
2025-06-21 00:00:00,100.0,3.69,48.8,23.0,256.0,7.0,0.04,3.78,7.3,0.27,5.0,1.4259054592734095,0.05064539668674001,45.2,,6,0,0
2025-06-21 00:00:00,2300.0,3.68,48.5,36.0,370.0,7.0,0.04,3.57,7.3,0.27,5.0,1.4863309719640456,0.05111775125698901,45.2,,6,0,0
2025-06-21 00:00:00,1500.0,3.65,48.5,42.0,410.0,7.0,0.04,3.8,7.3,0.28,5.0,1.502922927557344,0.05092710241131159,45.0,,6,0,0
2025-06-21 00:00:00,300.0,3.74,49.5,23.0,250.0,7.0,0.04,3.78,7.3,0.27,5.0,1.421230369132326,0.05064539668674001,45.2,,6,0,0
2025-06-21 00:00:00,500.0,3.76,49.5,23.0,250.0,7.0,0.04,3.79,7.3,0.27,5.0,1.421230369132326,0.05064539668674001,45.2,,6,0,0
2025-06-22 00:00:00,700.0,3.62,48.4,22.0,250.0,7.0,0.04,3.82,7.3,0.3,5.0,1.4338768322921884,0.05090095169564914,44.9,,6,0,0
2025-06-22 00:00:00,900.0,3.55,48.2,22.0,250.0,7.0,0.04,3.81,7.3,0.3,5.0,1.42437147148181,0.05070699952743412,45.0,,6,0,0
2025-06-22 00:00:00,1100.0,3.49,48.0,22.0,250.0,7.0,0.04,3.81,7.3,0.31,5.0,1.42437147148181,0.05070013026455658,45.1,,6,0,0
2025-06-22 00:00:00,1300.0,3.45,47.9,22.0,250.0,7.0,0.05,3.56,7.3,0.3,5.0,1.5027195011462642,0.049366657875747115,44.7,,6,0,0
2025-06-22 00:00:00,1500.0,3.43,46.6,21.0,245.0,7.0,0.05,3.56,7.3,0.29,5.0,1.5027195011462642,0.05212285157962459,44.8,,6,0,0
2025-06-22 00:00:00,1900.0,3.41,47.7,21.0,240.0,7.0,0.05,3.63,7.3,0.31,5.0,1.5050032778788394,0.049378606297837614,44.8,,6,0,0
2025-06-22 00:00:00,2100.0,3.44,47.6,19.0,219.0,7.0,0.05,3.65,7.3,0.3,5.0,1.4822891876642499,0.049378606297837614,44.7,,6,0,0
2025-06-22 00:00:00,2300.0,3.43,47.8,19.0,219.0,7.0,0.05,3.45,7.3,0.32,5.0,1.478079058023992,0.049184298209300495,44.9,,6,0,0
2025-06-22 00:00:00,100.0,3.43,48.3,20.0,220.0,7.0,0.05,3.61,7.3,0.32,5.0,1.4853286051154546,0.049378606297837614,44.8,,6,0,0
2025-06-22 00:00:00,300.0,3.4,47.4,20.0,220.0,7.0,0.05,3.75,7.3,0.28,5.0,1.4800338930185368,0.04951390840757015,44.6,,6,0,0
2025-06-22 00:00:00,500.0,3.42,47.4,19.0,218.0,7.0,0.05,3.81,7.3,0.3,5.0,1.4684520203237783,0.04940604475612982,44.7,,6,0,0
2025-06-22 00:00:00,1700.0,3.38,47.8,21.0,241.0,7.0,0.05,3.59,7.3,0.29,5.0,1.5027195011462642,0.049378606297837614,44.8,,6,0,0
2025-06-23 00:00:00,700.0,3.36,49.2,14.0,188.0,7.0,0.05,3.81,7.3,0.33,5.0,1.5470782000250003,0.04956462634575962,44.9,,6,0,0
2025-06-23 00:00:00,1500.0,3.47,48.5,14.0,130.0,7.0,0.04,2.98,7.3,0.33,5.0,1.4489362585012067,0.06007268244985498,43.2,,6,0,0
2025-06-23 00:00:00,1100.0,3.36,49.1,16.0,152.0,7.0,0.04,3.68,7.3,0.37,5.0,1.3990692816907748,0.05644681531504782,43.8,,6,0,0
2025-06-23 00:00:00,1700.0,3.46,48.3,13.0,130.0,7.0,0.04,3.17,7.3,0.31,5.0,1.4354068552527384,0.057432836774420126,43.3,,6,0,0
2025-06-23 00:00:00,1900.0,3.48,48.4,13.0,130.0,7.0,0.04,3.45,7.3,0.31,5.0,1.433912780437481,0.05724345901118232,43.2,,6,0,0
2025-06-23 00:00:00,900.0,3.42,48.8,14.0,180.0,7.0,0.05,3.3,7.3,0.34,5.0,1.4747614982544777,0.05050762782497016,44.8,,6,0,0
2025-06-23 00:00:00,2100.0,3.5,48.5,13.0,130.0,7.0,0.04,3.55,7.3,0.31,5.0,1.433912780437481,0.05724345901118232,43.2,,6,0,0
2025-06-23 00:00:00,2300.0,3.3,47.2,11.0,128.0,7.0,0.04,3.63,7.3,0.3,5.0,1.5384167872407934,0.05093863864969332,44.3,,6,0,0
2025-06-23 00:00:00,100.0,3.3,48.8,12.0,128.0,7.0,0.04,3.75,7.3,0.3,5.0,1.430266183435174,0.050501344630650306,44.3,,6,0,0
2025-06-23 00:00:00,300.0,3.29,48.6,11.0,128.0,7.0,0.04,3.8,7.3,0.31,5.0,1.4948915045562328,0.05003389116648043,44.4,,6,0,0
2025-06-23 00:00:00,500.0,3.29,48.1,11.0,128.0,7.0,0.03,3.81,7.3,0.33,5.0,1.4978375754595654,0.05003389116648043,44.4,,6,0,0
2025-06-23 00:00:00,1300.0,3.47,48.5,15.0,132.0,7.0,0.04,2.94,7.3,0.32,5.0,1.4444539157615601,0.06007268244985498,43.2,,6,0,0
2025-06-24 00:00:00,700.0,3.3,48.5,11.0,128.0,7.0,0.04,3.79,7.3,0.33,5.0,1.5011777744920383,0.050025580155347846,44.6,,6,0,0
2025-06-24 00:00:00,500.0,3.7,48.9,30.0,310.0,7.0,0.04,3.81,7.3,0.35,5.0,1.4717519355423843,0.0507087037781164,44.8,,6,0,0
2025-06-24 00:00:00,1500.0,3.46,48.0,11.0,130.0,7.0,0.04,3.78,7.3,0.33,5.0,1.463731450303271,0.050678105852353536,44.6,,6,0,0
2025-06-24 00:00:00,1700.0,3.47,48.3,13.0,130.0,7.0,0.04,3.79,7.3,0.32,5.0,1.375086993963397,0.050678105852353536,44.6,,6,0,0
2025-06-24 00:00:00,1900.0,3.5,48.3,18.0,220.0,7.0,0.04,3.78,7.3,0.33,5.0,1.4359969055016808,0.05071894794952462,44.8,,6,0,0
2025-06-24 00:00:00,2100.0,3.54,49.6,21.0,245.0,7.0,0.04,3.81,7.3,0.33,5.0,1.4141824560339267,0.05071894794952462,44.8,,6,0,0
2025-06-24 00:00:00,2300.0,3.92,49.5,22.0,245.0,7.0,0.04,3.82,7.3,0.32,5.0,1.4360330798614955,0.0511002154133365,44.8,,6,0,0
2025-06-24 00:00:00,100.0,3.81,49.3,24.0,250.0,7.0,0.04,3.82,7.3,0.32,5.0,1.4228883814352837,0.05101948780640634,44.8,,6,0,0
2025-06-24 00:00:00,300.0,3.75,49.0,26.0,300.0,7.0,0.04,3.82,7.3,0.32,5.0,1.4544713397748186,0.050490514061109,44.6,,6,0,0
2025-06-24 00:00:00,1300.0,3.47,48.0,11.0,128.0,7.0,0.04,3.8,7.3,0.32,5.0,1.4946953828907439,0.05047844587618905,44.8,,6,0,0
2025-06-24 00:00:00,1100.0,3.44,48.0,10.0,120.0,7.0,0.04,3.82,7.3,0.33,5.0,1.6261785807608722,0.04957729496779352,44.9,,6,0,0
2025-06-24 00:00:00,900.0,3.33,48.2,10.0,120.0,7.0,0.04,3.78,7.3,0.33,5.0,1.6261785807608722,0.04977695494395801,44.8,,6,0,0
2025-06-25 00:00:00,1700.0,3.62,48.2,32.0,314.0,7.0,0.05,3.8,7.3,0.35,5.0,1.525071408788765,0.05135936523655954,44.9,,6,0,0
2025-06-25 00:00:00,500.0,3.59,48.4,25.0,251.0,7.0,0.05,3.82,7.3,0.38,5.0,1.5420143969245046,0.05034818155011173,44.7,,6,0,0
2025-06-25 00:00:00,300.0,3.59,48.4,25.0,251.0,7.0,0.08,3.82,7.3,0.38,5.0,1.5524156836869927,0.05011489453347388,44.7,,6,0,0
2025-06-25 00:00:00,100.0,3.61,48.6,25.0,251.0,7.0,0.05,3.83,7.3,0.37,5.0,1.5366866998472932,0.050542133718326755,44.8,,6,0,0
2025-06-25 00:00:00,2300.0,3.62,48.5,24.0,251.0,7.0,0.06,3.83,7.3,0.37,5.0,1.4976143055631381,0.050542133718326755,44.8,,6,0,0
2025-06-25 00:00:00,2100.0,3.64,48.5,25.0,268.0,7.0,0.05,3.8,7.3,0.35,5.0,1.525071408788765,0.050542133718326755,44.9,,6,0,0
2025-06-25 00:00:00,1900.0,3.6,48.2,31.0,314.0,7.0,0.05,3.8,7.3,0.35,5.0,1.5506419908631892,0.05135936523655954,44.8,,6,0,0
2025-06-25 00:00:00,700.0,3.67,48.0,30.0,310.0,7.0,0.04,3.78,7.3,0.35,5.0,1.4659881860134034,0.05099691078606245,44.5,,6,0,0
2025-06-25 00:00:00,1500.0,3.61,48.4,21.0,245.0,7.0,0.05,3.79,7.3,0.35,5.0,1.507112280242335,0.0506041328569456,44.8,,6,0,0
2025-06-25 00:00:00,1300.0,3.62,48.4,23.0,245.0,7.0,0.05,3.8,7.3,0.35,5.0,1.5008260103065294,0.050542133718326755,44.9,,6,0,0
2025-06-25 00:00:00,1100.0,3.74,48.6,25.0,268.0,7.0,0.05,3.83,7.3,0.36,5.0,1.5290712161492612,0.050542133718326755,44.8,,6,0,0
2025-06-25 00:00:00,900.0,3.7,48.4,29.0,274.0,7.0,0.04,3.78,7.3,0.35,5.0,1.4564387900211302,0.05039534118040286,44.9,,6,0,0
2025-06-26 00:00:00,1300.0,3.79,48.2,21.0,260.0,7.0,0.05,3.82,7.3,0.38,5.0,1.4977619037021073,0.0506041328569456,44.8,,6,0,0
2025-06-26 00:00:00,1700.0,3.78,49.9,21.0,260.0,7.0,0.06,3.79,7.3,0.36,5.0,1.5183053322933893,0.0506041328569456,44.9,,6,0,0
2025-06-26 00:00:00,700.0,3.56,48.3,26.0,273.0,7.0,0.05,3.82,7.3,0.38,5.0,1.5420143969245046,0.05018082875933985,44.8,,6,0,0
2025-06-26 00:00:00,1500.0,3.79,48.2,21.0,260.0,7.0,0.06,3.79,7.3,0.36,5.0,1.5140624128053228,0.0506041328569456,44.8,,6,0,0
2025-06-26 00:00:00,900.0,3.55,48.4,25.0,262.0,7.0,0.05,3.82,7.3,0.38,5.0,1.5420143969245046,0.05034818155011173,44.8,,6,0,0
2025-06-26 00:00:00,1100.0,3.76,48.3,21.0,260.0,7.0,0.05,3.82,7.3,0.39,5.0,1.4977619037021073,0.0506041328569456,44.8,,6,0,0
2025-06-26 00:00:00,2100.0,3.74,48.2,23.0,260.0,7.0,0.06,3.79,7.3,0.36,5.0,1.5140624128053228,0.050542133718326755,44.9,,6,0,0
2025-06-26 00:00:00,2300.0,3.5,48.3,22.0,260.0,7.0,0.06,3.83,7.3,0.36,5.0,1.4789769744574308,0.05039823226664008,44.6,,6,0,0
2025-06-26 00:00:00,100.0,3.35,48.8,22.0,260.0,7.0,0.06,3.83,7.3,0.36,5.0,1.4814283907686328,0.04939409633403932,44.7,,6,0,0
2025-06-26 00:00:00,300.0,3.34,48.3,22.0,260.0,7.0,0.06,3.82,7.3,0.41,5.0,1.497973672939726,0.04939409633403932,44.6,,6,0,0
2025-06-26 00:00:00,500.0,3.33,48.6,19.0,220.0,7.0,0.06,3.82,7.3,0.41,5.0,1.4685927343153666,0.04940604475612982,44.5,,6,0,0
2025-06-26 00:00:00,1900.0,3.76,48.2,22.0,260.0,7.0,0.06,3.79,7.3,0.36,5.0,1.5140624128053228,0.0505921844348551,44.8,,6,0,0
2025-06-27 00:00:00,500.0,3.36,48.5,15.0,170.0,7.0,0.04,3.82,7.3,0.4,5.0,1.4692128249363892,0.05018990771771371,44.6,,6,0,0
2025-06-27 00:00:00,300.0,3.29,48.7,15.0,170.0,7.0,0.04,3.82,7.3,0.4,5.0,1.4595065590754146,0.05018990771771371,44.6,,6,0,0
2025-06-27 00:00:00,100.0,3.28,48.6,15.0,170.0,7.0,0.04,3.82,7.3,0.38,5.0,1.4595065590754146,0.05018990771771371,44.7,,6,0,0
2025-06-27 00:00:00,2100.0,3.44,48.5,16.0,170.0,7.0,0.04,3.8,7.3,0.39,5.0,1.4692128249363892,0.05018990771771371,44.8,,6,0,0
2025-06-27 00:00:00,1500.0,3.44,48.2,19.0,175.0,7.0,0.04,3.75,7.3,0.45,5.0,1.4697693730247088,0.049936446693512195,44.8,,6,0,0
2025-06-27 00:00:00,1700.0,3.42,48.2,18.0,175.0,7.0,0.04,3.73,7.3,0.44,5.0,1.4754990948721947,0.049936446693512195,44.6,,6,0,0
2025-06-27 00:00:00,1100.0,3.35,48.2,20.0,232.0,7.0,0.04,3.82,7.3,0.41,5.0,1.426473117831775,0.050082712840786,44.3,,6,0,0
2025-06-27 00:00:00,900.0,3.31,48.5,19.0,226.0,7.0,0.06,3.78,7.3,0.41,5.0,1.4800338930185368,0.04940604475612982,44.5,,6,0,0
2025-06-27 00:00:00,700.0,3.32,48.5,18.0,174.0,7.0,0.06,3.78,7.3,0.41,5.0,1.463142636302664,0.049619109288860035,44.8,,6,0,0
2025-06-27 00:00:00,1900.0,3.43,48.4,16.0,170.0,7.0,0.04,3.79,7.3,0.4,5.0,1.4754990948721947,0.05018990771771371,44.6,,6,0,0
2025-06-27 00:00:00,2300.0,3.43,48.5,15.0,170.0,7.0,0.04,3.82,7.3,0.38,5.0,1.4692128249363892,0.05018990771771371,44.7,,6,0,0
2025-06-27 00:00:00,1300.0,3.44,48.2,18.0,174.0,7.0,0.04,3.78,7.3,0.43,5.0,1.4754990948721947,0.05003655402936894,44.4,,6,0,0
2025-06-28 00:00:00,100.0,3.66,48.5,16.0,172.0,7.0,0.04,3.82,7.3,0.4,5.0,1.486722922480481,0.0508424334147194,44.8,,6,0,0
2025-06-28 00:00:00,900.0,3.32,48.5,15.0,150.0,7.0,0.06,3.76,7.3,0.41,5.0,1.4041536474283212,0.04982467654599413,44.6,,6,0,0
2025-06-28 00:00:00,1100.0,3.39,48.0,21.0,184.0,7.0,0.06,3.82,7.3,0.4,5.0,1.536071830007663,0.049600996882283054,44.7,,6,0,0
2025-06-28 00:00:00,1300.0,3.4,48.4,14.0,131.0,7.0,0.06,3.68,7.3,0.4,5.0,1.4464292299944694,0.04977549041554039,44.8,,6,0,0
2025-06-28 00:00:00,1500.0,3.62,48.4,15.0,131.0,7.0,0.04,3.79,7.3,0.4,5.0,1.372674607058557,0.050678105852353536,44.6,,6,0,0
2025-06-28 00:00:00,1700.0,3.53,48.3,14.0,131.0,7.0,0.04,3.81,7.3,0.39,5.0,1.3688007240275915,0.050620411487343905,44.7,,6,0,0
2025-06-28 00:00:00,1900.0,3.59,48.4,16.0,172.0,7.0,0.04,3.76,7.3,0.39,5.0,1.4753029732067058,0.05095029706615972,44.8,,6,0,0
2025-06-28 00:00:00,2100.0,3.59,48.2,16.0,172.0,7.0,0.04,3.79,7.3,0.39,5.0,1.4753029732067058,0.0508424334147194,44.8,,6,0,0
2025-06-28 00:00:00,2300.0,3.75,48.3,16.0,172.0,7.0,0.04,3.82,7.3,0.4,5.0,1.486722922480481,0.050554226406773345,44.8,,6,0,0
2025-06-28 00:00:00,300.0,3.61,48.3,16.0,172.0,7.0,0.04,3.82,7.3,0.43,5.0,1.4743612447510894,0.0508424334147194,44.7,,6,0,0
2025-06-28 00:00:00,500.0,3.61,48.3,20.0,180.0,7.0,0.04,3.82,7.3,0.43,5.0,1.4317523105354086,0.05046299633250058,44.7,,6,0,0
2025-06-28 00:00:00,700.0,3.31,48.4,15.0,150.0,7.0,0.06,3.56,7.3,0.41,5.0,1.4806304158111057,0.04991102605663398,44.6,,6,0,0
2025-06-29 00:00:00,1900.0,3.82,48.7,52.0,385.0,7.0,0.06,3.82,7.3,0.41,5.0,1.567283433100663,0.052585828861895945,44.8,,6,0,0
2025-06-29 00:00:00,700.0,3.57,48.2,20.0,180.0,7.0,0.04,3.82,7.3,0.43,5.0,1.4264077690552195,0.05046299633250058,44.7,,6,0,0
2025-06-29 00:00:00,900.0,3.55,48.5,20.0,180.0,7.0,0.04,3.82,7.3,0.43,5.0,1.4241524744095064,0.05046299633250058,44.6,,6,0,0
2025-06-29 00:00:00,1100.0,3.48,48.4,19.0,172.0,7.0,0.04,3.82,7.3,0.43,5.0,1.4610316867777013,0.05048110873907756,44.6,,6,0,0
2025-06-29 00:00:00,1300.0,3.81,48.5,18.0,168.0,7.0,0.04,3.82,7.3,0.43,5.0,1.490814658845415,0.05019290173113151,44.7,,6,0,0
2025-06-29 00:00:00,2100.0,3.84,48.8,38.0,350.0,7.0,0.05,3.82,7.3,0.43,5.0,1.5940367718405597,0.05195989598453071,44.8,,6,0,0
2025-06-29 00:00:00,2300.0,3.65,48.3,31.0,300.0,7.0,0.05,3.83,7.3,0.51,5.0,1.4906013080891216,0.0518304728176377,44.4,,6,0,0
2025-06-29 00:00:00,100.0,3.55,48.5,30.0,300.0,7.0,0.05,3.83,7.3,0.51,5.0,1.4852567666089325,0.05163652064942268,44.4,,6,0,0
2025-06-29 00:00:00,1500.0,3.81,48.5,18.0,168.0,7.0,0.05,3.82,7.3,0.41,5.0,1.4798982229118127,0.05040308445641386,44.6,,6,0,0
2025-06-29 00:00:00,1700.0,3.79,48.6,20.0,180.0,7.0,0.05,3.81,7.3,0.41,5.0,1.4624914626579326,0.050253522579288744,44.7,,6,0,0
2025-06-29 00:00:00,300.0,3.52,48.3,25.0,260.0,7.0,0.06,3.83,7.3,0.46,5.0,1.4852567666089325,0.05071608237397387,44.3,,6,0,0
2025-06-29 00:00:00,500.0,3.53,48.5,21.0,180.0,7.0,0.06,3.83,7.3,0.44,5.0,1.4387808642415256,0.05062142340315088,44.3,,6,0,0
2025-06-30 00:00:00,700.0,3.56,48.5,180.0,20.0,7.0,0.05,3.82,7.3,0.46,5.0,1.048734889477231,0.0500769021273264,44.5,,6,0,0
2025-06-30 00:00:00,900.0,3.56,48.5,180.0,20.0,7.0,0.04,3.8,7.3,0.46,5.0,1.043940419751262,0.050286375880538234,44.5,,6,0,0
2025-06-30 00:00:00,1100.0,3.8,48.6,180.0,21.0,7.0,0.04,3.8,7.3,0.43,5.0,1.0549147108293466,0.04999816887259218,44.6,,6,0,0
2025-06-30 00:00:00,1300.0,3.82,48.7,182.0,22.0,7.0,0.04,3.8,7.3,0.41,5.0,1.0549147108293466,0.04999816887259218,44.6,,6,0,0
2025-06-30 00:00:00,1500.0,4.2,49.7,23.0,185.0,7.0,0.04,3.83,7.3,0.41,5.0,1.4961312178815416,0.050898946931069416,44.9,,6,0,0
2025-06-30 00:00:00,1700.0,4.15,49.3,24.0,195.0,7.0,0.04,3.83,7.3,0.41,5.0,1.4954357306643304,0.05116865129981704,44.8,,6,0,0
2025-06-30 00:00:00,2100.0,4.21,49.8,32.0,270.0,7.0,0.04,3.83,7.3,0.4,5.0,1.4983701438422927,0.05140827527018423,44.8,,6,0,0
2025-06-30 00:00:00,2300.0,4.21,48.8,40.0,393.0,7.0,0.04,3.83,7.3,0.4,5.0,1.5622913777200145,0.05143363977613951,44.8,,6,0,0
2025-06-30 00:00:00,100.0,4.33,48.4,46.0,459.0,7.0,0.04,3.83,7.3,0.4,5.0,1.478373825871518,0.0511634454938094,44.3,,6,0,0
2025-06-30 00:00:00,300.0,4.23,47.8,58.0,571.0,7.0,0.04,3.83,7.3,0.42,5.0,1.503865280940217,0.05152283488358757,44.4,,6,0,0
2025-06-30 00:00:00,500.0,4.22,47.7,63.0,625.0,7.0,0.05,3.83,7.3,0.44,5.0,1.5306010599706916,0.0535500392290855,44.2,,6,0,0
2025-06-30 00:00:00,1900.0,4.18,49.5,26.0,230.0,7.0,0.04,3.83,7.3,0.41,5.0,1.43559522698851,0.051357438343948715,44.9,,6,0,0
2025-07-01 00:00:00,700.0,4.21,47.8,62.0,625.0,7.0,0.11,3.62,7.3,0.45,5.0,1.5240046972888635,0.054290388944931725,44.2,,0,0,0
2025-07-01 00:00:00,900.0,4.19,47.8,56.0,570.0,7.0,0.23,3.81,7.3,0.61,5.0,1.5032498542408166,0.05446087249148802,44.4,,0,0,0
2025-07-01 00:00:00,300.0,4.85,45.1,17.0,180.0,7.0,0.03,3.75,7.3,0.12,5.0,1.5,0.05,42.7,,1,2,1
2025-07-01 00:00:00,300.0,3.57,48.5,24.0,184.0,7.0,0.08,3.8,7.3,0.5,5.0,1.5436311426955285,0.04995823642403205,44.5,,0,0,0
2025-07-01 00:00:00,100.0,4.86,45.3,20.0,250.0,7.0,0.03,3.68,7.3,0.13,5.0,1.5,0.05,42.6,,1,2,1
2025-07-01 00:00:00,2300.0,4.86,45.4,22.0,230.0,7.0,0.03,3.61,7.3,0.14,5.0,1.5,0.05,42.8,,1,2,1
2025-07-01 00:00:00,2100.0,4.89,44.4,25.0,250.0,7.0,0.03,3.57,7.3,0.15,5.0,1.5,0.05,42.1,,1,2,1
2025-07-01 00:00:00,1900.0,4.96,43.9,18.0,180.0,7.0,0.03,3.56,7.3,0.15,5.0,1.6,0.05,42.0,,1,2,1
2025-07-01 00:00:00,1700.0,5.03,44.2,18.0,180.0,7.0,0.03,3.46,7.3,0.15,5.0,1.6,0.05,42.0,,1,2,1
2025-07-01 00:00:00,1500.0,5.05,44.0,27.0,250.0,7.0,0.03,3.5,7.3,0.14,5.0,1.6,0.05,42.0,B/W filter no. (2.00pm),1,2,1
2025-07-01 00:00:00,1300.0,4.88,45.0,20.0,250.0,7.0,0.03,3.51,7.3,0.15,5.0,1.6,0.05,42.5,,1,2,1
2025-07-01 00:00:00,1100.0,4.93,45.0,26.0,251.0,7.0,0.03,3.49,7.3,0.15,5.0,1.6,0.05,42.5,,1,2,1
2025-07-01 00:00:00,500.0,4.83,45.3,18.0,180.0,7.0,0.03,3.81,7.3,0.12,5.0,1.5,0.05,43.1,,1,2,1
2025-07-01 00:00:00,900.0,5.07,45.2,29.0,283.0,7.0,0.03,3.5,7.3,0.14,5.0,1.6,0.05,42.4,,1,2,1
2025-07-01 00:00:00,1100.0,4.18,47.7,54.0,380.0,7.0,0.27,3.8,7.3,0.59,5.0,1.4822658396311053,0.05408895422017757,44.3,,0,0,0
2025-07-01 00:00:00,500.0,3.54,48.5,22.0,164.0,7.0,0.08,3.56,7.3,0.5,5.0,1.4760399629228504,0.05020250030264057,44.6,,0,0,0
2025-07-01 00:00:00,1700.0,3.8,48.5,33.0,270.0,7.0,0.39,3.6,7.3,0.67,5.0,1.5440202860851624,0.05230846471915555,44.5,,0,0,0
2025-07-01 00:00:00,1900.0,3.75,50.5,32.0,255.0,7.0,0.37,3.78,7.3,0.67,5.0,1.5715752980837336,0.05129303663262349,44.6,,0,0,0
2025-07-01 00:00:00,2100.0,3.73,50.7,29.0,231.0,7.0,0.32,3.84,7.3,0.67,5.0,1.6079399360054627,0.05137556271352046,44.6,,0,0,0
2025-07-01 00:00:00,1500.0,4.08,47.8,37.0,355.0,7.0,0.39,3.82,7.3,0.64,5.0,1.488467358611706,0.053263553959491505,44.5,,0,0,0
2025-07-01 00:00:00,2300.0,3.68,48.5,27.0,214.0,7.0,0.25,3.8,7.3,0.65,5.0,1.5433617560423751,0.05031514805182479,44.6,,0,0,0
2025-07-01 00:00:00,100.0,3.62,48.8,26.0,194.0,7.0,0.08,3.8,7.3,0.5,5.0,1.537725223443585,0.05031514805182479,44.6,,0,0,0
2025-07-01 00:00:00,700.0,5.14,45.0,31.0,307.0,7.0,0.06,3.63,7.3,0.13,5.0,1.7,0.05,38.6,B/W fil. 2,1,2,1
2025-07-01 00:00:00,1300.0,4.16,47.8,51.0,380.0,7.0,0.46,3.79,7.3,0.56,5.0,1.4805752615140932,0.05321786291137342,44.4,,0,0,0
2025-07-02 00:00:00,1500.0,3.5,48.2,36.0,325.0,7.0,0.06,3.82,7.3,0.45,5.0,1.5431568942432061,0.05122068748924314,44.9,,0,0,0
2025-07-02 00:00:00,500.0,3.35,48.5,21.0,208.0,7.0,0.05,3.82,7.3,0.48,5.0,1.493305494193068,0.049537304808840395,45.3,,0,0,0
2025-07-02 00:00:00,300.0,3.35,48.5,21.0,208.0,7.0,0.05,3.82,7.3,0.45,5.0,1.493305494193068,0.049537304808840395,45.4,,0,0,0
2025-07-02 00:00:00,100.0,3.34,48.5,20.0,208.0,7.0,0.05,3.82,7.3,0.45,5.0,1.4816271469085474,0.049537304808840395,45.4,,0,0,0
2025-07-02 00:00:00,2300.0,3.38,48.5,20.0,208.0,7.0,0.06,3.82,7.3,0.44,5.0,1.4786947345299908,0.049537304808840395,45.6,,0,0,0
2025-07-02 00:00:00,2100.0,3.38,49.7,21.0,225.0,7.0,0.06,3.82,7.3,0.44,5.0,1.4820436266586914,0.049537304808840395,45.7,,0,0,0
2025-07-02 00:00:00,1900.0,3.37,52.8,23.0,238.0,7.0,0.06,3.83,7.3,0.44,5.0,1.4426324584521502,0.04993803304484699,45.8,,0,0,0
2025-07-02 00:00:00,1300.0,3.45,48.4,19.0,250.0,7.0,0.07,3.79,7.3,0.48,5.0,1.5083549285575741,0.049253399300770516,44.5,,0,0,0
2025-07-02 00:00:00,1100.0,3.47,48.5,21.0,260.0,7.0,0.08,3.78,7.3,0.58,5.0,1.5198371541766058,0.05017689367209273,44.6,,0,0,0
2025-07-02 00:00:00,1700.0,3.38,53.5,25.0,240.0,7.0,0.06,3.77,7.3,0.44,5.0,1.5162475406223956,0.05143318581665654,44.8,,0,0,0
2025-07-02 00:00:00,700.0,3.52,48.4,22.0,260.0,7.0,0.08,3.67,7.3,0.48,5.0,1.5198371541766058,0.05048014996848041,44.5,,0,0,0
2025-07-02 00:00:00,900.0,3.5,48.5,21.0,260.0,7.0,0.14,3.78,7.3,0.66,5.0,1.5070078409269143,0.05017689367209273,44.6,,0,0,0
2025-07-02 00:00:00,300.0,5.8,46.5,24.0,214.0,7.0,0.1,3.78,7.3,5.0,0.26,1.3,0.06,42.7,,2,2,1
2025-07-02 00:00:00,100.0,5.88,46.5,26.0,231.0,7.0,0.09,3.78,7.3,5.0,0.26,1.3,0.06,42.8,,2,2,1
2025-07-02 00:00:00,2300.0,6.0,46.3,27.0,258.0,7.0,0.08,3.8,7.3,5.0,0.24,1.2,0.06,42.8,,2,2,1
2025-07-02 00:00:00,2100.0,6.07,47.0,27.0,258.0,7.0,0.07,3.82,7.3,5.0,0.24,1.2,0.06,42.7,,2,2,1
2025-07-02 00:00:00,1900.0,6.14,46.6,25.0,258.0,7.0,0.06,3.82,7.3,5.0,0.23,1.3,0.06,42.7,B/W no.5,2,2,1
2025-07-02 00:00:00,500.0,5.76,45.6,23.0,180.0,7.0,0.1,3.78,7.3,5.0,0.26,1.3,0.06,42.7,,2,2,1
2025-07-02 00:00:00,1500.0,6.27,46.2,30.0,270.0,7.0,0.05,3.49,7.3,5.0,0.23,1.3,0.06,42.6,,2,2,1
2025-07-02 00:00:00,1300.0,6.36,45.4,25.0,200.0,7.0,0.05,3.47,7.3,5.0,0.23,1.3,0.06,46.1,,2,2,1
2025-07-02 00:00:00,700.0,6.6,45.3,24.0,200.0,7.0,0.14,3.78,7.3,5.0,0.23,1.4,0.06,42.3,"B/W filter 1,4,6 (8.00am)",2,2,1
2025-07-02 00:00:00,1100.0,6.46,45.0,25.0,200.0,7.0,0.05,3.71,7.3,5.0,0.26,1.4,0.06,42.4,,2,2,1
2025-07-02 00:00:00,1700.0,6.21,46.8,27.0,262.0,7.0,0.05,3.66,7.3,5.0,0.23,1.3,0.06,42.7,,2,2,1
2025-07-02 00:00:00,900.0,6.52,45.0,24.0,200.0,7.0,0.06,3.64,7.3,5.0,0.27,1.4,0.06,42.3,,2,2,1
2025-07-03 00:00:00,900.0,5.98,46.1,31.0,265.0,7.0,0.18,3.78,7.3,0.19,5.0,1.6,0.06,42.6,B/W no. 4?,3,2,2
2025-07-03 00:00:00,1100.0,5.96,44.9,98.0,830.0,7.0,0.03,3.57,7.3,0.18,5.0,1.6,0.06,42.4,,3,2,2
2025-07-03 00:00:00,1500.0,5.96,45.0,66.0,514.0,7.0,0.03,3.6,7.3,0.17,5.0,1.6,0.06,42.5,,3,2,2
2025-07-03 00:00:00,1900.0,6.04,45.2,45.0,447.0,7.0,0.03,3.4,7.3,0.16,5.0,1.6,0.06,42.5,,3,2,2
2025-07-03 00:00:00,2100.0,6.0,46.7,41.0,410.0,7.0,0.03,3.46,7.3,0.16,5.0,1.6,0.06,42.5,,3,2,2
2025-07-03 00:00:00,2300.0,5.93,46.2,36.0,380.0,7.0,0.1,3.4,7.3,0.21,5.0,1.7,0.06,42.0,B/W filter 5&6 (10.00pm),3,2,2
2025-07-03 00:00:00,100.0,5.98,46.2,36.0,380.0,7.0,0.06,3.46,7.3,0.15,5.0,1.7,0.06,42.3,,3,2,2
2025-07-03 00:00:00,300.0,6.32,45.8,37.0,380.0,7.0,0.06,3.5,7.3,0.15,5.0,1.7,0.06,42.3,,3,2,2
2025-07-03 00:00:00,500.0,6.37,45.8,37.0,380.0,7.0,0.06,3.54,7.3,0.15,5.0,1.7,0.06,42.3,,3,2,2
2025-07-03 00:00:00,1700.0,6.04,45.3,51.0,500.0,7.0,0.03,3.7,7.3,0.17,5.0,1.6,0.06,42.6,,3,2,2
2025-07-03 00:00:00,700.0,5.96,46.4,22.0,250.0,7.0,0.16,3.82,7.3,0.17,5.0,1.6,0.06,42.6,,3,2,2
2025-07-03 00:00:00,1300.0,5.92,44.8,76.0,625.0,7.0,0.03,3.6,7.3,0.18,5.0,1.6,0.06,42.5,,3,2,2
2025-07-03 00:00:00,500.0,3.73,47.9,24.0,232.0,7.0,0.06,3.8,7.3,0.47,5.0,1.497889263753304,0.05072399324306442,45.1,,0,0,0
2025-07-03 00:00:00,900.0,3.38,48.5,20.0,200.0,7.0,0.06,3.79,7.3,0.47,5.0,1.4882857113887877,0.049537304808840395,45.4,,0,0,0
2025-07-03 00:00:00,1100.0,3.36,49.3,20.0,200.0,7.0,0.06,3.79,7.3,0.46,5.0,1.4785794455278132,0.049537304808840395,45.3,,0,0,0
2025-07-03 00:00:00,1300.0,3.35,49.3,19.0,200.0,7.0,0.06,3.79,7.3,0.46,5.0,1.4785794455278132,0.049537304808840395,45.6,,0,0,0
2025-07-03 00:00:00,1500.0,3.78,48.9,17.0,195.0,7.0,0.06,3.82,7.3,0.47,5.0,1.5557065452687917,0.0506361778439673,45.5,,0,0,0
2025-07-03 00:00:00,1700.0,3.71,48.8,18.0,197.0,7.0,0.06,3.82,7.3,0.47,5.0,1.5108466577087938,0.0506361778439673,45.5,,0,0,0
2025-07-03 00:00:00,700.0,3.37,48.6,21.0,200.0,7.0,0.06,3.79,7.3,0.48,5.0,1.4902577928123337,0.049537304808840395,45.6,,0,0,0
2025-07-03 00:00:00,2100.0,3.67,48.8,18.0,200.0,7.0,0.06,3.81,7.3,0.48,5.0,1.4835618750176145,0.0506361778439673,45.3,,0,0,0
2025-07-03 00:00:00,2300.0,3.63,48.7,18.0,198.0,7.0,0.06,3.81,7.3,0.47,5.0,1.5063598669085498,0.05049804852837919,45.2,,0,0,0
2025-07-03 00:00:00,100.0,3.61,48.5,20.0,201.0,7.0,0.06,3.8,7.3,0.47,5.0,1.4792917772510812,0.05049804852837919,45.2,,0,0,0
2025-07-03 00:00:00,300.0,3.67,48.5,21.0,214.0,7.0,0.06,3.8,7.3,0.47,5.0,1.4848882296595785,0.05049804852837919,45.1,,0,0,0
2025-07-03 00:00:00,1900.0,3.71,48.1,19.0,200.0,7.0,0.06,3.81,7.3,0.48,5.0,1.4938715399209053,0.05087866383294716,45.3,,0,0,0
2025-07-04 00:00:00,300.0,7.79,46.8,63.0,611.0,7.0,0.22,3.78,7.3,0.24,5.0,1.6,0.06,43.6,,4,2,2
2025-07-04 00:00:00,900.0,7.63,47.9,203.0,2000.0,7.0,0.37,3.77,7.3,1.3,5.0,1.6,0.06,43.9,,4,2,2
2025-07-04 00:00:00,1100.0,7.71,47.2,141.0,1055.0,7.0,0.23,3.79,7.3,0.62,5.0,1.6,0.06,42.9,,4,2,2
2025-07-04 00:00:00,1300.0,7.76,47.1,107.0,850.0,7.0,0.28,3.79,7.3,0.29,5.0,1.6,0.06,42.9,,4,2,2
2025-07-04 00:00:00,1500.0,7.76,47.1,89.0,781.0,7.0,0.3,3.82,7.3,0.23,5.0,1.6,0.06,43.6,B/W no.5,4,2,2
2025-07-04 00:00:00,1700.0,7.77,46.7,68.0,635.0,7.0,0.26,3.81,7.3,0.22,5.0,1.6,0.06,43.7,,4,2,2
2025-07-04 00:00:00,1900.0,7.72,47.2,63.0,611.0,7.0,0.28,3.82,7.3,0.21,5.0,1.6,0.06,43.7,,4,2,2
2025-07-04 00:00:00,2100.0,7.68,47.0,62.0,609.0,7.0,0.25,3.82,7.3,0.21,5.0,1.6,0.06,43.6,,4,2,2
2025-07-04 00:00:00,2300.0,8.0,46.9,60.0,598.0,7.0,0.24,3.82,7.3,0.21,5.0,1.6,0.06,43.6,,4,2,2
2025-07-04 00:00:00,100.0,7.9,46.8,62.0,609.0,7.0,0.26,3.82,7.3,0.22,5.0,1.6,0.06,43.7,,4,2,2
2025-07-04 00:00:00,500.0,7.63,46.7,68.0,635.0,7.0,0.28,3.78,7.3,0.28,5.0,1.6,0.06,43.6,,4,1,2
2025-07-04 00:00:00,700.0,7.49,47.8,221.0,2110.0,7.0,0.29,3.78,7.3,0.19,5.0,1.6,0.06,43.8,B/W filter no.2&3 (5.45am),4,2,2
2025-07-04 00:00:00,1300.0,3.76,48.5,112.0,700.0,7.0,0.07,3.76,7.3,0.6,5.0,1.4625094897230182,0.05061827190566937,44.8,,0,0,0
2025-07-04 00:00:00,700.0,3.72,48.8,27.0,260.0,7.0,0.07,3.75,7.3,0.47,5.0,1.548552228181345,0.05061179874739679,44.5,,0,0,0
2025-07-04 00:00:00,1500.0,5.17,50.0,96.0,670.0,7.0,0.07,3.81,7.3,0.58,5.0,1.4042238351082454,0.05219468355397363,45.1,,0,0,0
2025-07-04 00:00:00,1700.0,5.09,52.1,70.0,551.0,7.0,0.06,3.75,7.3,0.51,5.0,1.2841003257316368,0.05474812840001516,45.4,,0,0,0
2025-07-04 00:00:00,1900.0,4.95,48.8,67.0,535.0,7.0,0.06,3.8,7.3,0.51,5.0,1.431681066265622,0.05324792278539553,45.5,,0,0,0
2025-07-04 00:00:00,2100.0,4.87,48.1,59.0,480.0,7.0,0.06,3.81,7.3,0.5,5.0,1.478911101909351,0.05336561464915198,45.7,,0,0,0
2025-07-04 00:00:00,2300.0,4.82,48.5,54.0,510.0,7.0,0.06,3.81,7.3,0.5,5.0,1.43378858712576,0.053113675120497174,45.6,,0,0,0
2025-07-04 00:00:00,100.0,4.9,48.5,50.0,491.0,7.0,0.06,3.78,7.3,0.5,5.0,1.4958535956857735,0.05267108216641904,45.5,,0,0,0
2025-07-04 00:00:00,300.0,4.95,48.4,48.0,472.0,7.0,0.06,3.78,7.3,0.47,5.0,1.4888833354046358,0.052725555352260076,45.5,,0,0,0
2025-07-04 00:00:00,500.0,5.0,48.4,45.0,441.0,7.0,0.06,3.78,7.3,0.46,5.0,1.513791657168335,0.05286966089450132,45.5,,0,0,0
2025-07-04 00:00:00,1100.0,3.74,48.4,39.0,350.0,7.0,0.07,3.78,7.3,0.47,5.0,1.6549611088390195,0.051448324733657354,44.8,,0,0,0
2025-07-04 00:00:00,900.0,3.73,48.4,39.0,350.0,7.0,0.07,3.75,7.3,0.47,5.0,1.5930103643227431,0.05155618838509768,44.6,,0,0,0
2025-07-05 00:00:00,1100.0,5.06,48.5,44.0,400.0,7.0,0.07,3.81,7.3,0.47,5.0,1.5747672664190935,0.05295171999891026,45.5,,0,0,0
2025-07-05 00:00:00,1300.0,5.1,48.6,46.0,400.0,7.0,0.08,3.79,7.3,0.51,5.0,1.533466718525119,0.05268368268859085,45.6,,0,0,0
2025-07-05 00:00:00,700.0,5.02,48.3,40.0,380.0,7.0,0.06,3.75,7.3,0.47,5.0,1.5311822819087992,0.05247857246167328,45.6,,0,0,0
2025-07-05 00:00:00,1500.0,4.99,49.0,45.0,385.0,7.0,0.09,3.82,7.3,0.52,5.0,1.512846679325569,0.05340130795540192,45.2,,0,0,0
2025-07-05 00:00:00,1700.0,4.93,48.9,49.0,385.0,7.0,0.07,3.83,7.3,0.54,5.0,1.4838422436308065,0.053822480133524975,45.3,,0,0,0
2025-07-05 00:00:00,1900.0,4.88,48.8,53.0,410.0,7.0,0.06,3.82,7.3,0.52,5.0,1.455454396724873,0.05348700526574547,45.1,,0,0,0
2025-07-05 00:00:00,2100.0,4.89,48.7,51.0,405.0,7.0,0.06,3.82,7.3,0.51,5.0,1.455454396724873,0.053813147384472404,45.4,,0,0,0
2025-07-05 00:00:00,2300.0,4.81,48.5,48.0,428.0,7.0,0.06,3.82,7.3,0.51,5.0,1.4809358858995547,0.05329800781157686,45.4,,0,0,0
2025-07-05 00:00:00,100.0,4.68,48.4,40.0,380.0,7.0,0.07,3.8,7.3,0.5,5.0,1.523973471234688,0.05299006120339951,45.3,,0,0,0
2025-07-05 00:00:00,300.0,4.57,48.4,37.0,347.0,7.0,0.07,3.8,7.3,0.49,5.0,1.5289312355944447,0.05294106335727909,45.3,,0,0,0
2025-07-05 00:00:00,500.0,4.51,48.4,30.0,312.0,7.0,0.07,3.8,7.3,0.49,5.0,1.4968736147211297,0.052859360992818426,45.3,,0,0,0
2025-07-05 00:00:00,900.0,5.03,48.4,40.0,380.0,7.0,0.06,3.81,7.3,0.47,5.0,1.5450615792392413,0.05237070881023295,45.6,,0,0,0
2025-07-06 00:00:00,900.0,4.52,48.4,27.0,311.0,7.0,0.07,3.82,7.3,0.49,5.0,1.4952336159768502,0.05094106291052637,45.2,,0,0,0
2025-07-06 00:00:00,700.0,4.5,48.4,29.0,312.0,7.0,0.07,3.81,7.3,0.49,5.0,1.4952336159768502,0.0509479072026162,45.2,,0,0,0
2025-07-06 00:00:00,1300.0,4.5,48.4,28.0,312.0,7.0,0.07,3.51,7.3,0.52,5.0,1.5101398995108235,0.050187272898587716,45.1,,0,0,0
2025-07-06 00:00:00,1500.0,4.04,50.8,27.0,310.0,7.0,0.12,3.68,7.3,0.64,5.0,1.40405010178612,0.05294983931413481,45.3,,0,0,0
2025-07-06 00:00:00,1100.0,4.5,48.3,28.0,312.0,7.0,0.07,3.81,7.3,0.49,5.0,1.4952336159768502,0.05122252140592194,45.4,,0,0,0
2025-07-06 00:00:00,1700.0,3.99,50.5,27.0,310.0,7.0,0.09,3.76,7.3,0.63,5.0,1.4755739817299063,0.05274249824709695,45.4,,0,0,0
2025-07-06 00:00:00,1900.0,3.96,50.2,28.0,312.0,7.0,0.05,3.83,7.3,0.54,5.0,1.4546907403337113,0.051802238877615196,45.3,,0,0,0
2025-07-06 00:00:00,2100.0,3.93,49.9,26.0,305.0,7.0,0.04,3.71,7.3,0.53,5.0,1.4561993797823842,0.05167457824028618,45.1,,0,0,0
2025-07-06 00:00:00,2300.0,3.89,48.5,26.0,305.0,7.0,0.04,3.81,7.3,0.52,5.0,1.4557772191476526,0.051359373521808,45.2,,0,0,0
2025-07-06 00:00:00,100.0,3.87,48.7,24.0,284.0,7.0,0.04,3.81,7.3,0.5,5.0,1.4199350011670933,0.051276670806242736,45.0,,0,0,0
2025-07-06 00:00:00,300.0,3.84,48.8,24.0,284.0,7.0,0.04,3.81,7.3,0.49,5.0,1.4199350011670933,0.05103001061190586,45.1,,0,0,0
2025-07-06 00:00:00,500.0,3.82,48.8,22.0,241.0,7.0,0.04,3.81,7.3,0.49,5.0,1.4252438883999319,0.050853555218999626,45.2,,0,0,0
2025-07-07 00:00:00,700.0,3.82,49.6,22.0,241.0,7.0,0.04,3.81,7.3,0.5,5.0,1.424761138813023,0.05077085250343436,45.0,,0,0,0
2025-07-07 00:00:00,1100.0,3.82,50.3,19.0,238.0,7.0,0.04,3.83,7.3,0.49,5.0,1.4211387288133943,0.050845525140946965,45.6,,0,0,0
2025-07-07 00:00:00,1300.0,3.84,50.0,18.0,235.0,7.0,0.04,3.82,7.3,0.53,5.0,1.4381618141330732,0.050845525140946965,45.5,,0,0,0
2025-07-07 00:00:00,1500.0,3.85,49.0,150.0,600.0,7.0,0.04,3.82,7.3,0.51,5.0,1.0461883629019733,0.050402417170905815,45.6,,0,0,0
2025-07-07 00:00:00,1700.0,3.88,49.1,25.0,300.0,7.0,0.04,3.82,7.3,0.51,5.0,1.4310456521648254,0.05149750283739611,45.6,,0,0,0
2025-07-07 00:00:00,1900.0,3.89,49.3,20.0,250.0,7.0,0.04,3.82,7.3,0.51,5.0,1.4233975583103737,0.050845525140946965,45.8,,0,0,0
2025-07-07 00:00:00,2100.0,3.89,48.5,19.0,238.0,7.0,0.04,3.82,7.3,0.51,5.0,1.4331038241713483,0.050845525140946965,45.5,,0,0,0
2025-07-07 00:00:00,900.0,3.81,49.5,20.0,240.0,7.0,0.04,3.84,7.3,0.49,5.0,1.5239812939995454,0.05160447662184745,45.4,,0,0,0
2025-07-07 00:00:00,100.0,3.82,49.3,19.0,238.0,7.0,0.04,3.81,7.3,0.5,5.0,1.4252438883999319,0.050845525140946965,45.3,,0,0,0
2025-07-07 00:00:00,300.0,3.84,49.8,17.0,216.0,7.0,0.04,3.81,7.3,0.49,5.0,1.420901119145598,0.05065673809681529,45.4,,0,0,0
2025-07-07 00:00:00,500.0,3.86,49.2,17.0,216.0,7.0,0.04,3.8,7.3,0.49,5.0,1.430583052483997,0.05065673809681529,45.6,,0,0,0
2025-07-07 00:00:00,2300.0,3.88,48.8,19.0,238.0,7.0,0.04,3.8,7.3,0.51,5.0,1.4248533306365112,0.050845525140946965,46.0,,0,0,0
2025-07-08 00:00:00,100.0,3.51,47.6,17.0,216.0,7.0,0.04,3.78,7.3,0.5,5.0,1.4359969055016808,0.050530160905392946,44.5,,0,0,0
2025-07-08 00:00:00,300.0,3.49,48.4,14.0,194.0,7.0,0.04,3.8,7.3,0.49,5.0,1.5006253589704626,0.050525919303559354,44.6,,0,0,0
2025-07-08 00:00:00,500.0,3.48,49.0,14.0,194.0,7.0,0.04,3.81,7.3,0.49,5.0,1.4913096508729087,0.050733890290856426,44.4,,0,0,0
2025-07-08 00:00:00,1900.0,3.51,47.6,20.0,230.0,7.0,0.04,3.81,7.3,0.53,5.0,1.422116176836097,0.05092691893682169,44.4,,0,0,0
2025-07-08 00:00:00,1700.0,3.48,47.8,20.0,230.0,7.0,0.04,3.82,7.3,0.53,5.0,1.4285322908119993,0.05071894794952462,44.7,,0,0,0
2025-07-08 00:00:00,2300.0,3.5,48.8,19.0,225.0,7.0,0.04,3.71,7.3,0.53,5.0,1.4205609177932204,0.050777625470511206,44.7,,0,0,0
2025-07-08 00:00:00,700.0,3.69,49.1,17.0,216.0,7.0,0.04,3.78,7.3,0.49,5.0,1.4316351811208954,0.05065673809681529,45.9,,0,0,0
2025-07-08 00:00:00,900.0,3.7,49.1,17.0,216.0,7.0,0.04,3.85,7.3,0.66,5.0,1.5015382698463065,0.0511948575465624,45.0,,0,0,0
2025-07-08 00:00:00,1300.0,3.58,48.8,19.0,225.0,7.0,0.04,3.83,7.3,0.52,5.0,1.40747641934948,0.05071894794952462,44.5,,0,0,0
2025-07-08 00:00:00,2100.0,3.52,48.5,17.0,216.0,7.0,0.04,3.62,7.3,0.53,5.0,1.4463256521457393,0.050314601890734924,44.6,,0,0,0
2025-07-08 00:00:00,1100.0,3.62,48.7,19.0,225.0,7.0,0.04,3.82,7.3,0.49,5.0,1.4219152717855008,0.05091290011773964,44.5,,0,0,0
2025-07-08 00:00:00,1500.0,3.55,49.3,20.0,230.0,7.0,0.04,3.83,7.3,0.52,5.0,1.4178600522545988,0.05071894794952462,44.8,,0,0,0
2025-07-09 00:00:00,300.0,4.6,53.0,35.0,341.0,7.0,3.0,3.8,7.3,2.7,5.0,1.4,0.06,48.2,,9,2,2
2025-07-09 00:00:00,700.0,5.32,52.9,80.0,801.0,7.0,1.5,3.82,7.3,0.32,5.0,1.8,0.05,48.0,,9,2,2
2025-07-09 00:00:00,900.0,5.29,52.8,60.0,600.0,7.0,1.8,3.79,7.3,0.92,5.0,1.7,0.05,48.0,,9,2,2
2025-07-09 00:00:00,1100.0,5.16,52.7,61.0,601.0,7.0,2.0,3.56,7.3,0.96,5.0,1.6,0.05,48.2,,9,2,2
2025-07-09 00:00:00,1500.0,4.96,52.6,57.0,586.0,7.0,9.8,3.4,7.3,6.0,5.0,1.6,0.06,47.9,,9,2,2
2025-07-09 00:00:00,1700.0,4.78,52.2,47.0,531.0,7.0,8.9,3.5,7.3,7.1,5.0,1.1,0.06,48.2,,9,2,2
2025-07-09 00:00:00,1900.0,4.77,52.7,48.0,534.0,7.0,8.6,3.51,7.3,6.8,5.0,1.0,0.06,48.2,,9,2,2
2025-07-09 00:00:00,2300.0,4.85,53.5,41.0,480.0,7.0,7.6,3.75,7.3,6.4,5.0,1.0,0.06,48.3,,9,2,2
2025-07-09 00:00:00,100.0,4.72,53.0,39.0,371.0,7.0,6.4,3.8,7.3,6.0,5.0,1.2,0.06,48.2,,9,2,2
2025-07-09 00:00:00,1300.0,5.16,52.4,61.0,601.0,7.0,2.2,3.31,7.3,5.0,5.0,1.7,0.06,47.8,,9,2,2
2025-07-09 00:00:00,2100.0,4.87,52.9,41.0,480.0,7.0,8.1,3.64,7.3,6.6,5.0,1.0,0.06,48.1,,9,2,2
2025-07-09 00:00:00,500.0,4.44,53.0,32.0,301.0,7.0,2.4,3.37,7.3,2.4,5.0,1.4,0.06,48.2,,9,2,2
2025-07-09 00:00:00,300.0,3.84,48.2,28.0,276.0,7.0,0.04,3.76,7.3,0.51,5.0,1.4616729313200374,0.051141858191812446,45.1,,0,0,0
2025-07-09 00:00:00,500.0,3.82,48.1,30.0,284.0,7.0,0.04,3.8,7.3,0.51,5.0,1.455386661384232,0.051165497613347995,45.0,,0,0,0
2025-07-09 00:00:00,700.0,3.68,49.0,15.0,200.0,7.0,0.04,3.77,7.3,0.49,5.0,1.4513835999045628,0.0502377122956133,44.8,,0,0,0
2025-07-09 00:00:00,900.0,3.84,49.0,20.0,230.0,7.0,0.04,3.68,7.3,0.49,5.0,1.4311396005723167,0.050683370630780177,44.8,,0,0,0
2025-07-09 00:00:00,1100.0,3.84,49.2,50.0,400.0,7.0,0.04,3.75,7.3,0.5,5.0,1.4643094550926614,0.051286255605602724,45.1,,0,0,0
2025-07-09 00:00:00,1300.0,3.82,49.1,20.0,230.0,7.0,0.04,3.79,7.3,0.53,5.0,1.4311396005723167,0.05070739582535885,45.2,,0,0,0
2025-07-09 00:00:00,100.0,3.86,47.8,28.0,276.0,7.0,0.04,3.68,7.3,0.52,5.0,1.4616729313200374,0.05167856216875244,45.1,,0,0,0
2025-07-09 00:00:00,1700.0,3.93,48.2,46.0,465.0,7.0,0.04,3.64,7.3,0.53,5.0,1.48315604708027,0.05182475788337487,45.1,,0,0,0
2025-07-09 00:00:00,1900.0,3.99,48.0,29.0,274.0,7.0,0.03,3.62,7.3,0.53,5.0,1.5078755448408756,0.05099276410285172,45.1,,0,0,0
2025-07-09 00:00:00,2100.0,3.99,48.0,27.0,261.0,7.0,0.03,3.4,7.3,0.54,5.0,1.5113374406668212,0.05078394928034882,45.0,,0,0,0
2025-07-09 00:00:00,2300.0,4.06,48.6,26.0,261.0,7.0,0.08,3.51,7.3,0.54,5.0,1.455079009212421,0.052248121880182116,45.2,,0,0,0
2025-07-09 00:00:00,1500.0,3.95,47.9,19.0,225.0,7.0,0.04,3.63,7.3,0.53,5.0,1.4485855884725791,0.05059099361987323,45.2,,0,0,0
2025-07-10 00:00:00,1300.0,4.08,55.6,15.0,152.0,7.0,0.08,3.64,7.3,0.5,5.0,0.51,0.06,47.4,,10,2,1
2025-07-10 00:00:00,1100.0,3.92,54.0,15.0,152.0,7.0,0.12,3.8,7.3,0.49,5.0,0.8,0.06,47.5,,10,2,1
2025-07-10 00:00:00,900.0,4.11,53.5,15.0,152.0,7.0,0.15,3.8,7.3,0.5,5.0,0.8,0.06,47.5,,10,2,1
2025-07-10 00:00:00,700.0,3.7,53.9,14.0,124.0,7.0,0.14,3.8,7.3,0.5,5.0,1.2466010110905434,0.06,47.5,,10,2,1
2025-07-10 00:00:00,700.0,4.35,49.0,39.0,350.0,7.0,0.03,3.68,7.3,0.59,5.0,1.6075615588244823,0.05198469849910964,45.3,,0,0,0
2025-07-10 00:00:00,900.0,4.42,49.0,50.0,400.0,7.0,0.03,3.6,7.3,0.5,5.0,1.5718077836035507,0.05148373130258327,45.3,,0,0,0
2025-07-10 00:00:00,1500.0,4.21,49.7,71.0,540.0,7.0,0.03,3.7,7.3,0.56,5.0,1.5511243433578246,0.0521330256028589,44.6,,0,0,0
2025-07-10 00:00:00,1500.0,4.06,53.8,20.0,248.0,7.0,0.1,3.54,7.3,0.49,5.0,0.7,0.06,47.3,,10,2,1
2025-07-10 00:00:00,1700.0,4.07,48.9,38.0,350.0,7.0,0.03,3.7,7.3,0.64,5.0,1.6247224408991012,0.05174523288050427,44.8,,0,0,0
2025-07-10 00:00:00,2100.0,4.09,48.5,30.0,315.0,7.0,0.04,3.5,7.3,0.54,5.0,1.4804084356652716,0.05095023620078779,44.8,,0,0,0
2025-07-10 00:00:00,2300.0,4.08,48.3,29.0,210.0,7.0,0.04,3.63,7.3,0.54,5.0,1.4848935112359312,0.05166222126313947,44.6,,0,0,0
2025-07-10 00:00:00,100.0,4.09,48.5,24.0,264.0,7.0,0.04,3.72,7.3,0.54,5.0,1.4354923703077176,0.051664685355045877,44.4,,0,0,0
2025-07-10 00:00:00,300.0,4.07,48.6,23.0,264.0,7.0,0.04,3.8,7.3,0.51,5.0,1.4329301651410231,0.05134885071630848,44.7,,0,0,0
2025-07-10 00:00:00,500.0,4.03,46.6,21.0,230.0,7.0,0.04,3.81,7.3,0.51,5.0,1.44573934572247,0.05206086637766062,44.7,,0,0,0
2025-07-10 00:00:00,1300.0,4.22,49.3,78.0,550.0,7.0,0.03,3.58,7.3,0.54,5.0,1.562281639561842,0.05139126990524193,44.8,,0,0,0
2025-07-10 00:00:00,1700.0,4.16,54.1,16.0,168.0,7.0,0.05,3.2,7.3,0.45,5.0,0.87,0.06,47.4,,10,2,1
2025-07-10 00:00:00,1900.0,4.06,48.2,31.0,330.0,7.0,0.04,3.68,7.3,0.55,5.0,1.4768200592375857,0.05180652315061533,44.8,,0,0,0
2025-07-10 00:00:00,2100.0,4.14,54.2,15.0,150.0,7.0,0.04,2.89,7.3,0.42,5.0,0.81,0.06,47.3,,10,2,1
2025-07-10 00:00:00,1900.0,4.15,54.0,16.0,168.0,7.0,0.06,2.8,7.3,0.45,5.0,0.87,0.06,47.4,,10,2,1
2025-07-10 00:00:00,500.0,3.51,53.5,14.0,124.0,7.0,0.12,3.84,7.3,0.43,5.0,1.0,0.06,46.7,,10,2,1
2025-07-10 00:00:00,1100.0,4.37,49.5,78.0,550.0,7.0,0.03,3.73,7.3,0.54,5.0,1.4729057942491857,0.05199356947169751,45.1,,0,0,0
2025-07-10 00:00:00,100.0,3.69,54.3,16.0,158.0,7.0,0.07,3.55,7.3,0.42,5.0,0.9,0.06,46.8,,10,2,1
2025-07-10 00:00:00,300.0,3.55,53.8,16.0,158.0,7.0,0.1,3.73,7.3,0.42,5.0,0.98,0.06,46.7,,10,2,1
2025-07-10 00:00:00,2300.0,3.93,54.6,16.0,158.0,7.0,0.06,3.02,7.3,0.42,5.0,0.88,0.06,46.6,,10,2,1
2025-07-11 00:00:00,700.0,5.93,52.0,45.0,432.0,7.0,0.04,3.84,7.3,0.28,5.0,1.7,0.06,46.6,,11,2,1
2025-07-11 00:00:00,900.0,5.96,52.6,47.0,438.0,7.0,0.04,3.81,7.3,0.28,5.0,1.6,0.06,46.8,,11,2,1
2025-07-11 00:00:00,1100.0,3.93,54.3,23.0,248.0,7.0,0.04,3.83,7.3,0.51,5.0,1.1481785537560238,0.053479427780693416,45.3,,0,0,0
2025-07-11 00:00:00,1300.0,3.81,51.5,24.0,251.0,7.0,0.04,3.84,7.3,0.54,5.0,1.446404560538697,0.05252394104453861,45.5,,0,0,0
2025-07-11 00:00:00,1500.0,3.7,49.0,25.0,261.0,7.0,0.04,3.7,7.3,0.54,5.0,1.4467325241601556,0.0510987307208063,45.5,,0,0,0
2025-07-11 00:00:00,1700.0,3.6,49.1,22.0,246.0,7.0,0.04,3.81,7.3,0.54,5.0,1.4146652056208355,0.05112178372680252,45.6,,0,0,0
2025-07-11 00:00:00,1900.0,3.58,48.0,21.0,218.0,7.0,0.04,3.78,7.3,0.54,5.0,1.430267183654195,0.05080475013791098,45.4,,0,0,0
2025-07-11 00:00:00,2100.0,3.57,48.5,22.0,224.0,7.0,0.04,3.86,7.3,0.54,5.0,1.526157730543542,0.05159721106104518,45.4,,0,0,0
2025-07-11 00:00:00,2300.0,3.58,48.6,22.0,224.0,7.0,0.04,3.76,7.3,0.54,5.0,1.4205609177932204,0.05094612323158502,45.3,,0,0,0
2025-07-11 00:00:00,100.0,3.57,48.5,22.0,224.0,7.0,0.04,3.8,7.3,0.54,5.0,1.4239809137183894,0.05070013026455658,45.2,,0,0,0
2025-07-11 00:00:00,700.0,3.8,49.7,20.0,228.0,7.0,0.04,3.82,7.3,0.51,5.0,1.4080909259096468,0.05070739582535885,45.2,,0,0,0
2025-07-11 00:00:00,300.0,3.56,48.3,23.0,218.0,7.0,0.04,3.81,7.3,0.54,5.0,1.42437147148181,0.05074275099929213,45.3,,0,0,0
2025-07-11 00:00:00,1100.0,5.92,52.8,54.0,556.0,7.0,0.04,3.8,7.3,0.28,5.0,1.6,0.06,46.8,,11,2,1
2025-07-11 00:00:00,1300.0,5.9,52.6,47.0,438.0,7.0,0.04,3.84,7.3,0.3,5.0,1.4,0.06,46.7,,11,2,1
2025-07-11 00:00:00,1500.0,5.61,52.5,40.0,415.0,7.0,0.04,3.84,7.3,0.31,5.0,1.1,0.05,46.6,,11,2,1
2025-07-11 00:00:00,1700.0,5.28,52.0,43.0,428.0,7.0,0.04,3.84,7.3,0.31,5.0,1.3,0.05,46.9,,11,2,1
2025-07-11 00:00:00,1900.0,5.16,51.5,44.0,432.0,7.0,0.04,3.84,7.3,0.31,5.0,1.7,0.05,46.6,,11,2,1
2025-07-11 00:00:00,2100.0,5.08,52.5,45.0,441.0,7.0,0.04,3.84,7.3,0.32,5.0,1.4,0.05,47.1,,11,2,1
2025-07-11 00:00:00,2300.0,5.19,52.4,37.0,362.0,7.0,0.04,3.83,7.3,0.32,5.0,1.4,0.05,47.1,,11,2,1
2025-07-11 00:00:00,100.0,5.12,52.2,31.0,304.0,7.0,0.04,3.81,7.3,0.31,5.0,1.7,0.05,47.0,,11,2,1
2025-07-11 00:00:00,300.0,5.0,52.1,25.0,241.0,7.0,0.04,3.81,7.3,0.31,5.0,1.7,0.05,47.0,,11,2,1
2025-07-11 00:00:00,500.0,4.75,52.1,19.0,179.0,7.0,0.04,3.81,7.3,0.3,5.0,1.7,0.05,47.0,,11,2,1
2025-07-11 00:00:00,500.0,3.54,48.4,23.0,218.0,7.0,0.04,3.82,7.3,0.54,5.0,1.4285322908119993,0.05074275099929213,45.4,,0,0,0
2025-07-11 00:00:00,900.0,3.72,49.6,20.0,228.0,7.0,0.04,3.82,7.3,0.51,5.0,1.4080909259096468,0.050845525140946965,45.3,,0,0,0
2025-07-12 00:00:00,700.0,3.45,48.7,21.0,228.0,7.0,0.04,3.79,7.3,0.53,5.0,1.4207570394587092,0.049846072069634435,45.6,,0,0,0
2025-07-12 00:00:00,900.0,3.46,48.6,21.0,228.0,7.0,0.04,3.61,7.3,0.53,5.0,1.4308896644372788,0.05063464898757717,45.6,,0,0,0
2025-07-12 00:00:00,100.0,4.81,51.3,20.0,200.0,7.0,0.03,3.82,7.3,0.24,5.0,1.4788213353691966,0.05,46.6,,12,2,1
2025-07-12 00:00:00,500.0,5.07,51.6,13.0,136.0,7.0,0.03,3.82,7.3,0.24,5.0,1.5644173926619844,0.05,46.7,,12,2,1
2025-07-12 00:00:00,300.0,4.86,51.4,15.0,154.0,7.0,0.03,3.82,7.3,0.24,5.0,1.442529745146859,0.05,46.5,,12,2,1
2025-07-12 00:00:00,2300.0,4.78,51.3,20.0,200.0,7.0,0.03,3.82,7.3,0.24,5.0,1.4959130771732896,0.05,46.6,,12,2,1
2025-07-12 00:00:00,1900.0,4.77,51.3,27.0,247.0,7.0,0.03,3.82,7.3,0.24,5.0,1.4292807057769377,0.05,46.7,,12,2,1
2025-07-12 00:00:00,1700.0,4.85,51.4,27.0,247.0,7.0,0.03,3.82,7.3,0.24,5.0,1.4184964147336463,0.05,46.7,,12,2,1
2025-07-12 00:00:00,1500.0,5.03,51.3,40.0,470.0,7.0,0.03,3.83,7.3,0.25,5.0,1.6508671941239825,0.05,46.6,,12,2,1
2025-07-12 00:00:00,1300.0,5.13,50.3,65.0,650.0,7.0,0.03,3.83,7.3,0.25,5.0,1.7575456054891,0.05,46.7,,12,2,1
2025-07-12 00:00:00,1100.0,5.26,50.7,30.0,300.0,7.0,0.03,3.83,7.3,0.24,5.0,0.5,0.05,46.7,,12,2,1
2025-07-12 00:00:00,900.0,5.29,50.5,15.0,150.0,7.0,0.03,3.65,7.3,0.24,5.0,1.4,0.05,46.5,,12,2,1
2025-07-12 00:00:00,700.0,5.16,50.6,13.0,130.0,7.0,0.03,3.83,7.3,0.24,5.0,1.3,0.05,46.7,B/W 4/5,12,2,1
2025-07-12 00:00:00,1100.0,3.64,48.8,20.0,225.0,7.0,0.04,3.41,7.3,0.53,5.0,1.434387214510575,0.050723865045697876,45.4,,0,0,0
2025-07-12 00:00:00,1300.0,3.48,48.7,19.0,215.0,7.0,0.04,3.48,7.3,0.56,5.0,1.4236401173458162,0.05025155385490838,45.4,,0,0,0
2025-07-12 00:00:00,2100.0,4.76,51.0,23.0,221.0,7.0,0.03,3.8,7.3,0.24,5.0,1.4140656240182046,0.05,46.7,,12,2,1
2025-07-12 00:00:00,1500.0,3.45,48.5,19.0,215.0,7.0,0.04,3.22,7.3,0.57,5.0,1.4476372666748665,0.049886591578986596,45.4,,0,0,0
2025-07-12 00:00:00,1900.0,3.36,48.5,19.0,215.0,7.0,0.04,3.3,7.3,0.86,5.0,1.4389450605568492,0.049886591578986596,45.4,,0,0,0
2025-07-12 00:00:00,2100.0,3.36,48.5,18.0,200.0,7.0,0.04,3.3,7.3,0.86,5.0,1.4625204513096124,0.05022675769473571,45.3,,0,0,0
2025-07-12 00:00:00,2300.0,3.36,49.0,20.0,228.0,7.0,0.04,3.3,7.3,0.86,5.0,1.4292387946958747,0.049886591578986596,45.4,,0,0,0
2025-07-12 00:00:00,100.0,3.35,49.0,15.0,200.0,7.0,0.05,3.48,7.3,0.54,5.0,1.4830314501135977,0.04972727636908698,45.4,,0,0,0
2025-07-12 00:00:00,300.0,3.34,49.0,15.0,200.0,7.0,0.05,3.79,7.3,0.54,5.0,1.4872415797538556,0.0495330632070068,45.4,,0,0,0
2025-07-12 00:00:00,500.0,3.32,49.0,15.0,200.0,7.0,0.05,3.8,7.3,0.54,5.0,1.4809553098180501,0.0495330632070068,45.4,,0,0,0
2025-07-12 00:00:00,1700.0,3.71,48.5,19.0,215.0,7.0,0.04,3.27,7.3,0.86,5.0,1.4440934803715495,0.050568242649708925,45.4,,0,0,0
2025-07-13 00:00:00,300.0,4.04,48.4,40.0,342.0,7.0,0.07,3.83,7.3,0.58,5.0,1.44873421798258,0.0541826888758151,44.3,,0,0,0
2025-07-13 00:00:00,500.0,4.06,48.6,40.0,342.0,7.0,0.07,3.83,7.3,0.58,5.0,1.4995121638865119,0.05424167593421033,45.7,,0,0,0
2025-07-13 00:00:00,100.0,4.01,48.0,48.0,398.0,7.0,0.07,3.8,7.3,0.58,5.0,1.4993465259581014,0.0533383996412369,44.9,,0,0,0
2025-07-13 00:00:00,2300.0,4.03,48.2,74.0,786.0,7.0,0.08,3.82,7.3,0.58,5.0,1.4593782474890578,0.05566670160377842,45.6,,0,0,0
2025-07-13 00:00:00,2100.0,4.04,48.4,89.0,874.0,7.0,0.08,3.82,7.3,0.55,5.0,1.4181307018183256,0.05538742722005954,45.8,,0,0,0
2025-07-13 00:00:00,1900.0,4.2,48.6,109.0,1008.0,7.0,0.05,3.82,7.3,0.55,5.0,1.3795041195752227,0.052812117696156534,45.8,,0,0,0
2025-07-13 00:00:00,1500.0,4.51,48.5,32.0,300.0,7.0,0.03,3.84,7.3,0.55,5.0,1.6527269021621322,0.05098265078321996,45.8,,0,0,0
2025-07-13 00:00:00,1300.0,4.45,51.5,26.0,280.0,7.0,0.03,3.84,7.3,0.55,5.0,1.5594854555863729,0.05222685086915109,45.8,,0,0,0
2025-07-13 00:00:00,1100.0,4.31,48.8,16.0,198.0,7.0,0.04,3.83,7.3,0.54,5.0,1.4828202985024044,0.050389181945244416,45.7,,0,0,0
2025-07-13 00:00:00,900.0,3.75,48.6,15.0,192.0,7.0,0.04,3.83,7.3,0.53,5.0,1.5080498973860634,0.05045854432676668,45.8,,0,0,0
2025-07-13 00:00:00,700.0,3.45,48.5,15.0,192.0,7.0,0.04,3.83,7.3,0.53,5.0,1.4905397998419716,0.05000465365926424,45.7,,0,0,0
2025-07-13 00:00:00,1700.0,4.33,48.4,91.0,900.0,7.0,0.04,3.84,7.3,0.55,5.0,1.5017305593122021,0.053266868048521994,45.7,,0,0,0
2025-07-14 00:00:00,2100.0,,48.5,34.0,300.0,7.0,0.06,3.47,7.3,0.61,5.0,1.5190196274118877,0.05343251195973689,48.4,,0,0,0
2025-07-14 00:00:00,500.0,3.64,49.4,24.0,265.0,7.0,0.05,3.65,7.3,0.55,5.0,1.4956400809606762,0.05051469526003455,44.7,,0,0,0
2025-07-14 00:00:00,100.0,3.77,51.5,31.0,290.0,7.0,0.05,3.57,7.3,0.57,5.0,1.5458562402279241,0.05189000434296609,44.6,,0,0,0
2025-07-14 00:00:00,2300.0,3.79,54.3,33.0,296.0,7.0,0.05,3.43,7.3,0.59,5.0,1.3725159148842954,0.056294196211261714,44.6,,0,0,0
2025-07-14 00:00:00,1900.0,,48.5,40.0,342.0,7.0,0.08,3.55,7.3,0.67,5.0,1.5533378742977721,0.05341627340292591,48.4,,0,0,0
2025-07-14 00:00:00,300.0,3.75,49.7,27.0,288.0,7.0,0.05,3.6,7.3,0.56,5.0,1.5539799131089203,0.05016405988923034,44.7,,0,0,0
2025-07-14 00:00:00,1500.0,4.19,48.5,56.0,420.0,7.0,0.07,3.68,7.3,0.58,5.0,1.6090152172476408,0.05823857045226452,48.4,,0,0,0
2025-07-14 00:00:00,1300.0,4.2,48.5,49.0,374.0,7.0,0.05,3.8,7.3,0.57,5.0,1.4949412095236252,0.053320776974723955,45.4,,0,0,0
2025-07-14 00:00:00,1100.0,4.28,48.5,40.0,342.0,7.0,0.05,3.82,7.3,0.57,5.0,1.551458764669185,0.053213469542923206,45.4,,0,0,0
2025-07-14 00:00:00,900.0,4.28,49.4,36.0,298.0,7.0,0.05,3.83,7.3,0.55,5.0,1.5407952022992233,0.052826184094337814,45.0,,0,0,0
2025-07-14 00:00:00,700.0,4.3,48.5,38.0,314.0,7.0,0.06,3.82,7.3,0.55,5.0,1.56044060311029,0.05329796112520818,45.7,,0,0,0
2025-07-14 00:00:00,1700.0,,48.5,49.0,374.0,7.0,0.09,3.58,7.3,0.92,5.0,1.5665115599545676,0.05358511627301082,48.4,,0,0,0
2025-07-15 00:00:00,1300.0,3.67,49.8,22.0,241.0,7.0,0.06,3.64,7.3,0.6,5.0,1.489992880007655,0.050564745976562894,44.5,,0,0,0
2025-07-15 00:00:00,700.0,3.62,50.0,23.0,251.0,7.0,0.05,3.56,7.3,0.55,5.0,1.5121108404490309,0.05051469526003455,44.8,,0,0,0
2025-07-15 00:00:00,900.0,3.59,49.8,23.0,251.0,7.0,0.05,3.57,7.3,0.55,5.0,1.4876592738918084,0.050320743091819525,44.9,,0,0,0
2025-07-15 00:00:00,1100.0,3.53,50.0,22.0,241.0,7.0,0.05,3.57,7.3,0.55,5.0,1.5067662989688417,0.05037079380834787,44.8,,0,0,0
2025-07-15 00:00:00,1500.0,,49.8,21.0,240.0,7.0,0.07,3.75,7.3,0.59,5.0,1.4990460916641095,0.05001427265294624,44.5,,0,0,0
2025-07-15 00:00:00,500.0,3.44,49.3,14.0,200.0,7.0,0.06,3.83,7.3,0.57,5.0,1.4816083018366775,0.04939493389141869,45.1,,0,0,0
2025-07-15 00:00:00,1900.0,,49.8,19.0,215.0,7.0,0.09,3.6,7.3,0.68,5.0,1.5061300765876913,0.04956090896266735,44.6,,0,0,0
2025-07-15 00:00:00,1700.0,,49.8,20.0,240.0,7.0,0.07,3.74,7.3,0.6,5.0,1.4894563501491986,0.05001427265294624,44.5,,0,0,0
2025-07-15 00:00:00,2300.0,3.48,50.3,17.0,212.0,7.0,0.07,3.84,7.3,0.61,5.0,1.5778773071586272,0.050949864845665355,44.9,,0,0,0
2025-07-15 00:00:00,2100.0,,49.8,18.0,215.0,7.0,0.07,3.81,7.3,0.64,5.0,1.5183073153611493,0.04990640900150591,44.6,,0,0,0
2025-07-15 00:00:00,100.0,3.48,49.3,17.0,212.0,7.0,0.07,3.82,7.3,0.61,5.0,1.478841460737478,0.05007823722810136,44.8,,0,0,0
2025-07-15 00:00:00,300.0,3.48,48.8,14.0,200.0,7.0,0.06,3.83,7.3,0.57,5.0,1.4814121801711886,0.05021715204276531,44.9,,0,0,0
2025-07-16 00:00:00,1100.0,3.38,49.8,12.0,162.0,7.0,0.06,3.82,7.3,0.58,5.0,1.4049480281401816,0.049659118529544174,45.0,,0,0,0
2025-07-16 00:00:00,1300.0,3.46,49.6,12.0,162.0,7.0,0.08,3.85,7.3,0.6,5.0,1.5007603379597283,0.051040115427616314,44.9,,0,0,0
2025-07-16 00:00:00,1500.0,3.56,49.6,12.0,162.0,7.0,0.09,3.82,7.3,0.62,5.0,1.4182272637204887,0.05016848781005232,44.9,,0,0,0
2025-07-16 00:00:00,1700.0,,49.6,12.0,162.0,7.0,0.09,3.79,7.3,0.65,5.0,1.4431546153490824,0.049964901246715945,44.9,,0,0,0
2025-07-16 00:00:00,2100.0,,49.9,12.0,162.0,7.0,0.1,3.81,7.3,0.74,5.0,1.472391786310664,0.049907206881706315,44.8,,0,0,0
2025-07-16 00:00:00,2300.0,3.35,52.1,10.0,159.0,7.0,0.11,3.84,7.3,0.68,5.0,1.77444947636953,0.05146114509050942,45.0,,0,0,0
2025-07-16 00:00:00,100.0,3.37,49.8,10.0,159.0,7.0,0.12,3.83,7.3,0.65,5.0,1.6060515900708328,0.04967493990200877,45.2,,0,0,0
2025-07-16 00:00:00,300.0,3.41,49.8,10.0,159.0,7.0,0.12,3.83,7.3,0.61,5.0,1.6060515900708328,0.04967493990200877,45.1,,0,0,0
2025-07-16 00:00:00,500.0,3.36,49.8,10.0,159.0,7.0,0.12,3.83,7.3,0.61,5.0,1.6060515900708328,0.049596603674325175,45.0,,0,0,0
2025-07-16 00:00:00,900.0,3.4,50.0,14.0,192.0,7.0,0.06,3.56,7.3,0.59,5.0,1.5028763760958277,0.04975197024496226,45.2,,0,0,0
2025-07-16 00:00:00,1900.0,,49.9,12.0,162.0,7.0,0.09,3.8,7.3,0.92,5.0,1.4572103773612868,0.049907206881706315,44.9,,0,0,0
2025-07-16 00:00:00,700.0,3.43,50.0,13.0,174.0,7.0,0.06,3.81,7.3,0.57,5.0,1.4681784906090714,0.04995947668460326,45.1,,0,0,0
2025-07-17 00:00:00,500.0,3.68,48.1,26.0,250.0,7.0,0.05,3.81,7.3,0.25,5.0,1.5254619665521856,0.05072399324306442,45.1,,6,0,0
2025-07-17 00:00:00,300.0,3.67,48.1,26.0,250.0,7.0,0.05,3.79,7.3,0.25,5.0,1.5313576787245704,0.05072399324306442,45.1,,6,0,0
2025-07-17 00:00:00,100.0,3.64,48.1,26.0,250.0,7.0,0.05,3.64,7.3,0.25,5.0,1.5313576787245704,0.05069655478477221,45.2,,6,0,0
2025-07-17 00:00:00,2300.0,3.62,48.0,23.0,230.0,7.0,0.04,3.42,7.3,0.25,5.0,1.4440934803715495,0.05062289340066332,45.2,,6,0,0
2025-07-17 00:00:00,2100.0,3.63,48.0,24.0,233.0,7.0,0.04,3.42,7.3,0.28,5.0,1.4440934803715495,0.05062289340066332,45.1,,6,0,0
2025-07-17 00:00:00,1900.0,3.66,48.0,26.0,255.0,7.0,0.04,3.41,7.3,0.25,5.0,1.4702294324911342,0.05090435189605889,45.3,,6,0,0
2025-07-17 00:00:00,1700.0,3.67,48.2,26.0,255.0,7.0,0.04,3.42,7.3,0.25,5.0,1.4702294324911342,0.05062289340066332,45.2,,6,0,0
2025-07-17 00:00:00,1500.0,4.59,48.5,31.0,270.0,7.0,0.03,3.33,7.3,0.25,5.0,1.5367046821815726,0.04986699453651904,45.0,,6,0,0
2025-07-17 00:00:00,1100.0,3.29,49.7,10.0,159.0,7.0,0.14,3.82,7.3,0.62,5.0,1.610495643666228,0.04967493990200877,45.1,,0,0,0
2025-07-17 00:00:00,500.0,3.36,49.6,7.0,140.0,7.0,0.08,3.83,7.3,0.6,5.0,1.632974803495917,0.049596603674325175,44.9,,0,0,0
2025-07-17 00:00:00,300.0,3.43,49.0,7.0,140.0,7.0,0.08,3.83,7.3,0.6,5.0,1.6438591629105215,0.049596603674325175,44.9,,0,0,0
2025-07-17 00:00:00,100.0,3.4,49.3,7.0,140.0,7.0,0.11,3.8,7.3,0.63,5.0,1.6483032165059168,0.049596603674325175,45.0,,0,0,0
2025-07-17 00:00:00,900.0,3.33,49.5,10.0,159.0,7.0,0.12,3.82,7.3,0.61,5.0,1.6213800030808325,0.049596603674325175,45.0,,0,0,0
2025-07-17 00:00:00,2100.0,,44.6,10.0,159.0,7.0,0.11,3.81,7.3,0.64,5.0,1.554913546592713,0.055812940875093524,44.9,,0,0,0
2025-07-17 00:00:00,1300.0,3.27,49.6,10.0,159.0,7.0,0.14,3.84,7.3,0.66,5.0,1.7343155508526766,0.050589885071476985,44.9,,0,0,0
2025-07-17 00:00:00,1500.0,,44.7,10.0,159.0,7.0,0.14,3.81,7.3,0.64,5.0,1.554913546592713,0.055812940875093524,44.9,,0,0,0
2025-07-17 00:00:00,2300.0,3.36,49.8,8.0,142.0,7.0,0.11,3.83,7.3,0.63,5.0,1.6250215596371789,0.049596603674325175,44.9,,0,0,0
2025-07-17 00:00:00,900.0,3.82,48.0,29.0,260.0,7.0,0.04,3.29,7.3,0.27,5.0,1.4754635737900414,0.050744920663908205,45.0,,6,0,0
2025-07-17 00:00:00,1100.0,3.91,48.3,30.0,260.0,7.0,0.03,3.23,7.3,0.25,5.0,1.510831488076143,0.05113743895805323,45.0,,6,0,0
2025-07-17 00:00:00,700.0,3.85,47.3,16.0,158.0,7.0,0.04,3.26,7.3,0.27,5.0,1.4369267244557054,0.05062345710647325,45.0,,6,0,0
2025-07-17 00:00:00,1700.0,,44.6,10.0,159.0,7.0,0.08,3.66,7.3,0.66,5.0,1.5665798991067763,0.05528092116048289,44.9,,0,0,0
2025-07-17 00:00:00,700.0,3.35,49.5,9.0,142.0,7.0,0.12,3.83,7.3,0.61,5.0,1.6359059190517833,0.049596603674325175,45.0,,0,0,0
2025-07-17 00:00:00,1900.0,,44.7,10.0,159.0,7.0,0.11,3.81,7.3,0.65,5.0,1.554913546592713,0.055812940875093524,44.9,,0,0,0
2025-07-17 00:00:00,1300.0,4.03,48.5,33.0,265.0,7.0,0.03,3.27,7.3,0.25,5.0,1.5113374406668212,0.05122014167361849,45.1,,6,0,0
2025-07-18 00:00:00,900.0,3.32,49.5,8.0,180.0,7.0,0.1,3.82,7.3,0.6,5.0,1.6552409612785146,0.049800513195123686,44.9,,0,0,0
2025-07-18 00:00:00,700.0,3.35,49.5,8.0,150.0,7.0,0.09,3.82,7.3,0.6,5.0,1.6403499726471786,0.049596603674325175,44.9,,0,0,0
2025-07-18 00:00:00,1100.0,3.28,49.6,20.0,210.0,7.0,0.1,3.82,7.3,0.63,5.0,1.4632353694536613,0.049253399300770516,44.9,,0,0,0
2025-07-18 00:00:00,1300.0,,49.5,15.0,190.0,7.0,0.04,3.76,7.3,0.65,5.0,1.5355871800083614,0.051111919173726525,44.7,,0,0,0
2025-07-18 00:00:00,2100.0,,49.6,17.0,212.0,7.0,0.04,3.82,7.3,0.65,5.0,1.5102758384622947,0.05107963741929337,44.8,,0,0,0
2025-07-18 00:00:00,1500.0,,49.6,15.0,190.0,7.0,0.05,3.82,7.3,0.62,5.0,1.541454420646832,0.05072917030913225,44.8,,0,0,0
2025-07-18 00:00:00,1700.0,,49.6,15.0,190.0,7.0,0.04,3.8,7.3,0.65,5.0,1.5235771736565842,0.0510040555222862,44.9,,0,0,0
2025-07-18 00:00:00,1900.0,,49.5,23.0,250.0,7.0,0.04,3.78,7.3,0.69,5.0,1.4730311514939345,0.05094290660933449,44.9,,0,0,0
2025-07-18 00:00:00,2300.0,3.47,51.1,15.0,189.0,7.0,0.04,3.84,7.3,0.63,5.0,1.624506775436162,0.05128487078445984,45.0,,0,0,0
2025-07-18 00:00:00,100.0,3.48,49.8,15.0,189.0,7.0,0.04,3.84,7.3,0.6,5.0,1.5922270845898223,0.0512780015215823,45.1,,0,0,0
2025-07-18 00:00:00,300.0,3.54,48.8,13.0,180.0,7.0,0.04,3.82,7.3,0.6,5.0,1.4352369494824893,0.0511869251747979,45.1,,0,0,0
2025-07-18 00:00:00,500.0,3.5,49.5,13.0,180.0,7.0,0.04,3.83,7.3,0.6,5.0,1.4342709767860633,0.050824321008142416,45.0,,0,0,0
2025-07-19 00:00:00,2100.0,,50.4,21.0,217.0,7.0,0.05,3.82,7.3,0.63,5.0,1.5010378413203993,0.05080475220613942,44.6,,0,0,0
2025-07-19 00:00:00,700.0,3.46,51.4,13.0,180.0,7.0,0.04,3.84,7.3,0.6,5.0,1.5056433459474425,0.05241900494362451,44.9,,0,0,0
2025-07-19 00:00:00,900.0,3.43,51.2,14.0,182.0,7.0,0.04,3.84,7.3,0.6,5.0,1.5189504323453349,0.05075399886704197,44.9,,0,0,0
2025-07-19 00:00:00,1100.0,3.37,51.0,16.0,200.0,7.0,0.04,3.84,7.3,0.6,5.0,1.552782966923875,0.050591175675578574,44.9,,0,0,0
2025-07-19 00:00:00,1300.0,3.34,51.1,18.0,215.0,7.0,0.04,3.84,7.3,0.61,5.0,1.5154752529703919,0.050595417277412166,44.9,,0,0,0
2025-07-19 00:00:00,1500.0,3.32,49.9,18.0,215.0,7.0,0.04,3.84,7.3,0.63,5.0,1.5237877148851486,0.050595417277412166,44.8,,0,0,0
2025-07-19 00:00:00,1700.0,3.33,49.6,21.0,217.0,7.0,0.05,3.81,7.3,0.63,5.0,1.4676860575147024,0.04940604475612982,44.6,,0,0,0
2025-07-19 00:00:00,1900.0,3.31,49.7,21.0,217.0,7.0,0.05,3.82,7.3,0.63,5.0,1.4741021714906046,0.04940604475612982,44.7,,0,0,0
2025-07-19 00:00:00,2300.0,3.28,50.3,25.0,250.0,7.0,0.05,3.82,7.3,0.63,5.0,1.5289930389657962,0.049344045617510976,45.0,,0,0,0
2025-07-19 00:00:00,100.0,3.27,50.2,23.0,244.0,7.0,0.05,3.81,7.3,0.6,5.0,1.513765792185666,0.04933717635463344,45.1,,0,0,0
2025-07-19 00:00:00,300.0,3.27,50.0,21.0,217.0,7.0,0.05,3.8,7.3,0.56,5.0,1.4839827293329446,0.04939917549325228,45.1,,0,0,0
2025-07-19 00:00:00,500.0,3.29,50.1,20.0,217.0,7.0,0.05,3.8,7.3,0.56,5.0,1.4665026280359994,0.04965291772254641,48.0,,0,0,0
2025-07-20 00:00:00,2300.0,3.19,48.6,14.0,131.0,7.0,0.06,3.83,7.3,0.61,5.0,1.3945745976210044,0.049659118529544174,44.6,,0,0,0
2025-07-20 00:00:00,100.0,3.18,48.8,12.0,130.0,7.0,0.05,3.65,7.3,0.61,5.0,1.4536786945273776,0.04991102605663398,44.5,,0,0,0
2025-07-20 00:00:00,1900.0,,49.5,16.0,100.0,7.0,0.06,3.82,7.3,0.63,5.0,1.4998385331336497,0.0504142742254425,45.0,,0,0,0
2025-07-20 00:00:00,500.0,3.18,48.3,12.0,130.0,7.0,0.05,3.81,7.3,0.59,5.0,1.4037478198897502,0.04951715291838932,44.6,,0,0,0
2025-07-20 00:00:00,2100.0,,49.5,15.0,91.0,7.0,0.06,3.8,7.3,0.63,5.0,1.4998385331336497,0.0504142742254425,45.0,,0,0,0
2025-07-20 00:00:00,300.0,3.18,48.6,12.0,130.0,7.0,0.05,3.73,7.3,0.59,5.0,1.4462396051019248,0.04982467654599413,44.6,,0,0,0
2025-07-20 00:00:00,1700.0,,49.5,15.0,91.0,7.0,0.05,3.78,7.3,0.63,5.0,1.4857827711214453,0.051204205935870814,45.0,,0,0,0
2025-07-20 00:00:00,700.0,3.27,49.5,18.0,172.0,7.0,0.05,3.82,7.3,0.6,5.0,1.447150100505884,0.049619109288860035,45.0,,0,0,0
2025-07-20 00:00:00,1300.0,3.17,49.5,15.0,91.0,7.0,0.05,3.82,7.3,0.6,5.0,1.485092740800774,0.04996755591699824,45.0,,0,0,0
2025-07-20 00:00:00,1100.0,3.2,49.5,16.0,100.0,7.0,0.05,3.83,7.3,0.6,5.0,1.4912973213243421,0.04996755591699824,45.2,,0,0,0
2025-07-20 00:00:00,900.0,3.23,49.5,20.0,209.0,7.0,0.05,3.82,7.3,0.6,5.0,1.4719208810475728,0.04940604475612982,45.0,,0,0,0
2025-07-20 00:00:00,1500.0,,49.5,15.0,91.0,7.0,0.05,3.78,7.3,0.61,5.0,1.4857827711214453,0.051204205935870814,45.0,,0,0,0
2025-07-21 00:00:00,300.0,3.21,50.4,11.0,127.0,7.0,0.03,3.62,7.3,0.6,5.0,1.5304784987295217,0.0501783253207256,46.4,,0,0,0
2025-07-21 00:00:00,500.0,3.2,49.7,10.0,109.0,7.0,0.03,3.68,7.3,0.59,5.0,1.6538221400897017,0.05068175884831756,46.2,,0,0,0
2025-07-21 00:00:00,2100.0,3.24,48.2,12.0,138.0,7.0,0.03,3.5,7.3,0.62,5.0,1.4681365930241788,0.05032165450053306,46.3,,0,0,0
2025-07-21 00:00:00,100.0,3.22,50.5,11.0,127.0,7.0,0.03,3.6,7.3,0.62,5.0,1.5304784987295217,0.0501783253207256,46.2,,0,0,0
2025-07-21 00:00:00,2300.0,3.25,50.4,12.0,136.0,7.0,0.03,3.52,7.3,0.62,5.0,1.4681365930241788,0.0501783253207256,46.3,,0,0,0
2025-07-21 00:00:00,1900.0,3.24,48.2,12.0,138.0,7.0,0.03,3.5,7.3,0.62,5.0,1.4681365930241788,0.05032165450053306,46.2,,0,0,0
2025-07-21 00:00:00,1700.0,3.28,49.5,11.0,130.0,7.0,0.03,3.41,7.3,0.62,5.0,1.519859231963951,0.0501783253207256,46.4,,0,0,0
2025-07-21 00:00:00,1300.0,,48.6,11.0,130.0,7.0,0.04,3.6,7.3,0.63,5.0,1.5342301110749825,0.051068428677057374,44.6,,0,0,0
2025-07-21 00:00:00,1100.0,,48.6,12.0,130.0,7.0,0.04,3.76,7.3,0.66,5.0,1.4569383366705633,0.051245993315943726,44.6,,0,0,0
2025-07-21 00:00:00,900.0,,48.6,12.0,130.0,7.0,0.04,3.62,7.3,0.64,5.0,1.5182462432074,0.051068428677057374,44.6,,0,0,0
2025-07-21 00:00:00,700.0,3.21,48.8,12.0,130.0,7.0,0.04,3.76,7.3,0.59,5.0,1.382532580161794,0.05013344380678817,44.6,,0,0,0
2025-07-21 00:00:00,1500.0,3.28,46.6,11.0,130.0,7.0,0.03,3.57,7.3,0.62,5.0,1.5248250023228385,0.053209644328834606,46.6,,0,0,0
2025-07-22 00:00:00,300.0,3.1,50.1,13.0,165.0,7.0,0.04,3.68,7.3,0.6,5.0,1.4041107553180492,0.050306703829158216,46.3,,0,0,0
2025-07-22 00:00:00,1900.0,3.13,49.1,13.0,165.0,7.0,0.04,3.32,7.3,0.63,5.0,1.4315403326890064,0.050604618917143844,45.9,,0,0,0
2025-07-22 00:00:00,500.0,3.1,52.0,13.0,165.0,7.0,0.04,3.61,7.3,0.6,5.0,1.4656448662396921,0.0503314242068327,46.3,,0,0,0
2025-07-22 00:00:00,100.0,3.1,51.2,13.0,165.0,7.0,0.04,3.58,7.3,0.8,5.0,1.429565919553905,0.0501783253207256,46.2,,0,0,0
2025-07-22 00:00:00,2300.0,3.12,52.5,13.0,165.0,7.0,0.04,3.42,7.3,0.63,5.0,1.4202082259319566,0.05077654492938757,46.3,,0,0,0
2025-07-22 00:00:00,2100.0,3.14,52.8,14.0,170.0,7.0,0.04,3.34,7.3,0.63,5.0,1.4790005242110316,0.050886606640665424,45.9,,0,0,0
2025-07-22 00:00:00,1700.0,3.11,49.9,13.0,165.0,7.0,0.04,3.3,7.3,0.63,5.0,1.4315403326890064,0.050604618917143844,45.9,,0,0,0
2025-07-22 00:00:00,1300.0,,49.6,200.0,16.0,7.0,0.05,3.46,7.3,0.63,5.0,1.1649309156269694,0.050905798309671936,46.4,,0,0,0
2025-07-22 00:00:00,1100.0,,49.6,130.0,11.0,7.0,0.04,3.62,7.3,0.6,5.0,1.299029860479643,0.051212477371924366,46.5,,0,0,0
2025-07-22 00:00:00,900.0,,49.7,130.0,12.0,7.0,0.05,3.62,7.3,0.6,5.0,1.299029860479643,0.05104804295479169,46.4,,0,0,0
2025-07-22 00:00:00,700.0,,49.7,130.0,12.0,7.0,0.04,3.62,7.3,0.6,5.0,1.299029860479643,0.050959720510837234,46.4,,0,0,0
2025-07-22 00:00:00,1500.0,3.13,50.1,13.0,165.0,7.0,0.04,3.35,7.3,0.63,5.0,1.4403199669902726,0.050172344711173524,45.8,,0,0,0
2025-07-23 00:00:00,1500.0,3.05,50.0,11.0,130.0,7.0,0.04,3.71,7.3,0.64,5.0,1.4545013277680239,0.0502797987770523,46.8,,0,0,0
2025-07-23 00:00:00,100.0,3.37,50.8,10.0,130.0,7.0,0.04,3.78,7.3,0.64,5.0,1.5573200473004138,0.05022112125606571,47.0,,0,0,0
2025-07-23 00:00:00,2300.0,3.38,51.0,9.0,127.0,7.0,0.04,3.78,7.3,0.64,5.0,1.5863657883515505,0.05022112125606571,46.9,,0,0,0
2025-07-23 00:00:00,2100.0,3.38,50.1,9.0,127.0,7.0,0.04,3.81,7.3,0.64,5.0,1.5759128316995354,0.05002146127990122,46.9,,0,0,0
2025-07-23 00:00:00,1900.0,3.35,50.1,10.0,130.0,7.0,0.04,3.83,7.3,0.63,5.0,1.5582152370456375,0.05002146127990122,46.9,,0,0,0
2025-07-23 00:00:00,1700.0,3.05,49.8,11.0,130.0,7.0,0.04,3.69,7.3,0.64,5.0,1.4545013277680239,0.0502797987770523,46.9,,0,0,0
2025-07-23 00:00:00,1100.0,,49.9,11.0,130.0,7.0,0.04,3.56,7.3,0.62,5.0,1.473959613948292,0.05109857853081002,46.2,,0,0,0
2025-07-23 00:00:00,300.0,3.36,50.6,10.0,130.0,7.0,0.04,3.78,7.3,0.64,5.0,1.5573200473004138,0.05022112125606571,47.1,,0,0,0
2025-07-23 00:00:00,900.0,,49.9,13.0,200.0,7.0,0.04,3.57,7.3,0.61,5.0,1.517865861488271,0.05096887087647449,46.3,,0,0,0
2025-07-23 00:00:00,700.0,3.1,49.9,14.0,200.0,7.0,0.04,3.52,7.3,0.61,5.0,1.4645581828911929,0.049778110089906895,46.2,,0,0,0
2025-07-23 00:00:00,1300.0,,49.9,11.0,130.0,7.0,0.04,3.74,7.3,0.64,5.0,1.421751114723981,0.05138961801377842,46.3,,0,0,0
2025-07-23 00:00:00,500.0,3.36,50.4,10.0,130.0,7.0,0.04,3.78,7.3,0.61,5.0,1.5573200473004138,0.05022112125606571,47.0,,0,0,0
2025-07-24 00:00:00,2100.0,3.36,49.3,8.0,120.0,7.0,0.05,3.82,7.3,0.69,5.0,1.645170199095788,0.04949097385982326,46.6,,0,0,0
2025-07-24 00:00:00,1900.0,3.34,49.5,8.0,120.0,7.0,0.05,3.83,7.3,0.69,5.0,1.5935699821998477,0.04945752650057425,46.7,,0,0,0
2025-07-24 00:00:00,500.0,3.35,50.1,8.0,120.0,7.0,0.05,3.82,7.3,0.64,5.0,1.6342858396811837,0.04949097385982326,46.6,,0,0,0
2025-07-24 00:00:00,1700.0,3.31,49.3,8.0,120.0,7.0,0.08,3.83,7.3,0.69,5.0,1.5823397683045015,0.0495232518156464,46.7,,0,0,0
2025-07-24 00:00:00,300.0,3.34,50.1,8.0,120.0,7.0,0.08,3.82,7.3,0.64,5.0,1.6373599101644916,0.04955669917489541,46.6,,0,0,0
2025-07-24 00:00:00,1500.0,3.3,49.9,7.0,120.0,7.0,0.05,3.84,7.3,0.69,5.0,1.7428833486495219,0.04979652096911747,46.4,,0,0,0
2025-07-24 00:00:00,2300.0,3.36,49.5,8.0,120.0,7.0,0.05,3.82,7.3,0.67,5.0,1.5740173743304673,0.04945752650057425,46.7,,0,0,0
2025-07-24 00:00:00,1100.0,,49.9,9.0,127.0,7.0,0.06,3.81,7.3,0.68,5.0,1.496050330702621,0.0502163470661871,47.0,,0,0,0
2025-07-24 00:00:00,900.0,,49.9,9.0,127.0,7.0,0.05,3.76,7.3,0.62,5.0,1.4909603192876313,0.05111414242805574,47.0,,0,0,0
2025-07-24 00:00:00,700.0,3.35,49.9,9.0,127.0,7.0,0.05,3.78,7.3,0.62,5.0,1.592674792454624,0.04991235399527167,47.0,,0,0,0
2025-07-24 00:00:00,100.0,3.36,50.2,8.0,120.0,7.0,0.08,3.82,7.3,0.64,5.0,1.6373599101644916,0.04955669917489541,46.6,,0,0,0
2025-07-24 00:00:00,1300.0,,49.8,7.0,120.0,7.0,0.05,3.8,7.3,0.68,5.0,1.507821181141057,0.05058527576325565,47.0,,0,0,0
2025-07-25 00:00:00,900.0,,50.1,7.0,120.0,7.0,0.07,3.66,7.3,0.67,5.0,1.5061466949062658,0.050199624518454944,46.6,,0,0,0
2025-07-25 00:00:00,1100.0,,50.2,9.0,127.0,7.0,0.06,3.8,7.3,0.69,5.0,1.496050330702621,0.05018349007950682,46.7,,0,0,0
2025-07-25 00:00:00,1300.0,,50.1,8.0,127.0,7.0,0.08,3.8,7.3,0.68,5.0,1.4991244011859288,0.05000365877942829,46.7,,0,0,0
2025-07-25 00:00:00,1500.0,3.4,49.9,8.0,120.0,7.0,0.08,3.83,7.3,0.71,5.0,1.5823397683045015,0.0495232518156464,46.7,,0,0,0
2025-07-25 00:00:00,1700.0,3.37,49.8,12.0,125.0,7.0,0.05,3.83,7.3,0.66,5.0,1.4496662708678045,0.0497395990712131,46.6,,0,0,0
2025-07-25 00:00:00,2100.0,3.42,49.4,11.0,123.0,7.0,0.05,3.82,7.3,0.65,5.0,1.4512401894546736,0.04970615171196409,46.7,,0,0,0
2025-07-25 00:00:00,2300.0,3.44,49.8,11.0,123.0,7.0,0.05,3.81,7.3,0.65,5.0,1.51150865480539,0.0497395990712131,46.6,,0,0,0
2025-07-25 00:00:00,100.0,3.42,50.4,10.0,119.0,7.0,0.05,3.81,7.3,0.66,5.0,1.5740173743304673,0.04945752650057425,46.7,,0,0,0
2025-07-25 00:00:00,300.0,3.42,50.5,9.0,110.0,7.0,0.05,3.81,7.3,0.67,5.0,1.669867687521285,0.05001013729516639,46.6,,0,0,0
2025-07-25 00:00:00,500.0,3.44,50.5,9.0,110.0,7.0,0.05,3.81,7.3,0.68,5.0,1.669867687521285,0.05001013729516639,46.6,,0,0,0
2025-07-25 00:00:00,1900.0,3.39,49.9,11.0,123.0,7.0,0.05,3.82,7.3,0.65,5.0,1.51150865480539,0.0497395990712131,46.6,,0,0,0
2025-07-25 00:00:00,700.0,3.35,50.1,7.0,120.0,7.0,0.06,3.8,7.3,0.65,5.0,1.6342858396811837,0.04961921403011441,46.6,,0,0,0
2025-07-26 00:00:00,700.0,3.44,50.5,9.0,127.0,7.0,0.05,3.76,7.3,0.69,5.0,1.6342858396811837,0.05004712269881791,46.6,,0,0,0
2025-07-26 00:00:00,900.0,3.42,49.8,9.0,127.0,7.0,0.05,3.8,7.3,0.69,5.0,1.6342858396811837,0.0497395990712131,46.4,,0,0,0
2025-07-26 00:00:00,1100.0,3.44,50.1,9.0,127.0,7.0,0.05,3.83,7.3,0.68,5.0,1.6439107954438623,0.04971269401910718,47.2,,0,0,0
2025-07-26 00:00:00,500.0,3.3,50.5,11.0,131.0,7.0,0.05,3.82,7.3,0.65,5.0,1.4354525048967732,0.04985465963026204,47.0,,0,0,0
2025-07-26 00:00:00,1300.0,3.43,49.9,9.0,127.0,7.0,0.05,3.83,7.3,0.68,5.0,1.6150325001652257,0.04971269401910718,47.1,,0,0,0
2025-07-26 00:00:00,1500.0,3.3,49.9,10.0,130.0,7.0,0.05,3.83,7.3,0.66,5.0,1.5777822976419473,0.04971269401910718,47.1,,0,0,0
2025-07-26 00:00:00,1700.0,3.26,49.9,32.0,334.0,7.0,0.05,3.87,7.3,0.67,5.0,1.568913555560495,0.054681852167904034,47.2,,0,0,0
2025-07-26 00:00:00,1900.0,3.29,49.7,10.0,130.0,7.0,0.05,3.83,7.3,0.63,5.0,1.5777822976419473,0.04971269401910718,47.0,,0,0,0
2025-07-26 00:00:00,2100.0,3.31,49.8,10.0,130.0,7.0,0.05,3.8,7.3,0.64,5.0,1.558229689772567,0.04971269401910718,47.0,,0,0,0
2025-07-26 00:00:00,2300.0,3.33,49.8,10.0,120.0,7.0,0.05,3.83,7.3,0.63,5.0,1.6150325001652257,0.049464068807717344,47.0,,0,0,0
2025-07-26 00:00:00,100.0,3.33,50.2,11.0,131.0,7.0,0.05,3.82,7.3,0.64,5.0,1.4354525048967732,0.04985465963026204,47.0,,0,0,0
2025-07-26 00:00:00,300.0,3.33,50.4,11.0,131.0,7.0,0.05,3.82,7.3,0.65,5.0,1.4354525048967732,0.04985465963026204,47.0,,0,0,0
2025-07-27 00:00:00,700.0,3.28,49.8,11.0,131.0,7.0,0.05,3.8,7.3,0.65,5.0,1.4354525048967732,0.04985465963026204,47.1,,0,0,0
2025-07-27 00:00:00,500.0,3.18,49.0,9.0,130.0,7.0,0.04,3.7,7.3,0.69,5.0,1.5690187332867562,0.050273256469909204,46.7,,0,0,0
2025-07-27 00:00:00,300.0,3.2,49.0,9.0,130.0,7.0,0.04,3.7,7.3,0.66,5.0,1.6220895821893142,0.050306703829158216,46.6,,0,0,0
2025-07-27 00:00:00,100.0,3.22,49.4,9.0,130.0,7.0,0.04,3.7,7.3,0.66,5.0,1.6220895821893142,0.050306703829158216,46.6,,0,0,0
2025-07-27 00:00:00,2300.0,3.17,49.6,9.0,130.0,7.0,0.04,3.72,7.3,0.66,5.0,1.5690187332867562,0.05032244260036294,46.7,,0,0,0
2025-07-27 00:00:00,1700.0,3.17,49.7,9.0,130.0,7.0,0.05,3.62,7.3,0.67,5.0,1.6495133636828265,0.05013347220945776,46.6,,0,0,0
2025-07-27 00:00:00,1900.0,3.18,49.6,9.0,130.0,7.0,0.04,3.64,7.3,0.66,5.0,1.6112052227747098,0.0501783253207256,46.1,,0,0,0
2025-07-27 00:00:00,1500.0,3.26,49.6,9.0,130.0,7.0,0.05,3.62,7.3,0.67,5.0,1.6495133636828265,0.05013347220945776,46.6,,0,0,0
2025-07-27 00:00:00,1300.0,3.21,49.6,9.0,117.0,7.0,0.05,3.52,7.3,0.68,5.0,1.6611390487725735,0.050298684821226104,47.3,,0,0,0
2025-07-27 00:00:00,1100.0,3.2,49.4,10.0,128.0,7.0,0.05,3.83,7.3,0.69,5.0,1.6330136764187457,0.04971269401910718,47.4,,0,0,0
2025-07-27 00:00:00,900.0,3.22,49.3,10.0,128.0,7.0,0.05,3.81,7.3,0.69,5.0,1.5954798922958453,0.04971269401910718,47.0,,0,0,0
2025-07-27 00:00:00,2100.0,3.18,49.5,9.0,130.0,7.0,0.04,3.66,7.3,0.66,5.0,1.6220895821893142,0.0501783253207256,46.2,,0,0,0
2025-07-28 00:00:00,2300.0,3.29,50.9,9.0,125.0,7.0,0.05,3.79,7.3,0.7,5.0,1.6342858396811837,0.04993925904737759,46.6,,0,0,0
2025-07-28 00:00:00,500.0,,47.1,9.0,125.0,7.0,0.06,3.77,7.3,0.7,5.0,1.5252980711652369,0.050304148895608296,46.5,,0,0,0
2025-07-28 00:00:00,300.0,,47.5,9.0,125.0,7.0,0.05,3.77,7.3,0.7,5.0,1.5252980711652369,0.05111931722679523,46.5,,0,0,0
2025-07-28 00:00:00,100.0,,47.8,9.0,125.0,7.0,0.05,3.79,7.3,0.7,5.0,1.5252980711652369,0.05111931722679523,46.6,,0,0,0
2025-07-28 00:00:00,2100.0,3.29,50.0,9.0,128.0,7.0,0.04,3.8,7.3,0.7,5.0,1.6152942213462678,0.05004836633200714,46.6,,0,0,0
2025-07-28 00:00:00,1100.0,3.15,49.0,10.0,130.0,7.0,0.04,3.81,7.3,0.69,5.0,1.5889283782375938,0.05004836633200714,46.4,,0,0,0
2025-07-28 00:00:00,1700.0,3.24,50.2,9.0,125.0,7.0,0.04,3.64,7.3,0.72,5.0,1.6227333107717206,0.0501783253207256,46.4,,0,0,0
2025-07-28 00:00:00,1500.0,3.29,50.8,9.0,125.0,7.0,0.06,3.41,7.3,0.76,5.0,1.658966652609631,0.05013347220945776,46.1,,0,0,0
2025-07-28 00:00:00,1300.0,3.29,49.6,10.0,130.0,7.0,0.04,3.76,7.3,0.69,5.0,1.5780440188229894,0.05035588995961195,46.4,,0,0,0
2025-07-28 00:00:00,900.0,3.15,49.3,10.0,130.0,7.0,0.04,3.81,7.3,0.69,5.0,1.5889283782375938,0.05004836633200714,46.5,,0,0,0
2025-07-28 00:00:00,700.0,3.16,49.5,10.0,130.0,7.0,0.04,3.71,7.3,0.69,5.0,1.6220895821893142,0.050306703829158216,46.5,,0,0,0
2025-07-28 00:00:00,1900.0,3.26,50.0,9.0,125.0,7.0,0.04,3.8,7.3,0.71,5.0,1.6152942213462678,0.05004836633200714,46.6,,0,0,0
2025-07-29 00:00:00,700.0,3.29,49.4,8.0,124.0,7.0,0.05,3.79,7.3,0.69,5.0,1.571212274489246,0.049905811688128576,46.7,,0,0,0
2025-07-29 00:00:00,900.0,3.28,49.0,7.0,121.0,7.0,0.05,3.8,7.3,0.69,5.0,1.5740173743304673,0.04960817722390112,46.8,,0,0,0
2025-07-29 00:00:00,1100.0,3.26,51.0,7.0,121.0,7.0,0.06,3.77,7.3,0.69,5.0,1.6342858396811837,0.04983474225217153,46.1,,0,0,0
2025-07-29 00:00:00,1300.0,3.27,51.0,7.0,121.0,7.0,0.05,3.67,7.3,0.69,5.0,1.6417249291066365,0.049997936568364175,46.1,,0,0,0
2025-07-29 00:00:00,1500.0,3.27,50.5,7.0,121.0,7.0,0.05,3.72,7.3,0.68,5.0,1.6417249291066365,0.05004712269881791,46.2,,0,0,0
2025-07-29 00:00:00,1900.0,3.24,50.0,8.0,125.0,7.0,0.08,3.83,7.3,0.66,5.0,1.6329158565690962,0.049799343776733174,46.0,,0,0,0
2025-07-29 00:00:00,2100.0,3.26,50.0,7.0,121.0,7.0,0.05,3.6,7.3,0.66,5.0,1.6610414516798373,0.050127491599905684,46.0,,0,0,0
2025-07-29 00:00:00,2300.0,3.26,49.9,7.0,121.0,7.0,0.05,3.71,7.3,0.67,5.0,1.6417249291066365,0.0499919559588121,46.0,,0,0,0
2025-07-29 00:00:00,100.0,,49.9,8.0,125.0,7.0,0.04,3.78,7.3,0.67,5.0,1.5080693636086422,0.051281754362338096,46.2,,0,0,0
2025-07-29 00:00:00,500.0,,49.9,8.0,125.0,7.0,0.04,3.79,7.3,0.67,5.0,1.5080693636086422,0.051281754362338096,46.5,,0,0,0
2025-07-29 00:00:00,1700.0,3.22,50.2,8.0,125.0,7.0,0.05,3.8,7.3,0.66,5.0,1.6342858396811837,0.04973361846166102,46.0,,0,0,0
2025-07-29 00:00:00,300.0,,49.9,8.0,125.0,7.0,0.04,3.79,7.3,0.67,5.0,1.5080693636086422,0.051281754362338096,46.6,,0,0,0
2025-07-30 00:00:00,900.0,3.21,48.7,8.0,125.0,7.0,0.04,3.8,7.3,0.69,5.0,1.6261785807608722,0.05004836633200714,46.1,,0,0,0
2025-07-30 00:00:00,500.0,,50.6,8.0,125.0,7.0,0.05,3.8,7.3,0.68,5.0,1.5151988340393505,0.05091093112065304,46.0,,0,0,0
2025-07-30 00:00:00,300.0,,50.5,8.0,125.0,7.0,0.04,3.8,7.3,0.67,5.0,1.5221251256208466,0.05118581633380699,46.0,,0,0,0
2025-07-30 00:00:00,100.0,,50.5,8.0,125.0,7.0,0.04,3.8,7.3,0.67,5.0,1.5221251256208466,0.05108209438617361,46.2,,0,0,0
2025-07-30 00:00:00,2300.0,3.23,50.5,8.0,125.0,7.0,0.04,3.73,7.3,0.68,5.0,1.6152942213462678,0.05035588995961195,46.2,,0,0,0
2025-07-30 00:00:00,700.0,3.25,49.3,8.0,125.0,7.0,0.04,3.81,7.3,0.69,5.0,1.6261785807608722,0.05004238572245506,46.0,,0,0,0
2025-07-30 00:00:00,1900.0,3.2,50.5,8.0,125.0,7.0,0.04,3.82,7.3,0.66,5.0,1.6152942213462678,0.05004836633200714,46.2,,0,0,0
2025-07-30 00:00:00,1700.0,3.18,49.9,8.0,125.0,7.0,0.04,3.83,7.3,0.67,5.0,1.6348468292156482,0.05004836633200714,46.1,,0,0,0
2025-07-30 00:00:00,1500.0,3.23,49.6,7.0,122.0,7.0,0.04,3.81,7.3,0.67,5.0,1.6152942213462678,0.04994384953680108,46.1,,0,0,0
2025-07-30 00:00:00,1300.0,3.21,48.5,8.0,125.0,7.0,0.04,3.81,7.3,0.67,5.0,1.6261785807608722,0.05004238572245506,46.0,,0,0,0
2025-07-30 00:00:00,2100.0,3.23,50.5,8.0,125.0,7.0,0.04,3.6,7.3,0.66,5.0,1.6420498333449214,0.0501783253207256,46.2,,0,0,0
2025-07-30 00:00:00,1100.0,3.23,48.6,8.0,125.0,7.0,0.04,3.8,7.3,0.67,5.0,1.6261785807608722,0.05004238572245506,46.0,,0,0,0
2025-07-31 00:00:00,500.0,,50.1,9.0,136.0,7.0,0.07,3.79,7.3,0.7,5.0,1.4825849773825985,0.05010852594455064,46.6,,0,0,0
2025-07-31 00:00:00,300.0,,50.6,9.0,130.0,7.0,0.07,3.78,7.3,0.7,5.0,1.4638928695038678,0.05010852594455064,46.6,,0,0,0
2025-07-31 00:00:00,2300.0,3.21,50.0,9.0,130.0,7.0,0.04,3.77,7.3,0.7,5.0,1.5780440188229894,0.05024204569861955,46.0,,0,0,0
2025-07-31 00:00:00,2100.0,3.21,50.0,9.0,130.0,7.0,0.04,3.56,7.3,0.69,5.0,1.6225283572219873,0.0501783253207256,46.4,,0,0,0
2025-07-31 00:00:00,1900.0,3.2,50.5,9.0,130.0,7.0,0.04,3.78,7.3,0.69,5.0,1.5780440188229894,0.05024802630817163,46.4,,0,0,0
2025-07-31 00:00:00,100.0,,50.2,9.0,130.0,7.0,0.07,3.78,7.3,0.7,5.0,1.4688964923829875,0.05021224789218402,46.0,,0,0,0
2025-07-31 00:00:00,1500.0,3.2,50.0,9.0,130.0,7.0,0.04,3.8,7.3,0.69,5.0,1.5780440188229894,0.05004238572245506,46.0,,0,0,0
2025-07-31 00:00:00,1300.0,3.18,50.2,11.0,138.0,7.0,0.04,3.77,7.3,0.69,5.0,1.476995880930069,0.05024204569861955,46.0,,0,0,0
2025-07-31 00:00:00,1100.0,3.2,52.8,11.0,138.0,7.0,0.04,3.77,7.3,0.7,5.0,1.3752941895443762,0.050913731150389295,46.1,,0,0,0
2025-07-31 00:00:00,900.0,3.25,49.3,8.0,125.0,7.0,0.05,3.83,7.3,0.69,5.0,1.6647228069651685,0.04973361846166102,46.0,,0,0,0
2025-07-31 00:00:00,700.0,3.23,49.3,8.0,125.0,7.0,0.05,3.83,7.3,0.69,5.0,1.6647228069651685,0.04973361846166102,46.0,,0,0,0
2025-07-31 00:00:00,1700.0,3.19,51.2,9.0,130.0,7.0,0.04,3.81,7.3,0.7,5.0,1.5803796538623764,0.05004836633200714,46.4,,0,0,0
2025-08-01 00:00:00,1100.0,4.82,45.5,21.0,204.0,7.0,0.03,3.81,7.3,0.12,5.0,1.7,0.06,45.3,,1,0,1
2025-08-01 00:00:00,900.0,4.86,45.3,19.0,178.0,7.0,0.03,3.81,7.3,0.11,5.0,1.7,0.06,43.2,,1,0,1
2025-08-01 00:00:00,1900.0,3.17,49.5,10.0,139.0,7.0,0.05,3.36,7.3,0.69,5.0,1.674483530686417,0.050127491599905684,45.6,,8,0,0
2025-08-01 00:00:00,2100.0,3.19,49.5,10.0,139.0,7.0,0.08,3.44,7.3,0.69,5.0,1.674483530686417,0.050064976744686684,45.8,,8,0,0
2025-08-01 00:00:00,700.0,4.89,45.4,18.0,176.0,7.0,0.03,3.78,7.2,0.12,5.0,1.7,0.05,43.6,,1,0,1
2025-08-01 00:00:00,100.0,,49.8,10.0,139.0,7.0,0.05,3.71,7.3,0.68,5.0,1.5083070919088661,0.05116926861780412,45.7,,8,0,0
2025-08-01 00:00:00,300.0,,49.6,10.0,139.0,7.0,0.05,3.77,7.3,0.68,5.0,1.4825849773825985,0.05111059109681753,45.6,,8,0,0
2025-08-01 00:00:00,500.0,,49.7,10.0,139.0,7.0,0.05,3.78,7.3,0.68,5.0,1.4825849773825985,0.05111059109681753,45.6,,8,0,0
2025-08-01 00:00:00,1300.0,4.76,45.6,21.0,204.0,7.0,0.03,3.81,7.3,0.13,5.0,1.5,0.06,45.3,,1,0,1
2025-08-01 00:00:00,2300.0,3.19,49.5,10.0,139.0,7.0,0.05,3.49,7.3,0.68,5.0,1.674483530686417,0.050127491599905684,45.6,,8,0,0
2025-08-01 00:00:00,1700.0,3.16,49.1,10.0,139.0,7.0,0.05,3.3,7.3,0.69,5.0,1.674483530686417,0.050559765805876004,46.0,,8,0,0
2025-08-01 00:00:00,1300.0,3.14,49.2,8.0,127.0,7.0,0.06,3.72,7.3,0.69,5.0,1.5355985176146005,0.050310392763624937,48.7,,8,0,0
2025-08-01 00:00:00,1700.0,4.97,46.1,20.0,200.0,7.0,0.03,3.78,7.3,0.14,5.0,1.5,0.06,42.3,B/W filter no.3 (4.30pm),1,2,1
2025-08-01 00:00:00,1900.0,5.0,46.0,25.0,250.0,7.0,0.03,3.79,7.3,0.14,5.0,1.6,0.06,42.4,,1,2,1
2025-08-01 00:00:00,2100.0,5.02,46.0,33.0,320.0,7.0,0.03,3.78,7.3,0.14,5.0,1.4,0.06,42.4,,1,2,1
2025-08-01 00:00:00,2300.0,5.05,45.9,32.0,315.0,7.0,0.04,3.81,7.3,0.14,5.0,1.4,0.06,43.5,,1,2,1
2025-08-01 00:00:00,100.0,5.07,46.2,28.0,270.0,7.0,0.04,3.8,7.3,0.13,5.0,1.4,0.06,43.3,,1,2,1
2025-08-01 00:00:00,300.0,5.37,46.0,26.0,255.0,7.0,0.04,3.79,7.3,0.12,5.0,1.4,0.06,43.4,,1,2,1
2025-08-01 00:00:00,1500.0,3.15,49.5,9.0,130.0,7.0,0.06,3.7,7.3,0.67,5.0,1.6410812005242301,0.0499919559588121,46.0,,8,0,0
2025-08-01 00:00:00,1100.0,3.16,49.4,8.0,127.0,7.0,0.06,3.74,7.3,0.7,5.0,1.645170199095788,0.050041142089265835,45.7,,8,0,0
2025-08-01 00:00:00,900.0,3.19,49.1,9.0,130.0,7.0,0.07,3.78,7.3,0.72,5.0,1.6079199965725097,0.04987076358260651,45.6,,8,0,0
2025-08-01 00:00:00,500.0,4.58,46.1,27.0,260.0,7.0,0.06,3.81,7.3,0.13,5.0,1.4,0.06,43.6,,1,2,1
2025-08-01 00:00:00,1500.0,4.86,46.1,21.0,204.0,7.0,0.03,3.76,7.3,0.14,5.0,1.4,0.06,42.3,,1,2,1
2025-08-01 00:00:00,700.0,3.2,49.3,9.0,130.0,7.0,0.07,3.81,7.3,0.72,5.0,1.6079199965725097,0.049799343776733174,45.7,,8,0,0
2025-08-02 00:00:00,100.0,5.12,45.0,19.0,171.0,7.0,0.06,3.77,7.3,5.0,0.27,1.3,0.06,42.2,,2,2,1
2025-08-02 00:00:00,1100.0,5.66,45.0,20.0,180.0,7.0,0.15,3.79,7.3,5.0,0.28,1.3,0.06,41.9,,2,2,1
2025-08-02 00:00:00,1300.0,5.66,45.1,22.0,180.0,7.0,0.16,3.8,7.3,5.0,0.29,1.3,0.06,41.9,,2,2,1
2025-08-02 00:00:00,1500.0,5.66,45.0,24.0,195.0,7.0,0.15,3.82,7.3,5.0,0.29,1.2,0.06,42.3,,2,2,1
2025-08-02 00:00:00,1700.0,5.42,44.9,25.0,200.0,7.0,0.15,3.81,7.3,5.0,0.29,1.3,0.06,42.3,,2,2,1
2025-08-02 00:00:00,1900.0,5.41,45.1,28.0,235.0,7.0,0.18,3.81,7.3,5.0,0.29,1.2,0.06,42.3,,2,2,1
2025-08-02 00:00:00,500.0,4.06,44.7,13.0,143.0,7.0,0.06,3.77,7.3,5.0,0.27,1.3,0.06,42.1,,2,2,1
2025-08-02 00:00:00,300.0,4.99,44.7,15.0,162.0,7.0,0.06,3.77,7.3,5.0,0.27,1.3,0.06,42.1,,2,2,1
2025-08-02 00:00:00,2100.0,5.34,45.1,23.0,190.0,7.0,0.18,3.81,7.3,5.0,0.29,1.3,0.06,42.2,,2,2,1
2025-08-02 00:00:00,2300.0,5.24,46.4,23.0,190.0,7.0,0.1,3.56,7.3,5.0,0.29,1.3,0.06,42.2,B/W no 2,2,2,1
2025-08-02 00:00:00,900.0,5.68,45.1,24.0,180.0,7.0,0.16,3.78,7.3,5.0,0.29,1.3,0.06,42.0,,2,2,1
2025-08-02 00:00:00,700.0,5.74,45.6,23.0,180.0,7.0,0.17,3.8,7.3,5.0,0.28,1.2,0.06,42.0,,2,2,1
2025-08-02 00:00:00,300.0,,51.4,29.0,320.0,7.0,0.1,3.8,7.3,0.2,5.0,1.4986194424115178,0.04986855285394891,45.6,,8,0,0
2025-08-02 00:00:00,500.0,,51.4,29.0,320.0,7.0,0.1,3.8,7.3,0.2,5.0,1.4986194424115178,0.04986855285394891,45.7,,8,0,0
2025-08-02 00:00:00,100.0,,51.3,29.0,320.0,7.0,0.1,3.81,7.3,0.2,5.0,1.517958148653234,0.04986855285394891,45.8,,8,0,0
2025-08-02 00:00:00,2300.0,3.84,51.0,32.0,325.0,7.0,0.1,3.8,7.3,0.19,5.0,1.501787357360027,0.05322728314800544,45.2,,8,0,0
2025-08-02 00:00:00,1900.0,3.69,51.5,47.0,318.0,7.0,0.09,3.84,7.3,0.18,5.0,1.488139323858778,0.05371706190309833,45.2,,8,0,0
2025-08-02 00:00:00,1700.0,3.57,51.7,21.0,237.0,7.0,0.08,3.56,7.3,0.19,5.0,1.4853076688460132,0.05039230837716128,45.6,,8,0,0
2025-08-02 00:00:00,2100.0,3.84,51.0,40.0,298.0,7.0,0.09,3.84,7.3,0.18,5.0,1.5297272684588725,0.054024628867294235,45.2,,8,0,0
2025-08-02 00:00:00,1300.0,3.35,50.0,22.0,235.0,7.0,0.08,3.22,7.3,0.71,5.0,1.5297144145590325,0.04943525780185996,45.2,,8,0,0
2025-08-02 00:00:00,1100.0,3.34,50.3,20.0,221.0,7.0,0.08,3.25,7.3,0.75,5.0,1.5093438611564947,0.04947517010361095,45.1,,8,0,0
2025-08-02 00:00:00,900.0,3.33,49.4,31.0,325.0,7.0,0.07,3.0,7.3,0.68,5.0,1.4858301285705648,0.05226724308739121,44.9,,8,0,0
2025-08-02 00:00:00,700.0,3.3,49.5,23.0,250.0,7.0,0.07,3.27,7.3,0.68,5.0,1.5090996405300614,0.04939207634820915,45.0,,8,0,0
2025-08-02 00:00:00,1500.0,3.39,50.0,24.0,264.0,7.0,0.07,3.32,7.3,0.2,5.0,1.5290185339198794,0.04938520708533161,45.2,,8,0,0
2025-08-03 00:00:00,1100.0,6.3,47.9,87.0,765.0,7.0,0.05,3.64,7.3,0.15,5.0,1.6,0.06,43.1,,3,2,2
2025-08-03 00:00:00,100.0,5.6,46.8,31.0,365.0,7.0,0.2,3.72,7.3,0.21,5.0,1.6,0.06,43.1,,3,2,2
2025-08-03 00:00:00,700.0,6.46,46.0,37.0,380.0,7.0,0.05,3.62,7.3,0.15,5.0,1.7,0.06,43.1,,3,2,2
2025-08-03 00:00:00,900.0,6.42,45.8,96.0,885.0,7.0,0.05,3.65,7.3,0.15,5.0,1.6,0.06,43.2,,3,2,2
2025-08-03 00:00:00,1300.0,6.22,45.5,65.0,550.0,7.0,0.05,3.71,7.3,0.17,5.0,1.6,0.06,43.2,,3,2,2
2025-08-03 00:00:00,2300.0,5.76,47.5,40.0,400.0,7.0,0.13,3.75,7.3,0.21,5.0,1.6,0.06,43.4,,3,2,2
2025-08-03 00:00:00,300.0,5.42,46.7,31.0,365.0,7.0,0.2,3.68,7.3,0.21,5.0,1.6,0.06,43.1,,3,2,2
2025-08-03 00:00:00,500.0,5.25,46.6,31.0,365.0,7.0,0.2,3.61,7.3,0.21,5.0,1.6,0.06,43.1,,3,2,2
2025-08-03 00:00:00,2100.0,5.84,45.2,38.0,386.0,7.0,0.11,3.76,7.3,0.19,5.0,1.6,0.06,45.4,,3,2,2
2025-08-03 00:00:00,1900.0,5.96,45.4,42.0,408.0,7.0,0.09,3.79,7.3,0.18,5.0,1.6,0.06,42.7,,3,2,2
2025-08-03 00:00:00,1500.0,6.12,45.6,62.0,540.0,7.0,0.06,3.72,7.3,0.17,5.0,1.6,0.06,43.2,,3,2,2
2025-08-03 00:00:00,500.0,3.86,49.8,20.0,221.0,7.0,0.05,3.83,7.3,0.19,5.0,1.4576835443245357,0.05095641435864711,45.7,,8,0,0
2025-08-03 00:00:00,1700.0,6.02,45.6,45.0,420.0,7.0,0.09,3.8,7.3,0.18,5.0,1.6,0.06,42.8,,3,2,2
2025-08-03 00:00:00,1700.0,3.89,49.5,22.0,241.0,7.0,0.06,3.55,7.3,0.2,5.0,1.4841336229235198,0.05168658474437583,45.7,,8,0,0
2025-08-03 00:00:00,1300.0,3.92,51.0,21.0,225.0,7.0,0.13,3.43,7.3,0.21,5.0,1.4213713007565474,0.051147583147631334,45.8,,8,0,0
2025-08-03 00:00:00,1500.0,3.91,50.9,20.0,221.0,7.0,0.12,3.35,7.3,0.21,5.0,1.4213713007565474,0.051147583147631334,45.7,,8,0,0
2025-08-03 00:00:00,300.0,3.84,50.5,22.0,241.0,7.0,0.05,3.8,7.3,0.19,5.0,1.507636078973553,0.05110257375228788,45.8,,8,0,0
2025-08-03 00:00:00,1900.0,3.87,49.5,23.0,253.0,7.0,0.06,3.64,7.3,0.19,5.0,1.479046383626373,0.05193522004734781,45.7,,8,0,0
2025-08-03 00:00:00,2100.0,3.84,49.5,22.0,241.0,7.0,0.06,3.56,7.3,0.19,5.0,1.4890993932824073,0.05135722183447369,45.7,,8,0,0
2025-08-03 00:00:00,2300.0,3.85,49.3,21.0,225.0,7.0,0.05,3.55,7.3,0.18,5.0,1.480812387585739,0.0509289759003549,45.6,,8,0,0
2025-08-03 00:00:00,1100.0,3.94,51.1,20.0,221.0,7.0,0.09,3.73,7.3,0.2,5.0,1.385386663653253,0.05130621298938961,45.7,,8,0,0
2025-08-03 00:00:00,900.0,3.97,50.2,23.0,240.0,7.0,0.11,3.82,7.3,0.2,5.0,1.4631415682120579,0.052607997742599555,45.6,,8,0,0
2025-08-03 00:00:00,100.0,5.82,50.4,21.0,225.0,7.0,0.05,3.72,7.3,0.19,5.0,1.528308862925646,0.05153481394063309,45.7,,8,0,0
2025-08-03 00:00:00,700.0,4.0,50.2,25.0,253.0,7.0,0.11,3.83,7.3,0.2,5.0,1.456312392794933,0.052607997742599555,45.7,,8,0,0
2025-08-04 00:00:00,1900.0,6.86,48.4,49.0,480.0,7.0,0.5,3.65,7.3,0.29,5.0,1.6,0.05,43.7,,4,2,2
2025-08-04 00:00:00,2100.0,6.77,47.0,49.0,480.0,7.0,0.46,3.78,7.3,0.31,5.0,1.6,0.05,43.6,"B/W No. 2,3",4,2,2
2025-08-04 00:00:00,1500.0,7.15,46.4,55.0,546.0,7.0,0.51,3.81,7.3,0.33,5.0,1.6,0.05,43.6,"B/W No. 1,4",4,2,2
2025-08-04 00:00:00,100.0,6.85,47.5,48.0,470.0,7.0,0.07,3.64,7.3,0.1,5.0,1.6,0.05,43.7,,4,2,2
2025-08-04 00:00:00,300.0,6.86,47.5,45.0,465.0,7.0,0.06,3.78,7.3,0.12,5.0,1.6,0.05,43.7,,4,2,2
2025-08-04 00:00:00,500.0,6.97,47.4,44.0,451.0,7.0,0.05,3.78,7.3,0.14,5.0,1.6,0.05,43.6,B/W No. 5,4,2,2
2025-08-04 00:00:00,1300.0,7.1,46.6,54.0,546.0,7.0,0.53,3.81,7.3,0.34,5.0,1.6,0.05,43.7,,4,2,2
2025-08-04 00:00:00,1100.0,7.11,46.4,56.0,557.0,7.0,0.51,3.81,7.3,0.34,5.0,1.6,0.05,43.6,,4,2,2
2025-08-04 00:00:00,900.0,7.42,46.4,58.0,570.0,7.0,0.6,3.81,7.3,0.32,5.0,1.6,0.06,43.6,,4,2,2
2025-08-04 00:00:00,700.0,7.62,46.6,63.0,620.0,7.0,0.65,3.81,7.3,0.31,5.0,1.6,0.06,43.6,,4,2,2
2025-08-04 00:00:00,1700.0,6.64,48.8,57.0,560.0,7.0,0.31,3.55,7.3,0.35,5.0,1.6,0.05,43.6,,4,2,2
2025-08-04 00:00:00,2300.0,6.81,47.1,51.0,495.0,7.0,0.33,3.51,7.3,0.32,5.0,1.6,0.05,43.6,,4,2,2
2025-08-04 00:00:00,700.0,3.77,51.2,27.0,284.0,7.0,0.05,3.83,7.3,0.19,5.0,1.49136881387366,0.05088463266193333,46.0,,8,0,0
2025-08-04 00:00:00,500.0,3.78,50.2,14.0,196.0,7.0,0.08,3.83,7.3,0.18,5.0,1.5542574999202494,0.050405766061100477,46.1,,8,0,0
2025-08-04 00:00:00,300.0,3.76,50.6,14.0,196.0,7.0,0.08,3.83,7.3,0.21,5.0,1.5542574999202494,0.050405766061100477,46.1,,8,0,0
2025-08-04 00:00:00,100.0,3.74,50.4,15.0,198.0,7.0,0.08,3.83,7.3,0.24,5.0,1.5102094806730362,0.0503997854515484,46.0,,8,0,0
2025-08-04 00:00:00,2300.0,3.71,50.8,15.0,198.0,7.0,0.08,3.83,7.3,0.3,5.0,1.5318842237722996,0.0503997854515484,46.0,,8,0,0
2025-08-04 00:00:00,2100.0,,51.4,17.0,215.0,7.0,0.11,3.81,7.3,0.2,5.0,1.5299699162916323,0.05011943959461037,45.8,,8,0,0
2025-08-04 00:00:00,1700.0,,51.4,18.0,215.0,7.0,0.06,3.64,7.3,0.18,5.0,1.4742574813270595,0.0500347599235025,45.8,,8,0,0
2025-08-04 00:00:00,1500.0,3.71,51.4,26.0,245.0,7.0,0.05,3.48,7.3,0.17,5.0,1.5346024972605266,0.050591002224721564,45.8,,8,0,0
2025-08-04 00:00:00,1300.0,3.71,51.4,26.0,245.0,7.0,0.04,3.82,7.3,0.17,5.0,1.4266870848131814,0.05083330902439888,45.8,,8,0,0
2025-08-04 00:00:00,1100.0,3.72,51.3,28.0,286.0,7.0,0.05,3.82,7.3,0.17,5.0,1.4893855937263756,0.05128481214015628,45.7,,8,0,0
2025-08-04 00:00:00,900.0,3.75,51.0,29.0,290.0,7.0,0.05,3.83,7.3,0.18,5.0,1.49136881387366,0.051057966062257286,46.3,,8,0,0
2025-08-04 00:00:00,1900.0,,51.4,17.0,215.0,7.0,0.06,3.81,7.3,0.2,5.0,1.517662510988481,0.0502992708946889,45.8,,8,0,0
2025-08-05 00:00:00,300.0,3.62,51.6,9.0,132.0,7.0,0.1,3.82,7.3,0.27,5.0,1.6665837109344268,0.05029335423987971,45.9,,8,0,0
2025-08-05 00:00:00,500.0,3.61,51.7,9.0,132.0,7.0,0.1,3.81,7.3,0.19,5.0,1.6665837109344268,0.05018839644575246,46.0,,8,0,0
2025-08-05 00:00:00,100.0,3.63,51.7,10.0,135.0,7.0,0.11,3.83,7.3,0.31,5.0,1.6994488067891307,0.05029335423987971,45.9,,8,0,0
2025-08-05 00:00:00,1100.0,3.71,49.7,13.0,164.0,7.0,0.1,3.82,7.3,0.19,5.0,1.4190213064670485,0.05049589175700336,46.2,,8,0,0
2025-08-05 00:00:00,2100.0,,49.2,10.0,130.0,7.0,0.14,3.79,7.3,0.21,5.0,1.4828549222808998,0.05021224789218402,45.9,,8,0,0
2025-08-05 00:00:00,1900.0,,49.2,11.0,130.0,7.0,0.07,3.57,7.3,0.19,5.0,1.5025512085433217,0.05009852229844793,45.9,,8,0,0
2025-08-05 00:00:00,1700.0,,49.2,67.0,120.0,7.0,0.07,3.25,7.3,0.21,5.0,1.518494354709635,0.05212588442375498,45.9,,8,0,0
2025-08-05 00:00:00,1500.0,3.65,49.2,40.0,350.0,7.0,0.07,3.71,7.3,0.19,5.0,1.5693038110233817,0.052358523868777866,45.9,,8,0,0
2025-08-05 00:00:00,1300.0,3.65,49.2,12.0,157.0,7.0,0.08,3.82,7.3,0.18,5.0,1.4325079882363838,0.05048991114745128,45.9,,8,0,0
2025-08-05 00:00:00,900.0,3.75,49.7,14.0,174.0,7.0,0.1,3.82,7.3,0.19,5.0,1.486390041211728,0.05071791368437885,46.1,,8,0,0
2025-08-05 00:00:00,700.0,3.77,51.0,15.0,208.0,7.0,0.1,3.67,7.3,0.18,5.0,1.5011744567365102,0.050464443582087064,46.1,,8,0,0
2025-08-05 00:00:00,2300.0,3.65,51.8,11.0,135.0,7.0,0.12,3.84,7.3,0.45,5.0,1.6724065752476411,0.051231089212336614,46.0,,8,0,0
2025-08-06 00:00:00,500.0,3.48,54.5,8.0,121.0,7.0,0.1,3.83,7.3,0.19,5.0,1.2018161709500532,0.05389178091447159,50.1,,8,0,0
2025-08-06 00:00:00,300.0,3.49,54.4,8.0,121.0,7.0,0.09,3.83,7.3,0.2,5.0,1.2018161709500532,0.05389178091447159,50.0,,8,0,0
2025-08-06 00:00:00,100.0,3.5,54.3,7.0,120.0,7.0,0.09,3.83,7.3,0.2,5.0,1.1948607178869028,0.05527133134669526,50.2,,8,0,0
2025-08-06 00:00:00,2300.0,3.51,54.3,7.0,120.0,7.0,0.09,3.83,7.3,0.21,5.0,1.2018161709500532,0.05389178091447159,50.0,,8,0,0
2025-08-06 00:00:00,2100.0,,55.5,8.0,122.0,7.0,0.08,3.81,7.3,0.2,5.0,1.315701536818451,0.050505065543489984,50.1,,8,0,0
2025-08-06 00:00:00,1900.0,,55.6,7.0,122.0,7.0,0.09,3.81,7.3,0.2,5.0,1.315701536818451,0.050505065543489984,50.1,,8,0,0
2025-08-06 00:00:00,1700.0,,55.6,10.0,139.0,7.0,0.06,3.81,7.3,0.2,5.0,1.360995055830397,0.0499740416651576,50.1,,8,0,0
2025-08-06 00:00:00,1100.0,3.56,55.5,10.0,139.0,7.0,0.11,3.82,7.3,0.19,5.0,1.22312148098955,0.05208767373859529,50.7,,8,0,0
2025-08-06 00:00:00,1300.0,3.54,55.6,10.0,139.0,7.0,0.09,3.82,7.3,0.2,5.0,1.228566324346454,0.051668035126465485,50.1,,8,0,0
2025-08-06 00:00:00,900.0,3.6,55.4,10.0,139.0,7.0,0.11,3.82,7.3,0.19,5.0,1.228566324346454,0.051668035126465485,49.5,,8,0,0
2025-08-06 00:00:00,700.0,3.61,51.5,10.0,139.0,7.0,0.11,3.82,7.3,0.19,5.0,1.703892860384526,0.05024222094410461,46.0,,8,0,0
2025-08-06 00:00:00,1500.0,3.54,55.6,10.0,139.0,7.0,0.1,3.81,7.3,0.2,5.0,1.242456374833882,0.051668035126465485,50.1,,8,0,0
2025-08-07 00:00:00,500.0,3.8,54.2,6.0,118.0,7.0,0.09,3.7,7.3,0.24,5.0,1.2204623730807962,0.05478935112388445,50.4,,8,0,0
2025-08-07 00:00:00,300.0,3.86,54.3,7.0,114.0,7.0,0.09,3.7,7.3,0.24,5.0,1.2204623730807962,0.05810245603200351,50.4,,8,0,0
2025-08-07 00:00:00,100.0,3.42,54.4,6.0,118.0,7.0,0.09,3.74,7.3,0.21,4.0,1.1989351859455482,0.054809246174941775,50.6,,8,0,0
2025-08-07 00:00:00,2300.0,3.4,54.2,6.0,118.0,7.0,0.09,3.77,7.3,0.24,5.0,1.2347527723292862,0.05382564179975979,50.4,,8,0,0
2025-08-07 00:00:00,1900.0,,54.3,10.0,130.0,7.0,0.09,3.79,7.3,0.19,5.0,1.3161985810465542,0.05268118933201717,50.2,,8,0,0
2025-08-07 00:00:00,2100.0,,54.3,9.0,126.0,7.0,0.09,3.79,7.3,0.21,5.0,1.3189733108064965,0.05268118933201717,50.4,,8,0,0
2025-08-07 00:00:00,1700.0,,54.3,10.0,130.0,7.0,0.09,3.79,7.3,0.19,5.0,1.3161985810465542,0.05268118933201717,50.2,,8,0,0
2025-08-07 00:00:00,1500.0,3.41,54.3,9.0,126.0,7.0,0.09,3.86,7.3,0.19,5.0,1.1697202435240137,0.05458446717552409,50.2,,8,0,0
2025-08-07 00:00:00,1300.0,3.41,54.3,9.0,126.0,7.0,0.09,3.83,7.3,0.19,5.0,1.201827116466438,0.054233946281281024,50.2,,8,0,0
2025-08-07 00:00:00,1100.0,3.43,54.8,9.0,126.0,7.0,0.09,3.83,7.3,0.19,5.0,1.1930390834918287,0.054233946281281024,50.3,,8,0,0
2025-08-07 00:00:00,900.0,3.46,54.6,8.0,121.0,7.0,0.09,3.83,7.3,0.19,5.0,1.1948607178869028,0.05527133134669526,50.2,,8,0,0
2025-08-07 00:00:00,700.0,3.49,54.7,8.0,121.0,7.0,0.09,3.83,7.3,0.19,5.0,1.1860726849122936,0.05527133134669526,50.4,,8,0,0
2025-08-08 00:00:00,500.0,,53.4,12.0,280.0,7.0,0.08,2.75,7.3,0.3,5.0,1.4144315591340988,0.05373959042536447,52.2,,8,0,0
2025-08-08 00:00:00,2300.0,,53.4,19.0,255.0,7.0,0.05,3.24,7.3,0.21,5.0,1.4171751165436997,0.04967665072598254,51.9,,8,0,0
2025-08-08 00:00:00,100.0,,53.4,19.0,255.0,7.0,0.05,3.17,7.3,0.21,5.0,1.4171751165436997,0.0496648962368107,52.4,,8,0,0
2025-08-08 00:00:00,300.0,,53.1,12.0,280.0,7.0,0.08,3.06,7.3,0.26,5.0,1.4348588371952562,0.050105167517484436,52.2,,8,0,0
2025-08-08 00:00:00,2100.0,,55.3,16.0,200.0,7.0,0.06,3.43,7.3,0.24,5.0,1.43317057273061,0.05039852477419948,50.6,,8,0,0
2025-08-08 00:00:00,900.0,3.53,55.0,15.0,164.0,7.0,0.09,3.56,7.3,0.2,5.0,1.261810421753757,0.05271409242478956,50.6,,8,0,0
2025-08-08 00:00:00,1700.0,,55.2,11.0,130.0,7.0,0.06,3.44,7.3,0.2,5.0,1.4379423713771686,0.05075121149074013,50.6,,8,0,0
2025-08-08 00:00:00,1500.0,3.54,55.2,13.0,133.0,7.0,0.06,3.45,7.3,0.2,5.0,1.2839967025203858,0.05247016045123536,50.6,,8,0,0
2025-08-08 00:00:00,1300.0,3.54,55.2,14.0,133.0,7.0,0.05,3.47,7.3,0.2,5.0,1.2513152767754125,0.05232792273041606,50.6,,8,0,0
2025-08-08 00:00:00,1100.0,3.54,55.3,15.0,164.0,7.0,0.08,3.5,7.3,0.2,5.0,1.2344949649486574,0.052203370628350336,50.6,,8,0,0
2025-08-08 00:00:00,700.0,3.53,55.0,18.0,178.0,7.0,0.09,3.48,7.3,0.21,5.0,1.2716846894351703,0.0522907885681633,50.6,,8,0,0
2025-08-08 00:00:00,1900.0,,55.3,11.0,130.0,7.0,0.06,3.44,7.3,0.21,5.0,1.4379423713771686,0.05075121149074013,50.6,,8,0,0
2025-08-09 00:00:00,900.0,4.34,52.8,25.0,285.0,7.0,2.6,3.7,7.3,2.0,5.0,1.4,0.06,48.2,,9,2,2
2025-08-09 00:00:00,1700.0,3.99,52.6,26.0,285.0,7.0,1.8,3.58,7.3,2.0,4.0,1.2,0.06,48.0,,9,2,2
2025-08-09 00:00:00,1300.0,4.26,52.6,26.0,285.0,7.0,3.0,3.69,7.3,2.4,5.0,1.3,0.06,47.8,,9,2,2
2025-08-09 00:00:00,1500.0,4.19,53.5,24.0,231.0,7.0,2.8,3.78,7.3,2.4,5.0,1.3,0.06,47.9,,9,2,2
2025-08-09 00:00:00,1900.0,3.9,52.0,23.0,214.0,7.0,1.4,3.68,7.3,1.7,4.0,1.4,0.06,48.0,,9,2,1
2025-08-09 00:00:00,1100.0,4.42,52.9,27.0,285.0,7.0,3.1,3.74,7.3,2.3,5.0,1.4,0.06,48.0,,9,2,2
2025-08-09 00:00:00,2300.0,,52.0,20.0,198.0,7.0,0.69,3.72,7.3,1.1,5.0,1.6,0.05,48.0,,9,2,1
2025-08-09 00:00:00,100.0,3.61,52.0,11.0,130.0,7.0,0.08,2.66,7.3,0.24,5.0,1.5211008600439473,0.055831632907542464,48.5,,8,0,0
2025-08-09 00:00:00,300.0,3.59,52.1,14.0,142.0,7.0,0.14,2.58,7.3,0.2,5.0,1.4799802686646724,0.057093310007167296,48.5,,8,0,0
2025-08-09 00:00:00,500.0,3.59,52.0,16.0,157.0,7.0,0.17,2.46,7.3,0.2,5.0,1.4299119335672184,0.05588934057396259,48.7,,8,0,0
2025-08-09 00:00:00,2100.0,3.89,52.0,21.0,198.0,7.0,0.94,3.68,7.3,1.4,4.0,1.5,0.06,48.0,,9,2,1
2025-08-09 00:00:00,2300.0,3.66,52.2,10.0,130.0,7.0,0.08,2.74,7.3,0.24,5.0,1.5807103822878539,0.057361036484041825,48.7,,8,0,0
2025-08-09 00:00:00,2100.0,,54.4,10.0,130.0,7.0,0.06,3.01,7.3,0.24,5.0,1.4272093756032431,0.05401477030436983,52.2,,8,0,0
2025-08-09 00:00:00,1900.0,,54.4,17.0,215.0,7.0,0.1,3.1,7.3,0.24,5.0,1.422972920467795,0.052078610272719754,52.2,,8,0,0
2025-08-09 00:00:00,1700.0,,54.4,24.0,253.0,7.0,0.09,3.44,7.3,0.24,5.0,1.3296577905806228,0.052222294224115104,52.2,,8,0,0
2025-08-09 00:00:00,1500.0,3.67,54.4,17.0,215.0,7.0,0.09,3.52,7.3,0.23,5.0,1.2427564925064607,0.05312440920112301,52.2,,8,0,0
2025-08-09 00:00:00,700.0,4.32,53.0,28.0,300.0,7.0,2.4,3.46,7.3,2.0,5.0,1.5,0.06,48.4,,9,2,2
2025-08-09 00:00:00,1100.0,3.65,56.1,12.0,135.0,7.0,0.09,3.29,7.3,0.22,5.0,1.2404504233795088,0.051553011796887684,51.7,,8,0,0
2025-08-09 00:00:00,900.0,3.57,54.4,11.0,130.0,7.0,0.08,3.09,7.3,0.22,5.0,1.2657023632406668,0.05270962965380467,51.9,,8,0,0
2025-08-09 00:00:00,100.0,,51.9,18.0,190.0,7.0,0.15,3.75,7.3,0.46,5.0,1.6,0.05,47.7,,9,2,1
2025-08-09 00:00:00,300.0,,50.7,18.0,190.0,7.0,0.16,3.78,7.3,0.46,5.0,1.8,0.05,47.6,,9,2,1
2025-08-09 00:00:00,500.0,,50.8,18.0,190.0,7.0,0.16,3.78,7.3,0.46,5.0,1.8,0.05,47.8,,9,2,1
2025-08-09 00:00:00,1300.0,3.67,54.4,16.0,155.0,7.0,0.08,3.44,7.3,0.22,5.0,1.2275218632229523,0.05289644161955124,52.2,,8,0,0
2025-08-09 00:00:00,700.0,3.52,54.6,11.0,130.0,7.0,0.08,2.9,7.3,0.27,5.0,1.2638964731235425,0.05643216589099225,50.9,,8,0,0
2025-08-10 00:00:00,1300.0,5.6,54.0,13.0,117.0,7.0,0.15,2.96,7.3,0.47,5.0,1.7,0.06,46.9,,10,2,1
2025-08-10 00:00:00,1500.0,3.66,54.2,13.0,117.0,7.0,0.1,2.97,7.3,0.47,5.0,1.3,0.06,46.8,,10,2,1
2025-08-10 00:00:00,1700.0,3.63,53.8,15.0,136.0,7.0,0.14,2.92,7.3,0.48,5.0,1.6,0.06,46.6,,10,2,1
2025-08-10 00:00:00,2100.0,3.43,53.8,13.0,117.0,7.0,0.12,3.03,7.7,0.48,5.0,1.6,0.06,46.5,,10,2,1
2025-08-10 00:00:00,2300.0,4.02,54.9,12.0,116.0,7.0,0.14,3.09,7.3,0.47,5.0,1.3,0.06,46.6,,10,2,1
2025-08-10 00:00:00,100.0,3.74,54.5,11.0,116.0,7.0,0.16,3.2,7.3,0.47,5.0,1.3,0.06,46.7,,10,2,1
2025-08-10 00:00:00,300.0,3.49,54.6,11.0,116.0,7.0,0.21,3.29,7.3,0.49,5.0,1.3,0.06,46.6,,10,2,1
2025-08-10 00:00:00,500.0,3.41,54.3,11.0,116.0,7.0,0.21,3.38,7.3,0.49,5.0,1.3,0.06,46.6,,10,2,1
2025-08-10 00:00:00,1900.0,3.42,54.3,14.0,120.0,7.0,0.13,2.96,7.3,0.49,5.0,1.6,0.06,46.4,,10,2,1
2025-08-10 00:00:00,1100.0,3.84,59.4,40.0,356.0,7.0,0.07,2.98,7.3,0.43,5.0,1.3,0.06,46.6,,10,2,1
2025-08-10 00:00:00,700.0,3.48,53.5,13.0,114.0,7.0,0.1,3.79,7.3,0.43,5.0,1.5,0.06,47.4,,10,2,1
2025-08-10 00:00:00,500.0,3.6,54.3,21.0,260.0,7.0,0.08,3.49,7.3,0.25,5.0,1.2784607009913034,0.05409100721675332,50.2,,8,0,0
2025-08-10 00:00:00,300.0,3.64,54.3,26.0,305.0,7.0,0.08,3.41,7.3,0.25,5.0,1.3353487813018416,0.055994572303034215,50.2,,8,0,0
2025-08-10 00:00:00,700.0,3.61,55.1,18.0,164.0,7.0,0.13,2.8,7.3,0.23,5.0,1.2916011975506987,0.05468089321644265,48.9,,8,0,0
2025-08-10 00:00:00,900.0,3.34,54.6,24.0,233.0,7.0,0.12,2.94,7.3,0.23,5.0,1.3550344235212428,0.055854345009152845,49.2,,8,0,0
2025-08-10 00:00:00,1300.0,3.96,54.0,24.0,230.0,7.0,0.04,2.71,7.3,0.23,5.0,1.2701112005310298,0.056682113964350384,48.9,,8,0,0
2025-08-10 00:00:00,1500.0,3.98,53.9,23.0,284.0,7.0,0.07,3.98,7.3,0.24,5.0,1.3267518958252136,0.05789989158110541,49.2,,8,0,0
2025-08-10 00:00:00,1700.0,3.88,54.1,23.0,284.0,7.0,0.07,3.38,7.3,0.28,5.0,1.280973780950376,0.056910297826537226,48.7,,8,0,0
2025-08-10 00:00:00,1900.0,3.86,53.8,24.0,306.0,7.0,0.07,3.54,7.3,0.21,5.0,1.4589962703696315,0.05678201034450858,48.9,,8,0,0
2025-08-10 00:00:00,2100.0,3.84,53.9,26.0,321.0,7.0,0.07,3.71,7.3,0.21,5.0,1.3977216236038517,0.057306267763365844,49.4,,8,0,0
2025-08-10 00:00:00,2300.0,3.71,54.2,35.0,375.0,7.0,0.15,3.45,7.3,0.22,5.0,1.2796737361506039,0.056207759840047763,50.2,,8,0,0
2025-08-10 00:00:00,100.0,3.69,54.3,30.0,321.0,7.0,0.08,3.33,7.3,0.25,5.0,1.3108286390856247,0.056202217301545246,50.1,,8,0,0
2025-08-10 00:00:00,900.0,3.52,53.5,14.0,124.0,7.0,0.1,3.79,7.3,0.43,5.0,1.5,0.06,47.4,,10,2,1
2025-08-10 00:00:00,1100.0,4.01,53.8,28.0,274.0,7.0,0.09,2.99,7.3,0.23,5.0,1.4997831113322273,0.057631136409794226,49.4,,8,0,0
2025-08-11 00:00:00,1500.0,3.56,52.1,12.0,135.0,7.0,0.11,3.35,7.3,0.23,5.0,1.5781421382594432,0.05332426325428416,50.2,,8,0,0
2025-08-11 00:00:00,1300.0,,54.2,13.0,130.0,7.0,0.12,3.47,7.3,0.23,5.0,1.3801752619420153,0.052053168695966066,50.2,,8,0,0
2025-08-11 00:00:00,1100.0,,54.2,13.0,130.0,7.0,0.11,3.36,7.3,0.26,5.0,1.4848467392018194,0.052053168695966066,50.2,,8,0,0
2025-08-11 00:00:00,500.0,4.23,50.8,27.0,268.0,7.0,0.04,3.86,7.3,0.32,5.0,1.7,0.05,46.8,,11,2,1
2025-08-11 00:00:00,500.0,3.64,53.7,13.0,142.0,7.0,0.14,3.42,7.3,0.22,5.0,1.557833948694865,0.05272688658237147,48.6,,8,0,0
2025-08-11 00:00:00,300.0,3.59,51.5,12.0,127.0,7.0,0.12,3.33,7.3,0.22,5.0,1.5844864424682872,0.0516406831035018,49.9,,8,0,0
2025-08-11 00:00:00,100.0,3.53,53.2,11.0,119.0,7.0,0.12,3.3,7.3,0.22,5.0,1.3987152483403495,0.05186875914122923,51.0,,8,0,0
2025-08-11 00:00:00,2300.0,3.47,53.4,10.0,129.0,7.0,0.11,3.25,7.3,0.22,5.0,1.35797159690097,0.05045852654502087,51.9,,8,0,0
2025-08-11 00:00:00,2100.0,4.17,53.1,11.0,132.0,7.0,0.12,3.25,7.3,0.22,5.0,1.3453176385300063,0.053651435962618406,50.9,,8,0,0
2025-08-11 00:00:00,1900.0,5.76,53.3,11.0,132.0,7.0,0.1,3.24,7.3,0.21,5.0,1.75947059789335,0.05135693783724465,51.1,,8,0,0
2025-08-11 00:00:00,900.0,,54.2,21.0,260.0,7.0,0.1,3.49,7.3,0.26,5.0,1.3498297520196918,0.05177606387643259,50.2,,8,0,0
2025-08-11 00:00:00,700.0,3.58,54.3,22.0,260.0,7.0,0.12,3.46,7.3,0.26,5.0,1.2800990975480198,0.053516573421709436,50.2,,8,0,0
2025-08-11 00:00:00,1700.0,5.74,53.5,11.0,132.0,7.0,0.08,3.19,7.3,0.22,5.0,1.737717032376244,0.05199270502114583,50.1,,8,0,0
2025-08-11 00:00:00,2300.0,4.34,51.0,34.0,320.0,7.0,0.04,3.83,7.3,0.33,5.0,1.5,0.05,46.7,,11,2,1
2025-08-11 00:00:00,300.0,4.31,50.8,29.0,274.0,7.0,0.04,3.81,7.3,0.32,5.0,1.7,0.05,48.7,,11,2,1
2025-08-11 00:00:00,2100.0,4.26,50.7,26.0,251.0,7.0,0.04,3.83,7.3,0.33,5.0,1.6,0.05,46.6,,11,2,1
2025-08-11 00:00:00,1900.0,4.29,51.1,29.0,274.0,7.0,0.04,3.83,7.3,0.34,5.0,1.7,0.05,46.8,,11,2,1
2025-08-11 00:00:00,1700.0,4.32,51.9,29.0,274.0,7.0,0.04,3.83,7.3,0.33,5.0,1.6,0.05,46.8,,11,2,1
2025-08-11 00:00:00,1500.0,4.49,51.2,25.0,231.0,7.0,0.05,3.72,7.3,0.33,5.0,1.2,0.05,46.7,,11,2,1
2025-08-11 00:00:00,100.0,4.64,50.9,30.0,291.0,7.0,0.04,3.81,7.3,0.32,5.0,1.6,0.05,46.8,,11,2,1
2025-08-11 00:00:00,1300.0,4.6,50.9,22.0,182.0,7.0,0.04,3.81,7.3,0.33,5.0,1.3,0.05,46.8,,11,2,1
2025-08-11 00:00:00,1100.0,4.71,51.6,20.0,180.0,7.0,0.04,3.81,7.3,0.31,5.0,1.4,0.05,46.9,,11,2,1
2025-08-11 00:00:00,700.0,4.6,51.2,28.0,185.0,7.0,0.04,3.82,7.3,0.3,5.0,1.7,0.05,46.7,,11,2,1
2025-08-11 00:00:00,900.0,4.67,51.4,18.0,178.0,7.0,0.04,3.8,7.3,0.3,5.0,1.5,0.05,46.9,,11,2,1
2025-08-12 00:00:00,1100.0,,53.2,12.0,140.0,7.0,0.09,2.75,7.3,0.22,5.0,1.5575644476953643,0.05547339947230474,48.6,,8,0,0
2025-08-12 00:00:00,1500.0,3.48,41.8,10.0,130.0,7.0,0.04,2.7,7.3,0.22,5.0,1.5840080958613323,0.057277564145150915,44.0,,8,0,0
2025-08-12 00:00:00,1700.0,3.47,39.4,10.0,130.0,7.0,0.04,2.32,7.3,0.22,5.0,1.534240550216637,0.059784154554556934,40.0,,8,0,0
2025-08-12 00:00:00,1900.0,3.5,40.0,11.0,132.0,7.0,0.04,2.16,7.3,0.22,5.0,1.4705508174789714,0.059784154554556934,38.4,,8,0,0
2025-08-12 00:00:00,1300.0,,53.2,10.0,130.0,7.0,0.06,2.82,7.3,0.22,5.0,1.5901734996026042,0.05485268884503463,48.6,,8,0,0
2025-08-12 00:00:00,900.0,,53.2,13.0,142.0,7.0,0.05,2.84,7.3,0.22,5.0,1.5869584115919164,0.05485268884503463,48.6,,8,0,0
2025-08-12 00:00:00,300.0,6.79,51.6,90.0,900.0,7.0,0.04,3.84,7.3,0.23,5.0,1.4959348854911334,0.05,45.8,,12,2,1
2025-08-12 00:00:00,2100.0,5.13,51.6,34.0,340.0,7.0,0.03,3.83,7.3,0.23,5.0,1.6478690164435439,0.05,45.8,,12,2,1
2025-08-12 00:00:00,700.0,5.06,51.5,26.0,247.0,7.0,0.03,3.82,7.3,0.23,5.0,1.5608095647942608,0.05,46.7,,12,2,1
2025-08-12 00:00:00,900.0,5.1,51.5,24.0,221.0,7.0,0.03,3.82,7.3,0.23,5.0,1.5737655688079786,0.05,46.7,,12,2,1
2025-08-12 00:00:00,1100.0,5.19,51.0,25.0,233.0,7.0,0.03,3.82,7.3,0.23,5.0,1.4965992970874218,0.05,46.7,,12,2,1
2025-08-12 00:00:00,1300.0,5.13,50.3,24.0,226.0,7.0,0.03,3.83,7.3,0.23,5.0,1.6214977016925043,0.05,45.9,,12,2,1
2025-08-12 00:00:00,1500.0,5.15,50.8,41.0,386.0,7.0,0.03,3.83,7.3,0.23,5.0,1.7024312814763263,0.05,46.8,B/W No.1,12,2,1
2025-08-12 00:00:00,1700.0,5.08,50.3,37.0,362.0,7.0,0.03,3.83,7.3,0.23,5.0,1.561645084159109,0.05,46.7,,12,2,1
2025-08-12 00:00:00,500.0,6.86,51.8,141.0,1410.0,7.0,0.04,3.88,7.3,0.23,5.0,1.3726705622670068,0.05,45.8,,12,2,1
2025-08-12 00:00:00,1900.0,5.1,51.1,34.0,340.0,7.0,0.03,3.82,7.3,0.23,5.0,1.6110317236389908,0.05,46.5,,12,2,1
2025-08-12 00:00:00,700.0,,53.2,11.0,130.0,7.0,0.12,3.24,7.3,0.22,5.0,1.599744112290505,0.05138993747620046,48.6,,8,0,0
2025-08-12 00:00:00,2300.0,5.45,51.0,35.0,350.0,7.0,0.04,3.83,7.3,0.23,5.0,1.440533478080802,0.05,45.8,,12,2,1
2025-08-12 00:00:00,100.0,6.19,51.3,55.0,550.0,7.0,0.04,3.84,7.3,0.23,5.0,1.5705519195470654,0.05,45.7,,12,2,1
2025-08-13 00:00:00,1700.0,4.79,53.5,20.0,280.0,7.0,0.11,3.77,7.3,0.22,5.0,1.2588219718916542,0.054347281245020515,48.3,,8,0,0
2025-08-13 00:00:00,1500.0,3.74,52.8,22.0,284.0,7.0,0.1,3.55,7.3,0.22,5.0,1.4142011898142999,0.05488734320886032,49.0,,8,0,0
2025-08-13 00:00:00,1900.0,4.17,59.0,23.0,285.0,7.0,0.12,3.83,7.3,0.21,5.0,1.1067298254623488,0.05612992577142342,48.2,,8,0,0
2025-08-13 00:00:00,900.0,,50.5,20.0,200.0,7.0,0.1,2.77,7.3,0.22,5.0,1.4605330182694365,0.05560383863506089,48.0,,8,0,0
2025-08-13 00:00:00,700.0,3.77,50.5,18.0,200.0,7.0,0.1,2.88,7.3,0.22,5.0,1.5000634743152503,0.05574972743280169,48.0,,8,0,0
2025-08-13 00:00:00,1300.0,,50.5,23.0,284.0,7.0,0.1,3.33,7.3,0.22,5.0,1.5269526336563368,0.05093940114135398,48.0,,8,0,0
2025-08-13 00:00:00,2100.0,3.94,57.8,26.0,285.0,7.0,0.15,3.85,7.3,0.21,5.0,1.069256631746718,0.0549311370642524,51.5,,8,0,0
2025-08-13 00:00:00,1100.0,,50.5,23.0,284.0,7.0,0.1,3.15,7.3,0.22,5.0,1.5743162377279711,0.05137664655615536,48.0,,8,0,0
2025-08-13 00:00:00,100.0,3.84,54.0,30.0,309.0,7.0,0.18,3.81,7.3,0.23,5.0,1.2472379944152916,0.05546174653018568,51.5,,8,0,0
2025-08-13 00:00:00,300.0,3.91,54.1,32.0,334.0,7.0,0.18,3.81,7.3,0.29,5.0,1.1315027593428546,0.05721330484457655,51.2,,8,0,0
2025-08-13 00:00:00,500.0,4.09,54.2,35.0,342.0,7.0,0.18,3.56,7.3,0.29,5.0,1.115624721727581,0.057722143342324644,51.4,,8,0,0
2025-08-13 00:00:00,2300.0,3.76,54.0,28.0,291.0,7.0,0.16,3.81,7.3,0.22,5.0,1.191410989278042,0.053819124821281164,51.6,,8,0,0
2025-08-14 00:00:00,300.0,4.25,51.4,46.0,453.0,7.0,0.21,3.44,7.3,0.45,5.0,1.4507666614912627,0.05790021600262431,48.7,,8,0,0
2025-08-14 00:00:00,100.0,4.3,52.5,45.0,442.0,7.0,0.14,3.44,7.3,0.34,5.0,1.446610266973288,0.05803359264140435,48.6,,8,0,0
2025-08-14 00:00:00,2100.0,4.43,53.6,40.0,395.0,7.0,0.07,3.4,7.3,0.31,5.0,1.513636667325688,0.05838874980418402,48.6,,8,0,0
2025-08-14 00:00:00,1900.0,4.45,53.6,40.0,395.0,7.0,0.07,3.29,7.3,0.31,5.0,1.484505051835775,0.05927080411782475,47.6,,8,0,0
2025-08-14 00:00:00,500.0,4.16,50.0,48.0,474.0,7.0,0.23,3.43,7.3,0.54,5.0,1.5362657458725753,0.057246434434455415,48.7,,8,0,0
2025-08-14 00:00:00,1500.0,4.6,55.8,42.0,435.0,7.0,0.06,3.0,7.3,0.27,5.0,1.2357177279456073,0.05801086550500682,51.5,,8,0,0
2025-08-14 00:00:00,1700.0,4.54,50.4,44.0,438.0,7.0,0.06,3.19,7.3,0.35,5.0,1.4918545515074946,0.05624106086093468,46.7,,8,0,0
2025-08-14 00:00:00,700.0,4.09,54.2,41.0,440.0,7.0,0.18,3.56,7.3,0.29,5.0,1.0832349460063517,0.05736590572489198,51.4,,8,0,0
2025-08-14 00:00:00,2300.0,4.39,53.6,44.0,438.0,7.0,0.09,3.32,7.3,0.24,5.0,1.5328794374207109,0.058755413813067314,48.5,,8,0,0
2025-08-14 00:00:00,1100.0,,54.2,44.0,450.0,7.0,0.08,3.37,7.3,0.27,5.0,1.3480296650912431,0.05548876616543458,51.3,,8,0,0
2025-08-14 00:00:00,1300.0,,54.1,41.0,440.0,7.0,0.06,3.33,7.3,0.27,5.0,1.3917779661766032,0.05548996512745947,51.2,,8,0,0
2025-08-14 00:00:00,900.0,,54.2,46.0,450.0,7.0,0.09,3.5,7.3,0.28,5.0,1.2849604739507743,0.05540273766531669,51.4,,8,0,0
2025-08-15 00:00:00,700.0,4.19,51.4,46.0,450.0,7.0,0.2,3.48,7.3,0.48,5.0,1.4172115375476522,0.05755823550558631,48.7,,8,0,0
2025-08-15 00:00:00,900.0,,51.4,50.0,480.0,7.0,0.2,3.68,7.3,0.43,5.0,1.3522821156787204,0.05502016625564898,48.7,,8,0,0
2025-08-15 00:00:00,1100.0,,51.4,77.0,740.0,7.0,0.2,3.78,7.3,0.4,5.0,1.4738287959024166,0.054849833102248065,48.6,,8,0,0
2025-08-15 00:00:00,1300.0,,51.4,37.0,345.0,7.0,0.2,3.82,7.3,0.4,5.0,1.4446382055621374,0.0547964923985254,48.7,,8,0,0
2025-08-15 00:00:00,1700.0,3.68,53.6,40.0,356.0,7.0,0.86,3.72,7.3,1.39,5.0,1.3796044044050395,0.057124691974136305,48.9,,8,0,0
2025-08-15 00:00:00,1900.0,3.59,52.5,37.0,345.0,7.0,0.75,3.66,7.3,1.03,5.0,1.4008728900283636,0.05631377409114648,48.8,,8,0,0
2025-08-15 00:00:00,2100.0,3.54,51.1,34.0,340.0,7.0,0.62,3.68,7.3,0.89,5.0,1.471622229154174,0.05496409336977147,48.8,,8,0,0
2025-08-15 00:00:00,2300.0,3.51,53.0,32.0,314.0,7.0,0.49,3.58,7.3,0.79,5.0,1.3978453954000305,0.055307639100990735,48.7,,8,0,0
2025-08-15 00:00:00,100.0,3.48,52.0,30.0,312.0,7.0,0.2,3.68,7.3,0.64,5.0,1.4292964634125076,0.055950012574935634,48.3,,8,0,0
2025-08-15 00:00:00,300.0,3.45,51.5,27.0,262.0,7.0,0.19,3.68,7.3,0.54,5.0,1.443905711697915,0.05093084228419826,48.2,,8,0,0
2025-08-15 00:00:00,500.0,3.43,50.4,26.0,251.0,7.0,0.18,3.56,7.3,0.36,5.0,1.4656302189655328,0.04990466225736302,48.3,,8,0,0
2025-08-15 00:00:00,1500.0,3.98,56.8,36.0,341.0,7.0,0.2,3.85,7.3,0.4,5.0,1.1604158946346972,0.05923401358372795,48.9,,8,0,0
2025-08-16 00:00:00,700.0,3.39,50.4,25.0,250.0,7.0,0.17,3.5,7.3,0.33,5.0,1.4575130120411293,0.04988133452533728,48.3,,8,0,0
2025-08-16 00:00:00,2300.0,3.33,54.3,28.0,270.0,7.0,0.17,3.56,7.3,0.24,5.0,1.2060596023762273,0.051427107300896835,48.7,,8,0,0
2025-08-16 00:00:00,900.0,,50.4,24.0,250.0,7.0,0.17,3.48,7.3,0.35,5.0,1.4274845543778665,0.05120311439347368,48.3,,8,0,0
2025-08-16 00:00:00,1100.0,,50.4,26.0,250.0,7.0,0.15,3.4,7.3,0.31,5.0,1.5527113051201271,0.05120311439347368,48.3,,8,0,0
2025-08-16 00:00:00,1300.0,,50.4,25.0,250.0,7.0,0.14,3.38,7.3,0.27,5.0,1.5639266616910283,0.05120311439347368,48.3,,8,0,0
2025-08-16 00:00:00,1500.0,3.51,54.1,23.0,250.0,7.0,0.16,3.4,7.3,0.25,5.0,1.284627653825005,0.05200289257548653,48.2,,8,0,0
2025-08-16 00:00:00,1700.0,3.36,51.0,21.0,241.0,7.0,0.14,3.6,7.3,0.24,5.0,1.457669265408881,0.04996666139598187,48.5,,8,0,0
2025-08-16 00:00:00,1900.0,3.35,50.0,21.0,241.0,7.0,0.15,3.61,7.3,0.24,5.0,1.460025070280727,0.04996666139598187,48.4,,8,0,0
2025-08-16 00:00:00,2100.0,3.36,33.0,25.0,255.0,7.0,0.12,3.52,7.3,0.25,5.0,1.489488623498337,0.05849304093499116,31.3,,8,0,0
2025-08-16 00:00:00,100.0,3.48,51.4,22.0,250.0,7.0,0.2,3.6,7.3,0.24,5.0,1.409984389617449,0.05110961170761823,48.5,,8,0,0
2025-08-16 00:00:00,300.0,3.52,50.3,20.0,187.0,7.0,0.2,3.64,7.3,0.25,5.0,1.4886294963061966,0.05086617059155114,48.5,,8,0,0
2025-08-16 00:00:00,500.0,3.63,49.8,16.0,155.0,7.0,0.2,3.64,7.3,0.28,5.0,1.358026848559426,0.051286048833112885,48.4,,8,0,0
2025-08-17 00:00:00,100.0,3.59,51.0,18.0,195.0,7.0,0.06,3.77,7.3,0.19,5.0,1.5668409353781796,0.05151743482129627,48.1,,8,0,0
2025-08-17 00:00:00,300.0,3.5,50.0,20.0,215.0,7.0,0.06,3.78,7.3,0.19,5.0,1.456905215201466,0.05151743482129627,48.1,,8,0,0
2025-08-17 00:00:00,2300.0,3.46,52.8,15.0,180.0,7.0,0.08,3.83,7.3,0.18,5.0,1.302924590771623,0.05496542017707247,48.2,,8,0,0
2025-08-17 00:00:00,2100.0,3.47,53.0,17.0,180.0,7.0,0.05,3.83,7.3,0.19,5.0,1.3210282867478167,0.05419667778723988,48.1,,8,0,0
2025-08-17 00:00:00,500.0,3.56,54.5,26.0,246.0,7.0,0.06,3.73,7.3,0.19,5.0,1.236549506207124,0.053748993834733166,48.2,,8,0,0
2025-08-17 00:00:00,1700.0,3.47,53.4,16.0,184.0,7.0,0.05,3.77,7.3,0.26,5.0,1.4849685985381584,0.05293962882977808,48.0,,8,0,0
2025-08-17 00:00:00,1900.0,3.48,53.5,15.0,180.0,7.0,0.05,3.83,7.3,0.21,5.0,1.334173165667355,0.05393371589367203,48.0,,8,0,0
2025-08-17 00:00:00,1300.0,3.48,54.3,15.0,164.0,7.0,0.22,3.84,7.3,0.32,5.0,1.1748526531852286,0.052994478758252264,49.4,,8,0,0
2025-08-17 00:00:00,1100.0,3.51,54.2,15.0,164.0,7.0,0.31,3.81,7.3,0.34,5.0,1.152749722757481,0.05258511798726202,48.6,,8,0,0
2025-08-17 00:00:00,900.0,3.55,54.3,15.0,164.0,7.0,0.28,3.81,7.3,0.33,5.0,1.1399223226723285,0.05274431487691086,48.5,,8,0,0
2025-08-17 00:00:00,700.0,3.58,54.2,17.0,164.0,7.0,0.31,3.61,7.3,0.28,5.0,1.2243665531251107,0.05379236166464632,50.4,,8,0,0
2025-08-17 00:00:00,1500.0,3.51,54.0,17.0,198.0,7.0,0.23,3.84,7.3,0.31,5.0,1.3072974818956191,0.05291354063695383,48.0,,8,0,0
2025-08-18 00:00:00,500.0,,54.4,25.0,240.0,7.0,0.07,3.81,7.3,0.22,5.0,1.4582393056408387,0.0535274404859663,47.0,,8,0,0
2025-08-18 00:00:00,300.0,,54.4,25.0,240.0,7.0,0.07,3.83,7.3,0.22,5.0,1.424147372029794,0.0535274404859663,47.0,,8,0,0
2025-08-18 00:00:00,100.0,,54.4,16.0,180.0,7.0,0.07,3.83,7.3,0.2,5.0,1.4251227161098825,0.053020802936261005,47.0,,8,0,0
2025-08-18 00:00:00,2300.0,,54.4,16.0,180.0,7.0,0.07,3.82,7.3,0.2,5.0,1.4592146497209273,0.053020802936261005,47.0,,8,0,0
2025-08-18 00:00:00,2100.0,4.07,54.4,19.0,182.0,7.0,0.07,3.7,7.3,0.2,5.0,1.1150402992813937,0.05466941858625929,47.0,,8,0,0
2025-08-18 00:00:00,1900.0,3.92,54.2,15.0,178.0,7.0,0.07,3.66,7.3,0.2,5.0,1.112227398904396,0.055105548764476556,47.1,,8,0,0
2025-08-18 00:00:00,1300.0,3.93,54.0,23.0,230.0,7.0,0.06,3.84,7.3,0.19,5.0,1.0869643296182043,0.05774634075276609,47.6,,8,0,0
2025-08-18 00:00:00,1500.0,3.6,53.9,20.0,214.0,7.0,0.06,3.83,7.3,0.19,5.0,1.352408560312916,0.055676167645064806,47.5,,8,0,0
2025-08-18 00:00:00,1100.0,3.66,54.2,30.0,350.0,7.0,0.06,3.84,7.3,0.2,5.0,1.1618922067144715,0.05811565224540523,47.4,,8,0,0
2025-08-18 00:00:00,900.0,3.59,54.3,38.0,380.0,7.0,0.06,3.84,7.3,0.2,5.0,1.2302934769438867,0.05580478629517289,48.2,,8,0,0
2025-08-18 00:00:00,700.0,3.59,54.4,26.0,250.0,7.0,0.06,3.83,7.3,0.2,5.0,1.2155548863286771,0.053725241190570795,48.2,,8,0,0
2025-08-18 00:00:00,1700.0,3.81,54.0,18.0,197.0,7.0,0.07,3.68,7.3,0.2,5.0,1.4014395682661311,0.055592828401562426,47.3,,8,0,0
2025-08-19 00:00:00,100.0,,43.4,42.0,400.0,7.0,0.09,3.32,7.3,0.32,5.0,1.605170740631788,0.057177071261894426,47.9,,8,0,0
2025-08-19 00:00:00,300.0,,49.0,16.0,180.0,7.0,0.09,3.78,7.3,0.32,5.0,1.5001850957006506,0.05037278618766723,47.7,,8,0,0
2025-08-19 00:00:00,2300.0,9.81,43.4,42.0,346.0,7.0,0.09,3.46,7.3,0.32,5.0,1.7529631254945832,0.05679670923265819,40.1,,8,0,0
2025-08-19 00:00:00,2100.0,4.81,43.4,46.0,374.0,7.0,0.28,3.56,7.3,0.44,5.0,1.5405517754709859,0.056627516631491064,40.1,,8,0,0
2025-08-19 00:00:00,500.0,,54.5,16.0,180.0,7.0,0.09,3.81,7.3,0.32,5.0,1.3935792921757,0.05348411245748631,47.7,,8,0,0
2025-08-19 00:00:00,1900.0,4.84,45.6,53.0,415.0,7.0,0.28,3.65,7.3,0.55,5.0,1.5232372096207811,0.057655871385690116,42.5,,8,0,0
2025-08-19 00:00:00,900.0,4.81,54.2,48.0,350.0,7.0,0.13,3.57,7.3,0.22,5.0,1.2202944493507413,0.060228535644155506,46.7,,8,0,0
2025-08-19 00:00:00,1500.0,4.84,54.5,56.0,441.0,7.0,0.39,3.84,7.3,0.44,5.0,1.235652788760807,0.06057152187689609,46.8,,8,0,0
2025-08-19 00:00:00,1300.0,4.82,54.3,55.0,420.0,7.0,0.41,3.84,7.3,0.41,5.0,1.2745325972179173,0.0599383298674033,46.6,,8,0,0
2025-08-19 00:00:00,1100.0,4.81,54.3,50.0,400.0,7.0,0.41,3.7,7.3,0.41,5.0,1.229414847215013,0.06018514083998186,46.6,,8,0,0
2025-08-19 00:00:00,1700.0,4.85,50.5,42.0,400.0,7.0,0.35,3.82,7.3,0.51,5.0,1.5319108332640348,0.056704455083147955,46.6,,8,0,0
2025-08-19 00:00:00,700.0,4.79,54.2,42.0,350.0,7.0,0.13,3.84,7.3,0.22,5.0,1.2539326882686659,0.06101203930493084,46.7,,8,0,0
2025-08-20 00:00:00,300.0,,47.6,18.0,190.0,7.0,0.9,3.33,7.3,0.6,5.0,1.5063022151909524,0.052261946389245285,49.3,,8,0,0
2025-08-20 00:00:00,100.0,,48.6,18.0,190.0,7.0,0.9,3.47,7.3,0.6,5.0,1.465366477185766,0.051422266856257316,49.3,,8,0,0
2025-08-20 00:00:00,2300.0,,53.0,18.0,190.0,7.0,0.9,3.56,7.3,0.6,5.0,1.3729728792323546,0.05135569868353798,48.9,,8,0,0
2025-08-20 00:00:00,2100.0,4.05,53.0,18.0,190.0,7.0,0.9,3.38,7.3,0.6,5.0,1.434944608655161,0.05426111872201653,48.9,,8,0,0
2025-08-20 00:00:00,1900.0,,53.0,18.0,190.0,7.0,0.9,3.3,7.3,0.6,5.0,1.4703887225298373,0.052027829187317375,48.0,,8,0,0
2025-08-20 00:00:00,500.0,,47.4,18.0,190.0,7.0,0.9,3.32,7.3,0.6,5.0,1.5063022151909524,0.052410238174836636,49.4,,8,0,0
2025-08-20 00:00:00,1500.0,,38.2,12.0,170.0,7.0,0.2,3.55,7.3,0.6,5.0,1.4387036301301133,0.055754799704679205,34.4,,8,0,0
2025-08-20 00:00:00,1300.0,4.31,53.2,21.0,216.0,7.0,1.52,3.62,7.3,2.29,5.0,1.3045935988179165,0.052271958156077096,47.6,,8,0,0
2025-08-20 00:00:00,1100.0,4.41,53.4,20.0,214.0,7.0,2.41,3.64,7.3,3.24,5.0,1.399590687928312,0.05433827380152699,47.6,,8,0,0
2025-08-20 00:00:00,900.0,4.57,53.3,38.0,300.0,7.0,4.04,3.68,7.3,4.35,5.0,1.2360062484010492,0.059630196640462624,47.7,,8,0,0
2025-08-20 00:00:00,700.0,4.6,53.2,18.0,200.0,7.0,4.16,3.83,7.3,4.53,5.0,1.2146083802299734,0.053258981970347966,47.7,,8,0,0
2025-08-20 00:00:00,1700.0,4.09,54.2,12.0,170.0,7.0,0.2,3.36,7.3,0.41,5.0,1.0463103182592883,0.057567304394168475,47.5,,8,0,0
2025-08-21 00:00:00,500.0,,54.6,15.0,180.0,7.0,0.5,3.81,7.3,0.6,5.0,1.3666427919747213,0.05322860285388558,47.5,,8,0,0
2025-08-21 00:00:00,300.0,,54.7,15.0,180.0,7.0,0.5,3.81,7.3,0.6,5.0,1.3666427919747213,0.05322860285388558,47.6,,8,0,0
2025-08-21 00:00:00,100.0,,54.6,15.0,180.0,7.0,0.5,3.82,7.3,0.6,5.0,1.3577255251238276,0.05322860285388558,47.6,,8,0,0
2025-08-21 00:00:00,2300.0,,55.4,15.0,180.0,7.0,0.66,3.65,7.3,0.69,5.0,1.3454294458775318,0.05215655563795307,47.4,,8,0,0
2025-08-21 00:00:00,2100.0,3.47,55.4,21.0,215.0,7.0,0.66,3.36,7.3,0.58,5.0,1.2105578601205274,0.055224032163941894,47.4,,8,0,0
2025-08-21 00:00:00,1900.0,3.47,55.6,40.0,394.0,7.0,0.64,3.04,7.3,0.96,5.0,1.3505468862626526,0.05814405707026117,47.2,,8,0,0
2025-08-21 00:00:00,1700.0,3.44,51.7,16.0,197.0,7.0,0.63,3.38,7.3,0.76,5.0,1.5192718802773613,0.050228056293942,47.8,,8,0,0
2025-08-21 00:00:00,1300.0,4.28,51.4,21.0,215.0,7.0,0.92,3.44,7.3,1.2,5.0,1.4640792206749946,0.05147779900912973,47.6,,8,0,0
2025-08-21 00:00:00,1100.0,5.38,51.3,21.0,215.0,7.0,1.19,3.42,7.3,1.25,5.0,1.5180378311587828,0.05073175254052131,47.6,,8,0,0
2025-08-21 00:00:00,900.0,3.88,53.3,21.0,215.0,7.0,1.05,3.4,7.3,0.76,5.0,1.4769252937678101,0.05331568975600888,49.2,,8,0,0
2025-08-21 00:00:00,700.0,3.66,53.3,78.0,750.0,7.0,0.87,3.26,7.3,0.79,5.0,1.6400782698408458,0.05709562759523497,49.3,,8,0,0
2025-08-21 00:00:00,1500.0,4.43,51.5,21.0,215.0,7.0,0.8,3.56,7.3,0.95,5.0,1.4560449183117081,0.05072628537596096,47.2,,8,0,0
2025-08-22 00:00:00,1300.0,7.5,53.6,13.0,140.0,7.0,0.35,3.81,7.3,0.39,5.0,1.5504594041018265,0.05412765007424583,47.6,,8,0,0
2025-08-22 00:00:00,700.0,3.34,53.5,20.0,210.0,7.0,0.46,3.83,7.3,0.63,5.0,1.2802654515345395,0.053829771766826115,47.5,,8,0,0
2025-08-22 00:00:00,900.0,3.41,53.4,13.0,140.0,7.0,0.43,3.83,7.3,0.54,5.0,1.2935736607883253,0.05314673962968692,47.5,,8,0,0
2025-08-22 00:00:00,1100.0,7.38,53.4,13.0,140.0,7.0,0.4,3.82,7.3,0.41,5.0,1.5064269946171815,0.053215933107475535,47.7,,8,0,0
2025-08-22 00:00:00,1500.0,3.35,53.4,12.0,136.0,7.0,0.31,3.83,7.3,0.38,5.0,1.3332097871398043,0.05226681970237493,47.7,,8,0,0
2025-08-22 00:00:00,1700.0,3.4,53.4,11.0,124.0,7.0,0.32,3.83,7.3,0.3,5.0,1.2713247596879853,0.053426668523393485,47.6,,8,0,0
2025-08-22 00:00:00,2100.0,3.5,53.0,10.0,109.0,7.0,0.27,3.56,7.3,0.31,5.0,1.5604041579115104,0.05148607642831724,47.7,,8,0,0
2025-08-22 00:00:00,2300.0,,53.0,11.0,124.0,7.0,0.21,3.74,7.3,0.29,5.0,1.4502797424430685,0.050041909862303606,47.7,,8,0,0
2025-08-22 00:00:00,100.0,,52.1,11.0,124.0,7.0,0.21,3.8,7.3,0.29,5.0,1.5840710473066755,0.05069300850547673,47.5,,8,0,0
2025-08-22 00:00:00,300.0,,51.7,10.0,109.0,7.0,0.24,3.79,7.3,0.33,5.0,1.5953746347139113,0.049680027678608914,47.3,,8,0,0
2025-08-22 00:00:00,500.0,,51.4,10.0,109.0,7.0,0.24,3.79,7.3,0.33,5.0,1.6341135066998371,0.04998786801525255,47.4,,8,0,0
2025-08-22 00:00:00,1900.0,3.51,52.3,11.0,124.0,7.0,0.21,3.83,7.3,0.27,5.0,1.5357253848181174,0.05120951299786799,47.6,,8,0,0
2025-08-23 00:00:00,500.0,,52.7,10.0,125.0,7.0,0.17,3.8,7.3,0.24,5.0,1.5144608214952548,0.04998860948728364,47.7,,8,0,0
2025-08-23 00:00:00,300.0,,52.8,10.0,125.0,7.0,0.17,3.79,7.3,0.24,5.0,1.4831242499168684,0.049500039425528754,47.7,,8,0,0
2025-08-23 00:00:00,2300.0,,51.0,10.0,125.0,7.0,0.17,3.58,7.3,0.24,5.0,1.610557398762889,0.05021018430928908,47.5,,8,0,0
2025-08-23 00:00:00,2100.0,3.1,51.0,10.0,125.0,7.0,0.17,3.58,7.3,0.23,5.0,1.6427570106933387,0.049941738557105014,47.5,,8,0,0
2025-08-23 00:00:00,1900.0,3.15,51.0,9.0,94.0,7.0,0.17,3.58,7.3,0.23,5.0,1.6708997691079872,0.050354441012876505,47.6,,8,0,0
2025-08-23 00:00:00,100.0,,53.2,10.0,125.0,7.0,0.17,3.71,7.3,0.24,5.0,1.4873725592531701,0.049866285996504646,47.7,,8,0,0
2025-08-23 00:00:00,1500.0,3.21,51.0,10.0,125.0,7.0,0.15,3.51,7.3,0.26,5.0,1.6587870629652475,0.050044052302132845,47.4,,8,0,0
2025-08-23 00:00:00,1300.0,3.23,51.2,11.0,130.0,7.0,0.17,3.74,7.3,0.26,5.0,1.469380399193155,0.049855389046465165,47.5,,8,0,0
2025-08-23 00:00:00,1100.0,3.37,50.0,11.0,130.0,7.0,0.18,3.8,7.3,0.27,5.0,1.4393526720140117,0.049934624041394524,47.7,,8,0,0
2025-08-23 00:00:00,900.0,3.39,50.3,12.0,130.0,7.0,0.22,3.81,7.3,0.29,5.0,1.3821049394033582,0.049778419334179334,47.4,,8,0,0
2025-08-23 00:00:00,700.0,3.17,50.4,10.0,110.0,7.0,0.21,3.81,7.3,0.3,5.0,1.6591091664494975,0.049866020202847534,47.4,,8,0,0
2025-08-23 00:00:00,1700.0,3.17,51.0,10.0,125.0,7.0,0.17,3.54,7.3,0.23,5.0,1.6346398037689351,0.050097943264320204,47.8,,8,0,0
2025-08-24 00:00:00,300.0,3.14,52.4,12.0,126.0,7.0,0.08,3.64,7.3,0.2,5.0,1.4312018563788467,0.052042295383064284,48.2,,8,0,0
2025-08-24 00:00:00,100.0,3.16,52.6,11.0,118.0,7.0,0.08,3.72,7.3,0.18,5.0,1.3177202460110005,0.05229210656214466,48.4,,8,0,0
2025-08-24 00:00:00,2300.0,3.12,52.4,11.0,118.0,7.0,0.08,3.81,7.3,0.18,5.0,1.509177185540678,0.05233027423405614,48.3,,8,0,0
2025-08-24 00:00:00,2100.0,3.06,52.6,11.0,118.0,7.0,0.08,3.79,7.3,0.18,5.0,1.3680160142849855,0.0522119937358475,49.6,,8,0,0
2025-08-24 00:00:00,1900.0,3.09,52.5,12.0,130.0,7.0,0.08,3.74,7.3,0.18,5.0,1.3875840624139508,0.051955945872424435,48.2,,8,0,0
2025-08-24 00:00:00,1300.0,3.4,51.7,10.0,125.0,7.0,0.2,3.82,7.3,0.23,5.0,1.5960379793825252,0.051115482616131955,48.2,,8,0,0
2025-08-24 00:00:00,1500.0,3.26,52.0,9.0,100.0,7.0,0.21,3.78,7.3,0.23,5.0,1.6279705202462378,0.051352978825797264,48.0,,8,0,0
2025-08-24 00:00:00,1100.0,3.42,51.8,10.0,128.0,7.0,0.24,3.81,7.3,0.24,5.0,1.5833868865849365,0.05099740726878553,48.2,,8,0,0
2025-08-24 00:00:00,900.0,3.77,51.3,10.0,128.0,7.0,0.24,3.81,7.3,0.24,5.0,1.5957095095074054,0.05197541944081791,48.0,,8,0,0
2025-08-24 00:00:00,700.0,3.19,51.2,10.0,128.0,7.0,0.25,3.82,7.3,0.26,5.0,1.5749918606684647,0.05007008710767004,48.0,,8,0,0
2025-08-24 00:00:00,500.0,3.13,52.5,11.0,118.0,7.0,0.09,3.51,7.3,0.19,5.0,1.5049572380921552,0.05181891095561514,48.1,,8,0,0
2025-08-24 00:00:00,1700.0,3.19,52.5,11.0,118.0,7.0,0.09,3.82,7.3,0.2,5.0,1.470739623717623,0.051387894305965603,48.0,,8,0,0
2025-08-25 00:00:00,100.0,3.46,51.1,17.0,180.0,7.0,0.08,3.79,7.3,0.19,5.0,1.4636106016424884,0.05062694038291215,47.6,,8,0,0
2025-08-25 00:00:00,2300.0,3.57,49.5,17.0,180.0,7.0,0.08,3.75,7.3,0.19,5.0,1.4583627169597633,0.050734804034352474,47.6,,8,0,0
2025-08-25 00:00:00,500.0,3.34,50.9,15.0,160.0,7.0,0.12,3.82,7.3,0.2,5.0,1.3243964623886135,0.04994834948225823,47.7,,8,0,0
2025-08-25 00:00:00,2100.0,,50.4,17.0,180.0,7.0,0.09,3.73,7.3,0.2,5.0,1.5547512439154265,0.05052618772103723,47.2,,8,0,0
2025-08-25 00:00:00,300.0,3.34,51.0,15.0,160.0,7.0,0.1,3.81,7.3,0.2,5.0,1.3465717857327435,0.04979214477504304,47.6,,8,0,0
2025-08-25 00:00:00,1900.0,,50.4,15.0,160.0,7.0,0.08,3.71,7.3,0.2,5.0,1.4691416457448816,0.05029043725730537,47.2,,8,0,0
2025-08-25 00:00:00,1700.0,,50.4,15.0,160.0,7.0,0.07,3.63,7.3,0.18,5.0,1.5373985641625767,0.05031249805431691,47.2,,8,0,0
2025-08-25 00:00:00,1500.0,,50.4,13.0,146.0,7.0,0.07,3.57,7.3,0.18,5.0,1.5494418068645937,0.05031249805431691,47.2,,8,0,0
2025-08-25 00:00:00,1300.0,3.43,50.4,12.0,130.0,7.0,0.06,3.54,7.3,0.17,5.0,1.453074644384517,0.050106567157351845,47.2,,8,0,0
2025-08-25 00:00:00,1100.0,3.54,50.8,14.0,151.0,7.0,0.06,3.54,7.3,0.17,5.0,1.4116361283010057,0.05162193769327617,48.2,,8,0,0
2025-08-25 00:00:00,900.0,3.24,52.0,14.0,151.0,7.0,0.06,3.64,7.3,0.17,5.0,1.4329709087333886,0.050669884756535416,48.0,,8,0,0
2025-08-25 00:00:00,700.0,3.09,52.0,13.0,146.0,7.0,0.06,3.54,7.3,0.17,5.0,1.4775587311246223,0.0509232940055847,48.1,,8,0,0
2025-08-26 00:00:00,300.0,3.45,53.4,14.0,145.0,7.0,0.11,3.82,7.3,0.19,5.0,1.321344644543951,0.05226681970237493,47.7,,8,0,0
2025-08-26 00:00:00,100.0,3.55,52.4,12.0,140.0,7.0,0.13,3.82,7.3,0.21,5.0,1.4645464780342137,0.05097374857531077,47.6,,8,0,0
2025-08-26 00:00:00,2300.0,3.51,52.3,12.0,140.0,7.0,0.14,3.82,7.3,0.21,5.0,1.4645464780342137,0.05097374857531077,47.6,,8,0,0
2025-08-26 00:00:00,2100.0,,48.2,12.0,140.0,7.0,0.11,3.82,7.3,0.2,5.0,1.4433308711580148,0.049907206881706315,44.9,,8,0,0
2025-08-26 00:00:00,1900.0,,48.2,12.0,140.0,7.0,0.1,3.79,7.3,0.2,5.0,1.4292751091458105,0.049964901246715945,44.9,,8,0,0
2025-08-26 00:00:00,500.0,3.46,53.5,15.0,161.0,7.0,0.09,3.83,7.3,0.18,5.0,1.1891396980747255,0.05603977241396814,47.6,,8,0,0
2025-08-26 00:00:00,1500.0,,48.2,10.0,125.0,7.0,0.11,3.79,7.3,0.21,5.0,1.5283721416485447,0.049964901246715945,44.9,,8,0,0
2025-08-26 00:00:00,1300.0,3.32,48.2,9.0,106.0,7.0,0.08,3.83,7.3,0.22,5.0,1.679382063823802,0.049734360212489566,44.9,,8,0,0
2025-08-26 00:00:00,1100.0,2.93,51.9,21.0,210.0,7.0,0.09,3.74,7.3,0.34,5.0,1.4688103691459216,0.04939550492398737,44.9,,8,0,0
2025-08-26 00:00:00,900.0,3.31,51.9,14.0,152.0,7.0,0.22,3.64,7.3,0.22,5.0,1.4192590559087905,0.05036170591700726,47.7,,8,0,0
2025-08-26 00:00:00,700.0,3.29,52.0,13.0,141.0,7.0,0.12,3.54,7.3,0.22,5.0,1.4972316953557094,0.04993076528102506,47.6,,8,0,0
2025-08-26 00:00:00,1700.0,,48.2,12.0,140.0,7.0,0.09,3.79,7.3,0.22,5.0,1.4292751091458105,0.049964901246715945,44.9,,8,0,0
2025-08-27 00:00:00,500.0,3.32,53.6,15.0,240.0,7.0,0.14,3.87,7.3,0.22,5.0,1.304874805958672,0.05251379182747697,48.6,,8,0,0
2025-08-27 00:00:00,300.0,3.33,53.4,15.0,240.0,7.0,0.13,3.82,7.3,0.22,5.0,1.2990439355898564,0.05156531921749411,48.5,,8,0,0
2025-08-27 00:00:00,100.0,3.41,53.7,20.0,245.0,7.0,0.1,3.83,7.3,0.2,5.0,1.3190598286153068,0.0514594452025102,48.7,,8,0,0
2025-08-27 00:00:00,2300.0,3.36,53.9,20.0,245.0,7.0,0.08,3.83,7.3,0.2,5.0,1.3275933235969333,0.051765302982594255,48.6,,8,0,0
2025-08-27 00:00:00,2100.0,,53.3,23.0,280.0,7.0,0.09,3.81,7.3,0.2,5.0,1.4111815618882895,0.050710988278040395,47.9,,8,0,0
2025-08-27 00:00:00,1900.0,,53.3,12.0,146.0,7.0,0.07,3.81,7.3,0.2,5.0,1.5094993404419417,0.04900609029948287,47.9,,8,0,0
2025-08-27 00:00:00,1700.0,,53.2,13.0,147.0,7.0,0.07,3.81,7.3,0.22,5.0,1.4930890405042432,0.04900609029948287,47.9,,8,0,0
2025-08-27 00:00:00,1300.0,3.44,53.2,13.0,147.0,7.0,0.07,3.73,7.3,0.2,5.0,1.4211890538426153,0.05032157230469328,47.9,,8,0,0
2025-08-27 00:00:00,1100.0,3.44,53.3,13.0,147.0,7.0,0.1,3.83,7.3,0.2,5.0,1.3243913446135314,0.05103877483565783,48.3,,8,0,0
2025-08-27 00:00:00,900.0,3.44,53.1,15.0,161.0,7.0,0.11,3.83,7.3,0.19,5.0,1.2456483708472332,0.0514622295955623,48.2,,8,0,0
2025-08-27 00:00:00,700.0,3.45,52.3,15.0,161.0,7.0,0.1,3.83,7.3,0.18,5.0,1.355864086527733,0.05163129494706611,47.9,,8,0,0
2025-08-27 00:00:00,1500.0,,53.2,13.0,147.0,7.0,0.07,3.79,7.3,0.2,5.0,1.4790332784920388,0.04908452304754037,47.9,,8,0,0
2025-08-28 00:00:00,1900.0,,50.4,13.0,147.0,7.0,0.12,3.71,7.3,0.21,5.0,1.434178877044579,0.05016720346553723,46.1,,8,0,0
2025-08-28 00:00:00,100.0,3.36,51.4,11.0,136.0,7.0,0.13,3.71,7.3,0.21,5.0,1.5382904648666569,0.05052634681250125,48.1,,8,0,0
2025-08-28 00:00:00,2300.0,3.29,49.6,11.0,136.0,7.0,0.15,3.69,7.3,0.21,5.0,1.492098461788614,0.05043656785935825,48.2,,8,0,0
2025-08-28 00:00:00,2100.0,,50.4,10.0,125.0,7.0,0.16,3.68,7.3,0.21,5.0,1.4984927399105097,0.05018091511935057,46.1,,8,0,0
2025-08-28 00:00:00,1700.0,,50.4,12.0,147.0,7.0,0.13,3.76,7.3,0.22,5.0,1.4099951780373436,0.050216389595990965,46.1,,8,0,0
2025-08-28 00:00:00,500.0,3.44,51.4,11.0,136.0,7.0,0.08,3.79,7.3,0.2,5.0,1.5267862973942847,0.05101564174599582,48.1,,8,0,0
2025-08-28 00:00:00,1300.0,3.36,50.4,15.0,180.0,7.0,0.08,3.7,7.3,0.22,5.0,1.4772772415009596,0.05036590480790595,46.1,,8,0,0
2025-08-28 00:00:00,1100.0,3.28,53.1,15.0,180.0,7.0,0.09,3.67,7.3,0.22,5.0,1.3595559479410322,0.051499272364193424,46.0,,8,0,0
2025-08-28 00:00:00,900.0,3.31,53.7,16.0,264.0,7.0,0.13,3.82,7.3,0.22,5.0,1.292915137458643,0.05135399910942753,48.4,,8,0,0
2025-08-28 00:00:00,700.0,3.32,54.0,15.0,240.0,7.0,0.13,3.82,7.3,0.22,5.0,1.2022329636382938,0.050707821248672805,48.4,,8,0,0
2025-08-28 00:00:00,1500.0,,50.4,13.0,147.0,7.0,0.12,3.74,7.3,0.21,5.0,1.4084567625183113,0.050216389595990965,46.1,,8,0,0
2025-08-28 00:00:00,300.0,3.44,51.2,11.0,136.0,7.0,0.09,3.75,7.3,0.2,5.0,1.4796344037555826,0.05070886610572084,48.2,,8,0,0
2025-08-29 00:00:00,1500.0,,53.1,79.0,750.0,7.0,0.08,3.81,7.3,0.21,5.0,1.5873712809935594,0.052486559325517164,48.8,,8,0,0
2025-08-29 00:00:00,500.0,3.92,52.5,35.0,360.0,7.0,0.09,3.83,7.3,0.21,5.0,1.358118132524938,0.058107089035034976,48.2,,8,0,0
2025-08-29 00:00:00,700.0,3.76,53.0,10.0,94.0,7.0,0.04,3.8,7.3,0.2,5.0,1.4152693185158363,0.053682831931658494,48.2,,8,0,0
2025-08-29 00:00:00,900.0,4.14,53.0,11.0,182.0,7.0,0.09,3.8,7.3,0.2,5.0,1.2990435201107877,0.05388621924645175,48.2,,8,0,0
2025-08-29 00:00:00,1100.0,4.26,53.1,24.0,252.0,7.0,0.09,3.81,7.3,0.2,5.0,1.313634713021894,0.055703611266562314,48.6,,8,0,0
2025-08-29 00:00:00,1300.0,4.27,53.1,58.0,571.0,7.0,0.08,3.83,7.3,0.21,5.0,1.4528275451318295,0.057108559502449904,48.8,,8,0,0
2025-08-29 00:00:00,1700.0,,53.1,67.0,720.0,7.0,0.1,3.81,7.3,0.24,5.0,1.528427407375922,0.05283902457603857,48.8,,8,0,0
2025-08-29 00:00:00,1900.0,,53.1,50.0,400.0,7.0,0.11,3.79,7.3,0.24,5.0,1.450956074701086,0.05316399116853373,48.8,,8,0,0
2025-08-29 00:00:00,2100.0,4.06,53.1,48.0,380.0,7.0,0.11,3.81,7.3,0.24,5.0,1.4329704785343444,0.056644400073437025,48.8,,8,0,0
2025-08-29 00:00:00,2300.0,4.01,52.7,45.0,385.0,7.0,0.11,3.83,7.3,0.24,5.0,1.3907715863334913,0.05793426666558822,48.2,,8,0,0
2025-08-29 00:00:00,100.0,4.0,52.6,42.0,380.0,7.0,0.11,3.83,7.3,0.24,5.0,1.3764861513798807,0.05787730330241291,48.1,,8,0,0
2025-08-29 00:00:00,300.0,3.96,52.6,40.0,380.0,7.0,0.09,3.83,7.3,0.21,5.0,1.3112020221641971,0.058107089035034976,48.2,,8,0,0
2025-08-30 00:00:00,100.0,3.65,51.8,29.0,330.0,7.0,0.16,3.8,7.3,0.24,5.0,1.4855817414602823,0.053865102064326535,48.1,,8,0,0
2025-08-30 00:00:00,1300.0,3.77,52.5,30.0,300.0,7.0,0.1,3.82,7.3,0.21,5.0,1.4298368902354806,0.055515683186715216,48.3,,8,0,0
2025-08-30 00:00:00,1500.0,3.76,52.5,28.0,274.0,7.0,0.1,3.82,7.3,0.23,5.0,1.4794067948611807,0.05643644283475071,43.3,,8,0,0
2025-08-30 00:00:00,1700.0,3.77,52.4,34.0,341.0,7.0,0.1,3.82,7.3,0.22,5.0,1.4413706773622792,0.0572872353265489,48.3,,8,0,0
2025-08-30 00:00:00,2100.0,3.71,52.3,31.0,341.0,7.0,0.13,3.69,7.3,0.23,5.0,1.4565538322622285,0.05715791743771279,48.1,,8,0,0
2025-08-30 00:00:00,2300.0,3.68,51.3,29.0,330.0,7.0,0.14,3.77,7.3,0.23,5.0,1.5187797533104563,0.05297748886027214,48.0,,8,0,0
2025-08-30 00:00:00,1100.0,3.77,52.5,31.0,308.0,7.0,0.1,3.79,7.3,0.22,5.0,1.4652072026805454,0.05528568809809255,48.2,,8,0,0
2025-08-30 00:00:00,900.0,3.77,52.5,33.0,324.0,7.0,0.1,3.82,7.3,0.22,5.0,1.4191267734715738,0.05580081870221967,48.2,,8,0,0
2025-08-30 00:00:00,700.0,3.89,52.5,34.0,341.0,7.0,0.1,3.82,7.3,0.22,5.0,1.396161814708921,0.058730636259815915,48.2,,8,0,0
2025-08-30 00:00:00,300.0,3.64,52.3,28.0,330.0,7.0,0.25,3.83,7.3,0.27,5.0,1.4388350137563894,0.056659270357427835,48.0,,8,0,0
2025-08-30 00:00:00,1900.0,3.71,52.4,34.0,341.0,7.0,0.1,3.56,7.3,0.24,5.0,1.4738742865853383,0.056651455532433906,48.3,,8,0,0
2025-08-30 00:00:00,500.0,3.6,52.5,27.0,330.0,7.0,0.28,3.84,7.3,0.3,5.0,1.3619660480244458,0.055212327683202715,48.0,,8,0,0
2025-08-31 00:00:00,500.0,3.5,53.0,26.0,271.0,7.0,0.1,3.8,7.3,0.22,5.0,1.4239164025632696,0.051354515479145504,48.0,,8,0,0
2025-08-31 00:00:00,900.0,3.7,54.2,28.0,282.0,7.0,0.28,3.84,7.3,0.31,5.0,1.1691019430696772,0.05773991239258606,47.8,,8,0,0
2025-08-31 00:00:00,1100.0,3.68,54.4,28.0,282.0,7.0,0.1,3.84,7.3,0.28,5.0,1.184501516497897,0.05597740345764167,47.9,,8,0,0
2025-08-31 00:00:00,1300.0,,54.4,28.0,282.0,7.0,0.08,3.8,7.3,0.25,5.0,1.355174890017242,0.05337625775655785,48.0,,8,0,0
2025-08-31 00:00:00,1500.0,,54.4,25.0,280.0,7.0,0.08,3.8,7.3,0.24,5.0,1.3551016541193737,0.05337625775655785,48.0,,8,0,0
2025-08-31 00:00:00,1700.0,,54.4,27.0,285.0,7.0,0.07,3.8,7.3,0.29,5.0,1.3725889733860634,0.05337625775655785,48.0,,8,0,0
2025-08-31 00:00:00,1900.0,,54.4,27.0,285.0,7.0,0.07,3.81,7.3,0.23,5.0,1.3725889733860634,0.05337625775655785,48.0,,8,0,0
2025-08-31 00:00:00,2300.0,3.36,54.0,26.0,271.0,7.0,0.08,3.8,7.3,0.22,5.0,1.3356791599620441,0.05131551875678826,48.0,,8,0,0
2025-08-31 00:00:00,700.0,3.61,52.4,27.0,278.0,7.0,0.28,3.84,7.3,0.31,5.0,1.39754578440557,0.05317652879919499,47.9,,8,0,0
2025-08-31 00:00:00,2100.0,,54.4,27.0,285.0,7.0,0.08,3.8,7.3,0.22,5.0,1.3466634918496332,0.05337625775655785,48.0,,8,0,0
2025-08-31 00:00:00,300.0,3.44,53.2,26.0,271.0,7.0,0.08,3.8,7.3,0.22,5.0,1.4355033122860688,0.05050145258036049,48.1,,8,0,0
2025-08-31 00:00:00,100.0,3.39,53.2,26.0,271.0,7.0,0.08,3.8,7.3,0.22,5.0,1.4355033122860688,0.04997376008731522,48.0,,8,0,0
2025-08-31 02:00:00,700.0,3.5,53.2,29.0,330.0,7.0,0.1,3.8,7.3,0.23,5.0,1.5,0.05,48.0,,9,2,1
2025-09-01 00:00:00,500.0,4.86,46.6,21.0,241.0,7.1,0.03,3.8,7.3,0.14,5.0,1.4,0.05,43.4,,1,2,1
2025-09-01 00:00:00,700.0,5.43,45.6,26.0,253.0,7.1,0.06,3.81,7.3,0.13,5.0,1.8,0.05,41.3,B/W fil. 2,1,2,1
2025-09-01 00:00:00,1100.0,5.33,45.2,26.0,258.0,7.1,0.03,3.81,7.3,0.17,5.0,1.7,0.05,43.4,,1,2,1
2025-09-01 00:00:00,1300.0,5.27,45.0,27.0,267.0,7.1,0.03,3.78,7.3,0.17,5.0,1.6,0.05,43.4,B/W filter no.6 (2.00pm),1,2,1
2025-09-01 00:00:00,1500.0,5.26,46.1,29.0,280.0,7.1,0.03,3.78,7.3,0.16,5.0,1.5,0.05,43.1,,1,2,1
2025-09-01 00:00:00,1700.0,5.26,46.6,24.0,240.0,7.1,0.03,3.77,7.3,0.16,5.0,1.5,0.05,42.6,,1,2,1
2025-09-01 00:00:00,1900.0,5.18,46.1,25.0,240.0,7.1,0.03,3.78,7.3,0.14,5.0,1.5,0.05,42.6,,1,2,1
2025-09-01 00:00:00,2100.0,5.06,46.0,25.0,240.0,7.1,0.03,3.77,7.3,0.14,5.0,1.4,0.05,42.6,,1,2,1
2025-09-01 00:00:00,2300.0,5.01,45.5,27.0,255.0,7.1,0.03,3.79,7.3,0.13,5.0,1.4,0.05,43.6,,1,2,1
2025-09-01 00:00:00,100.0,5.03,44.9,26.0,258.0,7.1,0.04,3.77,7.3,0.14,5.0,1.4,0.05,43.5,,1,2,1
2025-09-01 00:00:00,900.0,5.41,45.4,25.0,248.0,7.1,0.03,3.74,7.3,0.2,5.0,1.7,0.05,43.7,,1,2,1
2025-09-01 00:00:00,300.0,4.95,44.8,24.0,246.0,7.1,0.04,3.77,7.3,0.14,5.0,1.4,0.05,43.4,,1,2,1
2025-09-02 00:00:00,700.0,4.94,44.8,13.0,143.0,7.0,0.05,3.8,7.3,0.27,5.0,1.3,0.06,42.2,,2,2,1
2025-09-02 00:00:00,500.0,4.5,46.0,21.0,180.0,7.0,0.08,3.56,7.3,0.29,5.0,1.3,0.06,42.2,B/W no.6,2,2,1
2025-09-02 00:00:00,300.0,4.55,46.0,23.0,191.0,7.0,0.08,3.78,7.3,0.29,5.0,1.4,0.06,42.2,,2,2,1
2025-09-02 00:00:00,100.0,4.59,46.2,23.0,191.0,7.0,0.08,3.78,7.3,0.29,5.0,1.3,0.05,42.2,,2,2,1
2025-09-02 00:00:00,2300.0,4.64,44.7,25.0,225.0,7.0,0.05,3.68,7.3,0.28,5.0,1.3,0.06,42.2,,2,2,1
2025-09-02 00:00:00,2100.0,4.74,45.6,24.0,210.0,7.0,0.04,3.64,7.3,0.28,5.0,1.3,0.06,42.2,,2,2,1
2025-09-02 00:00:00,900.0,4.8,44.6,16.0,147.0,7.0,0.05,3.81,7.3,0.27,5.0,1.3,0.05,42.3,,2,2,1
2025-09-02 00:00:00,1900.0,4.74,45.6,24.0,210.0,7.0,0.04,3.52,7.3,0.28,5.0,1.3,0.06,42.1,,2,2,1
2025-09-02 00:00:00,1700.0,4.67,43.8,23.0,210.0,7.0,0.04,3.41,7.3,0.28,5.0,1.5,0.06,42.0,,2,2,1
2025-09-02 00:00:00,1500.0,4.93,43.1,11.0,130.0,7.0,0.04,3.49,7.3,0.29,5.0,1.3,0.06,42.0,,2,2,1
2025-09-02 00:00:00,1300.0,4.73,44.7,13.0,140.0,7.0,0.04,3.48,7.3,0.3,5.0,1.3,0.05,42.1,,2,2,1
2025-09-02 00:00:00,1100.0,4.75,44.6,16.0,144.0,7.0,0.06,3.81,7.3,0.28,5.0,1.3,0.05,42.3,"B/W no.1,3",2,2,1
2025-09-03 00:00:00,700.0,5.07,47.6,28.0,310.0,7.0,0.22,3.61,7.3,0.2,5.0,1.6,0.05,45.0,,3,2,2
2025-09-03 00:00:00,1100.0,4.85,47.5,26.0,300.0,7.0,0.2,3.65,7.3,0.25,5.0,1.6,0.05,45.0,B/W no 2/3,3,2,2
2025-09-03 00:00:00,1300.0,4.71,46.6,26.0,300.0,7.0,0.08,3.31,7.3,0.27,5.0,1.6,0.05,44.9,,3,2,2
2025-09-03 00:00:00,900.0,4.96,47.5,28.0,310.0,7.0,0.2,3.65,7.3,0.2,5.0,1.6,0.05,45.2,,3,2,2
2025-09-03 00:00:00,1700.0,4.53,47.6,25.0,290.0,7.0,0.06,3.19,7.3,0.26,5.0,1.5,0.05,44.8,,3,2,2
2025-09-03 00:00:00,1900.0,4.75,47.4,25.0,290.0,7.0,0.06,3.26,7.3,0.21,5.0,1.5,0.05,44.7,,3,2,2
2025-09-03 00:00:00,1500.0,4.63,47.5,26.0,298.0,7.0,0.08,3.33,7.3,0.22,5.0,1.6,0.05,44.9,B/W no 1,3,2,2
2025-09-03 00:00:00,500.0,5.18,47.6,90.0,780.0,7.0,0.06,3.52,7.3,0.18,5.0,1.5,0.05,44.6,,3,2,2
2025-09-03 00:00:00,2100.0,4.82,47.8,40.0,441.0,7.0,0.05,3.33,7.3,0.19,5.0,1.5,0.05,44.3,,3,2,2
2025-09-03 00:00:00,300.0,5.14,47.2,60.0,634.0,7.0,0.06,3.48,7.3,0.16,5.0,1.5,0.05,44.8,,3,2,2
2025-09-03 00:00:00,100.0,5.1,47.3,45.0,452.0,7.0,0.06,3.37,7.3,0.16,5.0,1.5,0.05,44.2,,3,2,2
2025-09-03 00:00:00,2300.0,5.11,47.5,40.0,440.0,7.0,0.06,3.35,7.3,0.18,5.0,1.5,0.05,45.0,,3,2,2
2025-09-04 00:00:00,100.0,6.41,46.7,35.0,361.0,7.0,0.14,3.78,7.3,0.2,5.0,1.5,0.06,44.0,,4,2,2
2025-09-04 00:00:00,2300.0,6.52,46.9,39.0,388.0,7.0,0.15,3.81,7.3,0.16,5.0,1.5,0.06,44.0,,4,2,2
2025-09-04 00:00:00,900.0,6.78,47.6,65.0,620.0,7.0,0.15,3.69,7.3,0.13,5.0,1.6,0.06,42.6,B/W filter no.5 (8:30pm),4,2,2
2025-09-04 00:00:00,700.0,6.78,47.0,47.0,480.0,7.0,0.07,3.57,7.3,0.15,5.0,1.6,0.06,42.5,,4,2,2
2025-09-04 00:00:00,2100.0,6.55,46.9,45.0,431.0,7.0,0.14,3.81,7.3,0.16,5.0,1.5,0.06,44.1,,4,2,2
2025-09-04 00:00:00,1900.0,6.55,47.4,47.0,460.0,7.0,0.12,3.76,7.3,0.14,5.0,1.5,0.06,43.8,,4,2,2
2025-09-04 00:00:00,1700.0,6.6,47.9,51.0,465.0,7.0,0.1,3.69,7.3,0.14,5.0,1.5,0.06,44.0,,4,2,2
2025-09-04 00:00:00,1500.0,6.62,46.4,48.0,456.0,7.0,0.08,3.75,7.3,0.13,5.0,1.6,0.06,42.9,,4,2,2
2025-09-04 00:00:00,1300.0,6.63,46.1,55.0,485.0,7.0,0.08,3.71,7.3,0.14,5.0,1.6,0.06,42.8,,4,2,2
2025-09-04 00:00:00,1100.0,6.69,46.1,54.0,485.0,7.0,0.06,3.7,7.3,0.13,5.0,1.6,0.06,42.8,,4,2,2
2025-09-04 00:00:00,300.0,6.32,46.5,37.0,374.0,7.0,0.17,3.78,7.3,0.21,5.0,1.5,0.06,44.1,,4,2,2
2025-09-04 00:00:00,500.0,6.26,46.2,40.0,391.0,7.0,0.2,3.76,7.3,0.21,5.0,1.5,0.06,44.0,,4,2,2
2025-09-09 00:00:00,2100.0,3.89,53.1,40.0,400.0,7.0,0.06,3.48,7.3,0.4,5.0,1.6,0.06,47.8,,9,2,0
2025-09-09 00:00:00,300.0,,51.0,21.0,198.0,7.0,0.15,3.79,7.3,0.4,5.0,1.3,0.05,47.3,,9,2,0
2025-09-09 00:00:00,100.0,,52.2,21.0,198.0,7.0,0.15,3.79,7.3,0.37,5.0,1.3,0.05,47.3,,9,2,0
2025-09-09 00:00:00,2300.0,,53.1,21.0,198.0,7.0,0.11,3.63,7.3,0.37,5.0,1.5,0.05,47.8,,9,2,0
2025-09-09 00:00:00,700.0,3.75,51.4,17.0,182.0,7.0,0.13,3.8,7.3,0.4,5.0,1.7,0.05,47.6,,9,2,1
2025-09-09 00:00:00,1100.0,4.05,51.0,19.0,195.0,7.0,0.11,3.47,7.3,0.35,5.0,1.7,0.05,47.3,,9,2,1
2025-09-09 00:00:00,1300.0,3.86,51.5,12.0,160.0,7.0,0.14,3.65,7.3,0.36,5.0,1.6,0.05,47.5,,9,2,1
2025-09-09 00:00:00,1500.0,3.74,53.5,10.0,120.0,7.0,0.12,3.56,7.3,0.37,5.0,1.7,0.05,47.7,,9,2,1
2025-09-09 00:00:00,1700.0,3.75,52.3,2.0,81.0,7.0,0.1,3.9,7.3,0.4,5.0,1.6,0.05,47.9,,9,2,0
2025-09-09 00:00:00,1900.0,3.78,53.0,2.0,81.0,7.0,0.11,3.35,7.3,0.47,5.0,1.7,0.05,47.7,,9,2,0
2025-09-09 00:00:00,500.0,,50.2,21.0,198.0,7.0,0.15,3.78,7.3,0.4,5.0,1.3,0.05,47.5,,9,2,0
2025-09-09 00:00:00,900.0,3.8,48.9,17.0,182.0,7.0,0.09,3.59,7.3,0.36,5.0,1.8,0.05,47.6,,9,2,1
2025-09-10 00:00:00,500.0,3.42,54.1,10.0,101.0,7.0,0.08,3.84,7.3,0.45,5.0,1.2,0.06,46.7,,10,2,1
2025-09-10 00:00:00,900.0,3.48,53.5,12.0,131.0,7.0,0.2,3.56,7.3,0.49,5.0,1.5,0.06,46.7,,10,2,1
2025-09-10 00:00:00,1100.0,3.52,54.0,10.0,101.0,7.0,0.22,3.78,7.3,0.55,5.0,1.5,0.06,46.8,,10,2,1
2025-09-10 00:00:00,1300.0,3.61,54.0,10.0,101.0,7.0,0.22,3.81,7.3,0.55,5.0,1.5,0.06,46.8,,10,2,1
2025-09-10 00:00:00,1500.0,3.58,53.8,10.0,101.0,7.0,0.23,3.83,7.3,0.55,5.0,1.3,0.06,46.7,,10,2,1
2025-09-10 00:00:00,1700.0,3.61,54.2,10.0,101.0,7.0,0.1,3.68,7.3,0.54,5.0,1.2,0.06,46.4,,10,2,1
2025-09-10 00:00:00,1900.0,3.62,54.1,10.0,101.0,7.0,0.09,3.83,7.3,0.53,5.0,1.2,0.06,46.8,,10,2,1
2025-09-10 00:00:00,2100.0,3.63,54.3,10.0,101.0,7.0,0.07,3.55,7.3,0.62,5.0,1.2,0.06,46.8,,10,2,1
2025-09-10 00:00:00,2300.0,3.65,54.6,10.0,101.0,7.0,0.05,3.4,7.3,0.5,5.0,1.3,0.06,46.6,,10,2,1
2025-09-10 00:00:00,100.0,3.89,54.3,10.0,101.0,7.0,0.09,3.53,7.3,0.5,5.0,1.3,0.06,46.7,,10,2,1
2025-09-10 00:00:00,300.0,3.52,54.3,10.0,101.0,7.0,0.09,3.75,7.3,0.45,5.0,1.2,0.06,46.8,,10,2,1
2025-09-10 00:00:00,700.0,3.41,53.5,11.0,116.0,7.0,0.23,3.36,7.3,0.49,5.0,1.5,0.06,46.6,,10,2,1
2025-09-11 00:00:00,100.0,4.56,52.0,47.0,420.0,7.0,0.03,3.82,7.3,0.35,5.0,1.6,0.05,46.5,,11,2,1
2025-09-11 00:00:00,1300.0,4.14,51.1,20.0,178.0,7.0,0.04,3.84,7.3,0.32,5.0,1.3,0.05,48.4,,11,2,1
2025-09-11 00:00:00,1100.0,4.16,51.3,20.0,178.0,7.0,0.04,3.84,7.3,0.32,5.0,1.4,0.05,48.2,,11,2,1
2025-09-11 00:00:00,500.0,4.99,52.0,23.0,207.0,7.0,0.03,3.56,7.3,0.35,5.0,1.6,0.05,46.5,,11,2,1
2025-09-11 00:00:00,300.0,4.71,52.0,34.0,304.0,7.0,0.03,3.82,7.3,0.35,5.0,1.6,0.05,46.5,,11,2,1
2025-09-11 00:00:00,2300.0,4.26,51.5,52.0,470.0,7.0,0.03,3.82,7.3,0.35,5.0,1.6,0.05,46.6,,11,2,1
2025-09-11 00:00:00,2100.0,4.19,51.0,17.0,197.0,7.0,0.03,3.83,7.3,0.35,5.0,1.6,0.05,46.6,,11,2,1
2025-09-11 00:00:00,1900.0,4.11,50.8,22.0,210.0,7.0,0.04,3.83,7.3,0.35,5.0,1.5,0.05,46.6,,11,2,1
2025-09-11 00:00:00,1700.0,4.02,51.0,23.0,219.0,7.0,0.04,3.83,7.3,0.36,5.0,1.5,0.05,46.5,,11,2,1
2025-09-11 00:00:00,1500.0,4.07,50.7,17.0,166.0,7.0,0.04,3.83,7.3,0.35,5.0,1.5,0.05,46.4,,11,2,1
2025-09-11 00:00:00,900.0,4.18,51.2,20.0,178.0,7.0,0.04,3.81,7.3,0.32,5.0,1.8,0.05,48.5,,11,2,1
2025-09-11 00:00:00,700.0,4.2,50.7,21.0,184.0,7.0,0.04,3.75,7.3,0.32,5.0,1.7,0.05,48.6,,11,2,1
2025-09-12 00:00:00,700.0,6.87,51.2,108.0,842.0,7.0,0.04,3.82,7.3,0.22,5.0,1.5127293257439214,0.05,45.4,,12,2,1
2025-09-12 00:00:00,900.0,6.72,51.0,90.0,713.0,7.0,0.04,3.82,7.3,0.22,5.0,1.4776083119432843,0.05,45.4,,12,2,1
2025-09-12 00:00:00,300.0,5.83,48.6,55.0,550.0,7.0,0.03,3.83,7.3,0.2,5.0,1.713720248862686,0.05,45.0,,12,2,1
2025-09-12 00:00:00,100.0,5.82,48.8,60.0,600.0,7.0,0.03,3.82,7.3,0.21,5.0,1.7163418505985866,0.05,44.9,,12,2,1
2025-09-12 00:00:00,2300.0,5.78,48.4,64.0,640.0,7.0,0.03,3.83,7.3,0.21,5.0,1.7783110007483203,0.05,45.0,,12,2,1
2025-09-12 00:00:00,2100.0,5.87,50.4,66.0,650.0,7.0,0.07,3.76,7.3,0.21,5.0,1.4729999840944485,0.05,44.7,,12,2,1
2025-09-12 00:00:00,1900.0,5.86,50.3,66.0,650.0,7.0,0.07,3.69,7.3,0.22,5.0,1.485329362074488,0.05,44.8,B/W No.5,12,2,1
2025-09-12 00:00:00,1700.0,6.06,50.8,65.0,650.0,7.0,0.03,3.8,7.3,0.22,5.0,1.699185811886215,0.05,44.9,,12,2,1
2025-09-12 00:00:00,1500.0,6.49,50.5,60.0,498.0,7.0,0.04,3.84,7.3,0.22,5.0,1.591553444528732,0.05,45.5,"B/W fil No.2,3",12,2,1
2025-09-12 00:00:00,1300.0,6.47,50.3,60.0,498.0,7.0,0.04,3.84,7.3,0.22,5.0,1.6016191835470257,0.05,45.0,,12,2,1
2025-09-12 00:00:00,1100.0,6.61,50.0,67.0,531.0,7.0,0.04,3.82,7.3,0.22,5.0,1.5135975429208839,0.05,45.4,,12,2,1
2025-09-12 00:00:00,500.0,5.77,48.4,50.0,500.0,7.0,0.03,3.83,7.3,0.2,5.0,1.6651318801531056,0.05,45.0,,12,2,1
2025-09-13 00:00:00,1300.0,7.77,37.4,32.0,290.0,7.0,0.11,2.48,7.3,0.26,5.0,1.2,0.06,35.7,,9,2,0
2025-09-13 00:00:00,700.0,7.54,39.0,32.0,290.0,7.0,0.73,3.24,7.3,1.73,5.0,1.7,0.06,37.0,,9,2,0
2025-09-13 00:00:00,900.0,7.72,39.1,37.0,302.0,7.0,0.22,3.07,7.3,0.26,5.0,1.2,0.06,36.9,,9,2,0
2025-09-13 00:00:00,1100.0,7.74,38.8,34.0,300.0,7.0,0.15,2.76,7.3,0.26,5.0,1.2,0.06,35.7,,9,2,0
2025-09-13 00:00:00,1500.0,7.76,40.4,29.0,230.0,7.0,0.1,2.33,7.3,0.26,5.0,1.0,0.06,35.7,,9,2,0
2025-09-13 00:00:00,1700.0,7.7,26.5,24.0,214.0,7.0,0.24,2.81,7.3,0.26,5.0,1.2,0.06,24.0,,9,2,0
2025-09-13 00:00:00,1900.0,7.64,26.5,23.0,210.0,7.0,0.24,2.81,7.3,0.26,5.0,1.3,0.06,24.0,,9,2,0
2025-09-13 00:00:00,2100.0,7.54,26.0,25.0,227.0,7.0,0.24,2.91,7.3,0.26,5.0,1.3,0.06,24.0,,9,2,0
2025-09-13 00:00:00,2300.0,7.5,26.0,25.0,227.0,7.0,0.24,2.85,7.3,0.26,5.0,1.3,0.06,24.0,,9,2,0
2025-09-13 00:00:00,100.0,,26.0,23.0,210.0,7.0,0.24,3.75,7.3,0.26,5.0,1.3,0.06,24.0,,9,2,0
2025-09-13 00:00:00,300.0,,26.0,23.0,210.0,7.0,0.24,3.65,7.3,0.26,5.0,1.3,0.06,35.3,,9,2,0
2025-09-13 00:00:00,500.0,,26.0,23.0,210.0,7.0,0.24,3.62,7.3,0.26,5.0,1.3,0.06,23.3,,9,2,0
2025-09-14 00:00:00,1500.0,7.05,37.8,20.0,204.0,7.0,0.27,3.94,7.3,0.24,5.0,1.3,0.06,23.3,,9,2,0
2025-09-14 00:00:00,300.0,6.26,54.0,30.0,228.0,7.0,0.18,3.75,7.3,0.26,5.0,1.3,0.06,48.2,,9,2,0
2025-09-14 00:00:00,100.0,6.54,53.9,32.0,244.0,7.0,0.26,3.64,7.3,0.24,5.0,1.3,0.06,48.5,,9,2,0
2025-09-14 00:00:00,2300.0,6.77,54.2,54.0,470.0,7.0,0.56,3.55,7.3,0.28,5.0,1.3,0.06,48.6,,9,2,0
2025-09-14 00:00:00,2100.0,6.79,53.5,30.0,230.0,7.0,0.4,3.37,7.3,0.3,5.0,1.3,0.06,48.4,,9,2,0
2025-09-14 00:00:00,1900.0,6.81,55.0,20.0,204.0,7.0,0.27,3.94,7.3,0.26,5.0,1.3,0.06,48.4,,9,2,0
2025-09-14 00:00:00,1100.0,7.23,26.8,25.0,275.0,7.0,0.14,3.32,7.3,0.26,5.0,1.3,0.06,21.6,,9,1,0
2025-09-14 00:00:00,1300.0,7.12,29.8,23.0,270.0,7.0,0.14,3.47,7.3,0.26,5.0,1.3,0.06,27.6,,9,1,0
2025-09-14 00:00:00,500.0,6.1,54.3,30.0,228.0,7.0,0.2,3.83,7.3,0.26,5.0,1.3,0.06,48.5,,9,2,0
2025-09-14 00:00:00,900.0,7.32,24.2,32.0,288.0,7.0,0.14,2.89,7.3,0.26,5.0,1.3,0.06,17.5,,9,1,0
2025-09-14 00:00:00,700.0,7.44,27.4,26.0,230.0,7.0,0.34,3.37,7.3,0.26,5.0,1.2,0.06,25.4,,9,2,0
2025-09-14 00:00:00,1700.0,6.91,37.4,20.0,204.0,7.0,0.27,3.94,7.3,0.26,5.0,1.3,0.06,25.4,,9,2,0
2025-09-15 00:00:00,2300.0,5.46,53.7,41.0,410.0,7.0,4.46,3.75,7.3,4.0,5.0,1.2,0.06,48.5,,9,2,1
2025-09-15 00:00:00,100.0,5.46,53.4,37.0,396.0,7.0,4.87,3.56,7.3,3.4,5.0,1.2,0.06,48.6,,9,2,1
2025-09-15 00:00:00,300.0,5.5,53.6,35.0,340.0,7.0,5.65,3.72,7.3,4.5,5.0,1.2,0.06,48.5,,9,2,1
2025-09-15 00:00:00,2100.0,,53.6,45.0,450.0,7.0,4.7,3.77,7.3,4.12,5.0,1.2,0.06,48.8,,9,2,1
2025-09-15 00:00:00,500.0,5.78,53.7,31.0,300.0,7.0,5.63,3.75,7.3,4.9,5.0,1.2,0.06,48.5,,9,2,1
2025-09-15 00:00:00,1900.0,,53.7,52.0,470.0,7.0,5.04,3.79,7.3,4.08,5.0,1.1,0.06,48.8,,9,2,1
2025-09-15 00:00:00,1500.0,,53.7,36.0,340.0,7.0,4.89,3.43,7.3,3.38,5.0,1.5,0.06,48.8,,9,2,1
2025-09-15 00:00:00,1300.0,3.67,53.0,38.0,372.0,7.0,3.64,3.4,7.3,4.2,5.0,1.5,0.06,48.8,,9,2,1
2025-09-15 00:00:00,1100.0,5.78,53.5,37.0,341.0,7.0,5.09,3.24,7.3,5.48,5.0,1.0,0.06,48.7,,9,2,1
2025-09-15 00:00:00,900.0,5.96,53.5,38.0,372.0,7.0,7.36,3.56,7.3,5.75,5.0,1.0,0.06,48.7,,9,2,1
2025-09-15 00:00:00,700.0,6.05,53.5,37.0,341.0,7.0,7.34,3.87,7.3,5.46,5.0,1.0,0.06,48.6,,9,2,1
2025-09-15 00:00:00,1700.0,,53.5,92.0,850.0,7.0,4.91,3.81,7.3,4.14,5.0,1.4,0.06,48.8,,9,2,1
2025-09-16 00:00:00,1700.0,,54.0,49.0,460.0,7.0,7.28,3.51,7.3,5.4,5.0,1.0,0.05,48.2,,9,2,1
2025-09-16 00:00:00,300.0,5.21,53.1,22.0,220.0,7.0,3.86,3.7,7.3,6.2,5.0,1.0,0.05,48.0,,9,2,1
2025-09-16 00:00:00,100.0,5.19,53.3,25.0,225.0,7.0,4.0,3.65,7.3,5.45,5.0,1.0,0.05,48.0,,9,2,1
2025-09-16 00:00:00,2300.0,5.17,53.7,25.0,225.0,7.0,4.97,3.6,7.3,5.17,5.0,1.0,0.05,48.3,,9,2,1
2025-09-16 00:00:00,2100.0,,54.0,25.0,225.0,7.0,5.8,3.69,7.3,5.7,5.0,1.0,0.05,48.2,,9,2,1
2025-09-16 00:00:00,1900.0,,54.0,29.0,230.0,7.0,6.93,3.65,7.3,6.0,5.0,1.0,0.05,48.2,,9,2,1
2025-09-16 00:00:00,1300.0,5.53,54.0,65.0,530.0,7.0,3.47,3.49,7.3,2.2,5.0,1.5,0.05,48.2,,9,2,1
2025-09-16 00:00:00,500.0,5.8,53.0,22.0,220.0,7.0,2.87,3.74,7.3,9.23,5.0,1.0,0.05,46.8,,9,2,1
2025-09-16 00:00:00,1100.0,5.63,54.1,62.0,520.0,7.0,4.55,3.39,7.3,2.3,5.0,1.3,0.06,48.1,,9,2,1
2025-09-16 00:00:00,900.0,5.65,53.0,37.0,390.0,7.0,4.24,3.84,7.3,4.2,5.0,1.0,0.06,48.6,,9,2,1
2025-09-16 00:00:00,700.0,5.78,58.5,34.0,331.0,7.0,4.53,3.84,7.3,4.4,5.0,1.0,0.06,48.6,,9,2,1
2025-09-16 00:00:00,1500.0,,54.0,59.0,480.0,7.0,4.73,3.52,7.3,2.7,5.0,1.3,0.05,48.2,,9,2,1
2025-09-17 00:00:00,2300.0,6.48,53.8,120.0,1330.0,7.0,2.69,3.83,7.3,2.1,5.0,1.9,0.05,48.1,,9,2,1
2025-09-17 00:00:00,100.0,6.69,53.8,100.0,1300.0,7.0,3.0,3.83,7.3,2.89,5.0,1.9,0.05,48.1,,9,2,1
2025-09-17 00:00:00,2100.0,,53.5,53.0,480.0,7.0,1.27,3.82,7.3,1.4,5.0,1.8,0.05,48.0,,9,2,1
2025-09-17 00:00:00,500.0,6.98,54.5,41.0,350.0,7.0,5.08,3.84,7.3,3.43,5.0,1.9,0.05,48.0,,9,2,1
2025-09-17 00:00:00,300.0,6.81,54.2,70.0,530.0,7.0,3.15,3.84,7.3,3.0,5.0,1.9,0.05,48.0,,9,2,1
2025-09-17 00:00:00,1700.0,,53.5,53.0,480.0,7.0,1.48,3.67,7.3,1.53,5.0,1.5,0.05,48.0,,9,2,1
2025-09-17 00:00:00,1900.0,,53.5,52.0,480.0,7.0,1.27,3.81,7.3,1.56,5.0,1.8,0.05,48.0,,9,2,1
2025-09-17 00:00:00,1300.0,6.2,53.5,68.0,524.0,7.0,1.24,3.26,7.3,1.5,5.0,1.4,0.06,48.0,,9,2,1
2025-09-17 00:00:00,1100.0,6.12,53.5,35.0,324.0,7.0,1.34,3.2,7.3,1.84,5.0,1.0,0.06,48.0,,9,2,1
2025-09-17 00:00:00,900.0,6.09,53.5,25.0,271.0,7.0,1.45,3.0,7.3,2.0,5.0,1.0,0.06,48.0,,9,2,1
2025-09-17 00:00:00,700.0,5.93,53.5,24.0,214.0,7.0,1.86,2.98,7.3,1.94,5.0,1.0,0.06,48.6,,9,2,1
2025-09-17 00:00:00,1500.0,,53.5,63.0,520.0,7.0,1.63,3.42,7.3,1.71,5.0,1.3,0.05,48.0,,9,2,1
2025-09-18 00:00:00,500.0,6.21,49.8,36.0,410.0,7.0,3.0,3.59,7.3,2.38,5.0,2.8,0.05,47.4,,9,2,1
2025-09-18 00:00:00,1900.0,6.93,51.6,46.0,428.0,7.0,2.3,3.8,7.3,2.0,5.0,1.8,0.05,47.5,,9,2,1
2025-09-18 00:00:00,300.0,6.32,50.0,46.0,420.0,7.0,2.93,3.55,7.3,2.32,5.0,2.5,0.05,47.5,,9,2,1
2025-09-18 00:00:00,100.0,6.44,50.1,50.0,429.0,7.0,2.88,3.5,7.3,2.3,5.0,2.6,0.05,47.4,,9,2,1
2025-09-18 00:00:00,2100.0,6.93,51.5,51.0,431.0,7.0,2.7,3.56,7.3,2.1,5.0,1.9,0.05,47.7,,9,2,1
2025-09-18 00:00:00,1700.0,6.96,51.7,40.0,420.0,7.0,3.9,3.77,7.3,2.9,5.0,1.8,0.05,47.7,,9,2,1
2025-09-18 00:00:00,2300.0,6.56,49.8,53.0,435.0,7.0,2.79,3.63,7.3,2.29,5.0,2.6,0.05,47.4,,9,2,1
2025-09-18 00:00:00,1300.0,7.04,53.0,33.0,328.0,7.0,5.4,3.78,7.3,3.7,5.0,1.7,0.05,47.5,,9,2,1
2025-09-18 00:00:00,1100.0,7.07,53.8,31.0,381.0,7.0,2.6,3.58,7.3,3.3,5.0,1.9,0.05,47.5,,9,2,1
2025-09-18 00:00:00,1500.0,7.06,52.0,31.0,326.0,7.0,4.5,3.75,7.3,3.7,5.0,1.7,0.05,47.6,,9,2,1
2025-09-18 00:00:00,900.0,7.14,52.9,45.0,447.0,7.0,4.1,3.36,7.3,3.7,5.0,1.6,0.05,47.7,,9,2,1
2025-09-18 00:00:00,700.0,7.1,53.8,40.0,399.0,7.0,6.4,3.36,7.3,3.7,5.0,1.7,0.05,47.5,,9,2,1
2025-09-19 00:00:00,500.0,5.54,51.3,25.0,285.0,7.0,0.14,3.83,7.3,0.36,5.0,2.5,0.05,47.4,,9,2,1
2025-09-19 00:00:00,300.0,5.59,51.5,26.0,291.0,7.0,0.11,3.83,7.3,0.37,5.0,2.2,0.05,47.4,,9,2,1
2025-09-19 00:00:00,100.0,5.65,51.8,28.0,298.0,7.0,0.1,3.83,7.3,0.4,5.0,2.0,0.05,47.4,,9,2,1
2025-09-19 00:00:00,2300.0,5.71,51.9,29.0,307.0,7.0,0.07,3.64,7.3,0.46,5.0,1.6,0.05,47.4,,9,2,1
2025-09-19 00:00:00,2100.0,,53.3,30.0,310.0,7.0,0.16,3.8,7.3,2.0,5.0,1.6,0.05,47.6,,9,2,1
2025-09-19 00:00:00,1900.0,,53.1,30.0,310.0,7.0,0.09,3.72,7.3,2.0,5.0,1.6,0.05,47.4,,9,2,1
2025-09-19 00:00:00,1700.0,5.82,53.1,31.0,318.0,7.0,1.6,3.83,7.3,2.8,5.0,1.3,0.05,47.7,,9,2,1
2025-09-19 00:00:00,1500.0,5.94,53.4,32.0,329.0,7.0,2.2,3.67,7.3,2.5,5.0,1.3,0.05,47.7,,9,2,1
2025-09-19 00:00:00,1300.0,5.95,53.7,32.0,329.0,7.0,2.3,3.59,7.3,2.9,5.0,1.3,0.05,47.4,,9,2,1
2025-09-19 00:00:00,1100.0,6.08,53.0,35.0,347.0,7.0,2.4,3.62,7.3,2.9,5.0,1.5,0.05,47.3,,9,2,1
2025-09-19 00:00:00,900.0,6.16,53.0,34.0,334.0,7.0,2.3,3.6,7.3,2.9,5.0,1.6,0.05,47.2,,9,2,1
2025-09-19 00:00:00,700.0,6.19,51.2,36.0,366.0,7.0,2.1,3.6,7.3,2.3,5.0,1.8,0.05,47.2,,9,2,1
2025-09-20 00:00:00,2100.0,5.29,53.6,20.0,200.0,7.0,0.05,3.85,7.3,0.38,5.0,1.6,0.05,47.3,,9,2,1
2025-09-20 00:00:00,1900.0,5.3,54.0,20.0,210.0,7.0,0.05,3.84,7.3,0.37,5.0,1.5,0.05,47.3,,9,2,1
2025-09-20 00:00:00,2300.0,5.29,52.5,15.0,189.0,7.0,0.07,3.84,7.3,0.38,5.0,1.6,0.05,47.4,,9,2,1
2025-09-20 00:00:00,100.0,5.25,52.4,15.0,189.0,7.0,0.18,3.84,7.3,0.38,5.0,1.6,0.05,47.1,,9,2,1
2025-09-20 00:00:00,300.0,5.2,52.3,15.0,189.0,7.0,0.2,3.84,7.3,0.38,5.0,1.6,0.05,47.4,,9,2,1
2025-09-20 00:00:00,500.0,5.16,52.5,14.0,172.0,7.0,0.22,3.83,7.3,0.39,5.0,1.6,0.05,47.4,,9,2,1
2025-09-20 00:00:00,700.0,5.69,52.3,25.0,275.0,7.0,0.1,3.8,7.3,0.37,5.0,1.8,0.05,47.4,,9,2,1
2025-09-20 00:00:00,1300.0,5.53,53.7,20.0,230.0,7.0,0.04,3.56,7.3,0.38,5.0,1.8,0.05,47.3,,9,2,1
2025-09-20 00:00:00,1100.0,5.61,54.0,23.0,234.0,7.0,0.08,3.21,7.3,0.35,5.0,1.8,0.05,47.2,,9,2,1
2025-09-20 00:00:00,900.0,5.66,52.0,24.0,254.0,7.0,0.04,3.8,7.3,0.36,5.0,1.8,0.05,47.2,,9,2,1
2025-09-20 00:00:00,1700.0,5.36,54.3,22.0,237.0,7.0,0.05,3.84,7.3,0.37,5.0,1.5,0.05,47.2,,9,2,1
2025-09-20 00:00:00,1500.0,5.45,54.3,21.0,235.0,7.0,0.04,3.82,7.3,0.37,5.0,1.5,0.05,47.1,,9,2,1
2025-09-21 00:00:00,300.0,4.18,51.7,17.0,179.0,7.0,0.44,3.81,7.3,0.54,5.0,1.4,0.05,47.2,,9,2,0
2025-09-21 00:00:00,500.0,4.14,51.4,19.0,194.0,7.0,0.41,3.8,7.3,0.54,5.0,1.4,0.05,47.2,,9,2,0
2025-09-21 00:00:00,1500.0,5.05,51.8,14.0,148.0,7.0,0.5,3.83,7.3,0.39,5.0,1.3,0.05,47.4,,9,2,1
2025-09-21 00:00:00,1300.0,5.08,50.1,12.0,129.0,7.0,0.3,3.8,7.3,0.4,5.0,1.3,0.05,47.2,,9,2,1
2025-09-21 00:00:00,900.0,5.19,52.3,14.0,147.0,7.0,0.34,3.83,7.3,0.43,5.0,1.5,0.05,47.1,,9,2,1
2025-09-21 00:00:00,700.0,5.07,52.6,13.0,142.0,7.0,0.22,3.83,7.3,0.39,5.0,1.6,0.05,46.9,,9,2,1
2025-09-21 00:00:00,2300.0,4.53,51.7,13.0,142.0,7.0,0.54,3.83,7.3,0.52,5.0,1.4,0.05,47.2,,9,2,0
2025-09-21 00:00:00,2100.0,4.57,52.6,11.0,148.0,7.0,0.48,3.83,7.3,0.3,5.0,1.4,0.05,47.2,,9,2,0
2025-09-21 00:00:00,100.0,4.36,51.4,13.0,142.0,7.0,0.5,3.82,7.3,0.52,5.0,1.4,0.05,47.1,,9,2,0
2025-09-21 00:00:00,1100.0,5.05,52.4,13.0,142.0,7.0,0.3,3.81,7.3,0.4,5.0,1.4,0.05,47.0,,9,2,1
2025-09-21 00:00:00,1700.0,5.04,52.3,13.0,145.0,7.0,0.5,3.76,7.3,0.25,5.0,1.4,0.05,47.5,,9,2,1
2025-09-21 00:00:00,1900.0,4.83,52.4,13.0,145.0,7.0,0.49,3.83,7.3,0.32,5.0,1.4,0.05,47.6,,9,2,0
2025-09-22 00:00:00,700.0,4.06,51.6,19.0,194.0,7.0,0.34,3.82,7.3,0.54,5.0,1.6,0.05,47.3,,9,2,0
2025-09-22 00:00:00,900.0,4.12,51.8,20.0,212.0,7.0,0.34,3.84,7.2,0.56,5.0,1.4,0.05,47.1,,9,2,0
2025-09-22 00:00:00,1100.0,4.09,51.3,20.0,212.0,7.0,0.34,3.83,7.3,0.48,5.0,1.4,0.05,47.7,,9,2,0
2025-09-22 00:00:00,2100.0,4.0,51.0,20.0,218.0,7.0,0.04,3.83,7.3,0.41,5.0,1.4,0.05,46.9,,9,2,0
2025-09-22 00:00:00,500.0,3.75,51.0,16.0,152.0,7.0,0.04,3.8,7.3,0.41,5.0,1.4,0.05,47.0,,9,2,0
2025-09-22 00:00:00,1900.0,3.8,50.7,24.0,255.0,7.0,0.04,3.79,7.3,0.42,5.0,1.3,0.05,47.0,,9,2,0
2025-09-22 00:00:00,1300.0,4.05,50.9,20.0,212.0,7.0,0.25,3.72,7.3,0.48,5.0,1.2,0.05,47.0,,9,2,0
2025-09-22 00:00:00,1700.0,3.78,50.5,21.0,241.0,7.0,0.04,3.7,7.3,0.45,5.0,1.3,0.05,47.0,,9,2,0
2025-09-22 00:00:00,100.0,3.93,52.0,18.0,174.0,7.0,0.04,3.8,7.3,0.41,5.0,1.4,0.05,47.0,,9,2,0
2025-09-22 00:00:00,1500.0,3.98,49.8,20.0,241.0,7.0,0.27,3.83,7.3,0.48,5.0,1.2,0.05,46.8,,9,2,0
2025-09-22 00:00:00,2300.0,4.17,52.2,20.0,218.0,7.0,0.04,3.83,7.3,0.41,5.0,1.3,0.05,47.0,,9,2,0
2025-09-22 00:00:00,300.0,3.81,51.8,17.0,164.0,7.0,0.04,3.8,7.3,0.41,5.0,1.4,0.05,47.0,,9,2,0
2025-09-23 00:00:00,500.0,3.57,51.3,13.0,124.0,7.0,0.1,3.8,7.3,0.39,5.0,1.4,0.05,46.7,,9,2,0
2025-09-23 00:00:00,300.0,3.62,51.5,13.0,124.0,7.0,0.1,3.8,7.3,0.39,5.0,1.4,0.05,46.7,,9,2,0
2025-09-23 00:00:00,100.0,3.76,51.7,15.0,142.0,7.0,0.1,3.8,7.3,0.39,5.0,1.4,0.05,46.6,,9,2,0
2025-09-23 00:00:00,2300.0,3.78,51.9,16.0,154.0,7.0,0.09,3.83,7.3,0.39,5.0,1.3,0.05,46.7,,9,2,0
2025-09-23 00:00:00,700.0,3.71,51.4,16.0,152.0,7.0,0.05,3.71,7.3,0.41,5.0,1.4,0.05,46.8,,9,2,0
2025-09-23 00:00:00,1900.0,3.57,52.6,20.0,185.0,7.0,0.06,3.83,7.3,0.41,5.0,1.3,0.05,46.7,,9,2,0
2025-09-23 00:00:00,1500.0,3.61,50.9,17.0,158.0,7.0,0.06,3.83,7.3,0.43,5.0,1.2,0.05,47.3,,9,2,0
2025-09-23 00:00:00,1300.0,3.85,51.8,17.0,158.0,7.0,0.05,3.83,7.3,0.42,5.0,1.2,0.05,47.0,,9,2,0
2025-09-23 00:00:00,1100.0,3.96,51.9,18.0,160.0,7.0,0.05,3.83,7.3,0.42,5.0,1.3,0.05,46.9,,9,2,0
2025-09-23 00:00:00,900.0,3.8,51.6,19.0,168.0,7.0,0.06,3.81,7.3,0.41,5.0,1.3,0.05,46.8,,9,2,0
2025-09-23 00:00:00,2100.0,3.57,51.9,17.0,160.0,7.0,0.06,3.84,7.3,0.39,5.0,1.3,0.05,46.6,,9,2,0
2025-09-23 00:00:00,1700.0,3.55,53.0,20.0,185.0,7.0,0.06,3.61,7.3,0.43,5.0,1.2,0.05,46.7,,9,2,0
2025-09-24 00:00:00,300.0,3.68,52.5,15.0,145.0,7.0,0.11,3.82,7.3,0.42,5.0,1.5,0.05,46.0,,9,2,1
2025-09-24 00:00:00,500.0,3.67,52.5,17.0,164.0,7.0,0.11,3.82,7.3,0.42,5.0,1.5,0.05,40.0,,9,2,1
2025-09-24 00:00:00,1500.0,3.52,51.4,12.0,130.0,7.0,0.12,3.82,7.3,0.43,5.0,1.3,0.05,46.7,,9,2,0
2025-09-24 00:00:00,1100.0,3.53,50.9,12.0,130.0,7.0,0.09,3.83,7.3,0.44,5.0,1.3,0.05,46.8,,9,2,0
2025-09-24 00:00:00,1300.0,3.57,51.2,12.0,130.0,7.0,0.09,3.83,7.3,0.43,5.0,1.3,0.05,46.6,,9,2,0
2025-09-24 00:00:00,1700.0,3.47,49.8,13.0,134.0,7.0,0.11,3.82,7.3,0.41,5.0,1.3,0.05,46.9,,9,2,0
2025-09-24 00:00:00,1900.0,3.51,47.9,13.0,134.0,7.0,0.11,3.68,7.3,0.4,5.0,1.3,0.05,46.6,,9,2,1
2025-09-24 00:00:00,2100.0,3.59,53.0,15.0,145.0,7.0,0.14,3.78,7.3,0.4,5.0,1.4,0.05,46.8,,9,2,1
2025-09-24 00:00:00,2300.0,3.66,52.0,14.0,131.0,7.0,0.14,3.84,7.3,0.4,5.0,1.5,0.05,46.7,,9,2,1
2025-09-24 00:00:00,100.0,3.7,52.5,15.0,145.0,7.0,0.11,3.82,7.3,0.42,5.0,1.5,0.05,46.0,,9,2,1
2025-09-24 00:00:00,900.0,3.53,51.5,14.0,131.0,7.0,0.09,3.83,7.3,0.39,5.0,1.4,0.05,46.7,,9,2,0
2025-09-24 00:00:00,700.0,3.55,51.6,14.0,131.0,7.0,0.09,3.83,7.3,0.39,5.0,1.4,0.05,46.5,,9,2,0
2025-09-25 00:00:00,100.0,3.98,54.0,20.0,171.0,7.0,0.04,3.81,7.3,0.37,5.0,1.3,0.05,46.7,,9,2,1
2025-09-25 00:00:00,2100.0,3.72,54.1,21.0,140.0,7.0,0.04,3.84,7.3,0.39,5.0,1.2,0.05,46.8,,9,2,1
2025-09-25 00:00:00,500.0,4.23,54.0,36.0,270.0,7.0,0.04,3.81,7.3,0.37,5.0,1.3,0.05,46.7,,9,2,1
2025-09-25 00:00:00,1900.0,3.73,52.4,20.0,136.0,7.0,0.04,3.82,7.3,0.39,5.0,1.4,0.05,46.9,,9,2,1
2025-09-25 00:00:00,1700.0,3.7,52.6,16.0,134.0,7.0,0.04,3.82,7.3,0.4,5.0,1.3,0.05,47.1,,9,2,1
2025-09-25 00:00:00,1500.0,3.73,52.4,15.0,134.0,7.0,0.07,3.6,7.3,0.41,5.0,1.3,0.05,46.4,,9,2,1
2025-09-25 00:00:00,1300.0,3.91,52.2,14.0,133.0,7.0,0.04,3.84,7.3,0.41,5.0,1.3,0.05,47.0,,9,2,1
2025-09-25 00:00:00,1100.0,3.61,52.5,14.0,133.0,7.0,0.04,3.84,7.3,0.39,5.0,1.5,0.05,46.8,,9,2,1
2025-09-25 00:00:00,900.0,3.63,52.3,14.0,133.0,7.0,0.07,3.68,7.3,0.41,5.0,1.6,0.05,46.5,,9,2,1
2025-09-25 00:00:00,700.0,3.68,52.3,14.0,133.0,7.0,0.07,3.47,7.3,0.42,5.0,1.5,0.05,46.5,,9,2,1
2025-09-25 00:00:00,2300.0,3.69,53.5,18.0,121.0,7.0,0.04,3.81,7.3,0.38,5.0,1.3,0.05,46.8,,9,2,1
2025-09-25 00:00:00,300.0,4.18,54.0,25.0,194.0,7.0,0.04,3.81,7.3,0.37,5.0,1.5,0.05,46.8,,9,2,1
2025-09-26 00:00:00,500.0,3.85,51.4,25.0,244.0,7.0,0.05,3.71,7.3,0.39,5.0,1.5,0.06,47.0,,9,2,1
2025-09-26 00:00:00,2100.0,3.88,50.2,48.0,464.0,7.0,0.05,3.82,7.3,0.39,5.0,1.5,0.05,47.0,,9,2,1
2025-09-26 00:00:00,100.0,3.86,51.3,32.0,300.0,7.0,0.05,3.71,7.3,0.39,5.0,1.5,0.06,47.0,,9,2,1
2025-09-26 00:00:00,700.0,4.33,53.8,48.0,364.0,7.0,0.05,3.83,7.3,0.37,5.0,1.4,0.05,46.8,,9,2,1
2025-09-26 00:00:00,300.0,3.86,50.2,30.0,294.0,7.0,0.05,3.71,7.3,0.39,5.0,1.5,0.06,47.0,,9,2,1
2025-09-26 00:00:00,1100.0,4.6,53.7,53.0,496.0,7.0,0.05,3.84,7.3,0.38,5.0,1.4,0.05,46.7,,9,2,1
2025-09-26 00:00:00,1300.0,4.58,53.4,51.0,447.0,7.0,0.05,3.84,7.3,0.38,5.0,1.5,0.05,46.8,,9,2,1
2025-09-26 00:00:00,900.0,4.56,53.5,54.0,520.0,7.0,0.05,3.83,7.3,0.37,5.0,1.3,0.05,46.8,,9,2,1
2025-09-26 00:00:00,1700.0,3.94,52.5,58.0,572.0,7.0,0.05,3.87,7.3,0.39,5.0,1.4,0.05,47.0,,9,2,1
2025-09-26 00:00:00,1900.0,3.92,50.2,58.0,572.0,7.0,0.05,3.82,7.3,0.39,5.0,1.5,0.05,47.0,,9,2,1
2025-09-26 00:00:00,2300.0,3.86,50.3,44.0,431.0,7.0,0.05,3.82,7.3,0.39,5.0,1.5,0.06,47.0,,9,2,1
2025-09-26 00:00:00,1500.0,4.18,52.5,55.0,496.0,7.0,0.05,3.83,7.3,0.39,5.0,1.4,0.05,47.0,,9,2,1
2025-09-27 00:00:00,1700.0,3.56,49.8,18.0,200.0,7.0,0.83,3.72,7.3,0.42,5.0,1.4,0.05,47.1,,9,2,1
2025-09-27 00:00:00,700.0,3.75,51.3,25.0,244.0,7.0,0.11,3.81,7.3,0.4,5.0,1.6,0.05,46.8,,9,2,1
2025-09-27 00:00:00,900.0,3.72,51.2,24.0,240.0,7.0,0.09,3.81,7.3,0.38,5.0,1.6,0.05,46.7,,9,2,1
2025-09-27 00:00:00,1100.0,3.7,51.5,23.0,236.0,7.0,0.1,3.81,7.3,0.4,5.0,1.6,0.05,46.5,,9,2,1
2025-09-27 00:00:00,1300.0,3.73,51.7,21.0,218.0,7.0,0.2,3.76,7.3,0.49,5.0,1.4,0.05,46.8,,9,2,1
2025-09-27 00:00:00,1500.0,3.63,51.3,18.0,200.0,7.0,0.1,3.75,7.3,0.55,5.0,1.4,0.05,47.1,,9,2,1
2025-09-27 00:00:00,1900.0,3.51,50.0,19.0,200.0,7.0,0.8,3.7,7.3,0.48,5.0,1.4,0.05,47.0,,9,2,1
2025-09-27 00:00:00,300.0,3.49,53.5,18.0,178.0,7.0,0.08,3.56,7.3,0.5,5.0,1.5,0.05,47.0,,9,2,1
2025-09-27 00:00:00,2100.0,3.53,50.5,19.0,200.0,7.0,0.84,3.69,7.3,0.53,5.0,1.4,0.05,46.9,,9,2,1
2025-09-27 00:00:00,2300.0,3.5,53.0,19.0,200.0,7.0,0.13,3.16,7.3,0.77,5.0,1.7,0.05,46.9,,9,2,1
2025-09-27 00:00:00,100.0,3.52,53.5,19.0,200.0,7.0,0.08,3.46,7.3,0.54,5.0,1.5,0.05,46.9,,9,2,1
2025-09-27 00:00:00,500.0,3.48,53.5,18.0,178.0,7.0,0.08,3.81,7.3,0.43,5.0,1.5,0.05,47.0,,9,2,1
2025-09-28 00:00:00,1500.0,3.47,53.1,17.0,168.0,7.0,0.09,3.83,7.3,0.43,5.0,1.2,0.05,47.3,,9,2,1
2025-09-28 00:00:00,1300.0,3.35,53.1,17.0,168.0,7.0,0.07,3.83,7.3,0.43,5.0,1.2,0.05,47.4,,9,2,1
2025-09-28 00:00:00,1100.0,3.38,52.7,17.0,168.0,7.0,0.07,3.81,7.3,0.4,5.0,1.3,0.05,47.3,,9,2,1
2025-09-28 00:00:00,900.0,3.44,53.3,17.0,168.0,7.0,0.09,3.76,7.3,0.4,5.0,1.6,0.05,47.2,,9,2,1
2025-09-28 00:00:00,700.0,3.45,53.4,17.0,168.0,7.0,0.08,3.69,7.3,0.42,5.0,1.5,0.05,47.0,,9,2,1
2025-09-28 00:00:00,300.0,3.52,53.0,15.0,141.0,7.0,0.17,3.83,7.3,0.47,5.0,1.4,0.05,46.9,,9,2,1
2025-09-28 00:00:00,1700.0,3.41,53.2,25.0,224.0,7.0,0.12,3.82,7.3,0.44,5.0,1.3,0.05,47.2,,9,2,1
2025-09-28 00:00:00,1900.0,3.43,53.3,31.0,272.0,7.0,0.13,3.82,7.3,0.44,5.0,1.3,0.05,47.2,,9,2,1
2025-09-28 00:00:00,2100.0,3.43,53.3,23.0,220.0,7.0,0.12,3.83,7.3,0.45,5.0,1.3,0.05,46.9,,9,2,1
2025-09-28 00:00:00,2300.0,3.43,53.2,21.0,204.0,7.0,0.14,3.83,7.3,0.44,5.0,1.4,0.05,47.0,,9,2,1
2025-09-28 00:00:00,100.0,3.56,53.0,17.0,164.0,7.0,0.16,3.83,7.3,0.45,5.0,1.4,0.05,46.9,,9,2,1
2025-09-28 00:00:00,500.0,3.53,53.0,12.0,121.0,7.0,0.21,3.83,7.3,0.47,5.0,1.4,0.05,46.7,,9,2,1
2025-09-29 00:00:00,500.0,3.48,52.3,12.0,118.0,7.0,0.12,3.82,7.3,0.48,5.0,1.5,0.05,47.7,,9,2,1
2025-09-29 00:00:00,900.0,3.51,52.6,14.0,140.0,7.0,0.24,3.84,7.0,0.58,5.0,1.4,0.05,46.5,,9,2,1
2025-09-29 00:00:00,1100.0,3.49,52.4,15.0,148.0,7.0,0.15,3.84,7.0,0.47,5.0,1.4,0.05,47.6,,9,2,1
2025-09-29 00:00:00,1300.0,3.52,52.5,18.0,155.0,7.0,0.21,3.83,7.0,0.47,5.0,1.4,0.05,48.0,,9,2,1
2025-09-29 00:00:00,1500.0,3.49,53.1,18.0,155.0,7.0,0.24,3.83,7.0,0.47,5.0,1.4,0.05,48.0,,9,2,1
2025-09-29 00:00:00,1700.0,3.45,51.5,22.0,205.0,7.0,0.17,3.83,7.0,0.51,5.0,1.4,0.05,48.0,,9,2,1
2025-09-29 00:00:00,1900.0,3.44,52.6,14.0,146.0,7.0,0.19,3.81,7.0,0.5,5.0,1.5,0.05,47.8,,9,2,1
2025-09-29 00:00:00,2100.0,3.43,51.4,13.0,121.0,7.0,0.2,3.77,7.0,0.49,5.0,1.5,0.05,47.9,,9,2,1
2025-09-29 00:00:00,2300.0,3.42,51.5,12.0,118.0,7.0,0.09,3.69,7.3,0.48,5.0,1.5,0.05,47.7,,9,2,1
2025-09-29 00:00:00,100.0,3.45,51.4,12.0,118.0,7.0,0.1,3.76,7.3,0.47,5.0,1.5,0.05,47.7,,9,2,1
2025-09-29 00:00:00,300.0,3.47,51.6,13.0,124.0,7.0,0.09,3.8,7.3,0.48,5.0,1.6,0.05,47.6,,9,2,1
2025-09-29 00:00:00,700.0,3.52,53.2,14.0,140.0,7.0,0.22,3.84,7.0,0.48,5.0,1.4,0.05,46.7,,9,2,1
2025-09-30 00:00:00,500.0,4.21,52.6,13.0,124.0,7.0,0.05,3.81,7.3,0.42,5.0,1.4,0.05,47.5,,9,2,1
2025-09-30 00:00:00,300.0,4.17,52.5,13.0,124.0,7.0,0.05,3.81,7.3,0.42,5.0,1.4,0.05,47.6,,9,2,1
2025-09-30 00:00:00,100.0,4.1,52.4,15.0,142.0,7.0,0.05,3.76,7.3,0.43,5.0,1.3,0.05,47.6,,9,2,1
2025-09-30 00:00:00,2300.0,3.85,51.8,15.0,142.0,7.0,0.05,3.83,7.3,0.42,5.0,1.4,0.05,47.5,,9,2,1
2025-09-30 00:00:00,2100.0,3.86,52.9,14.0,131.0,7.0,0.05,3.77,7.3,0.42,5.0,1.4,0.05,47.6,,9,2,1
2025-09-30 00:00:00,900.0,3.47,51.2,11.0,118.0,7.0,0.13,3.81,7.3,0.42,5.0,1.5,0.05,47.4,,9,2,1
2025-09-30 00:00:00,5.87,3.8,51.2,11.0,119.0,7.0,0.05,3.8,7.3,0.42,5.0,1.4,0.05,47.5,,9,2,1
2025-09-30 00:00:00,1300.0,3.46,50.9,11.0,118.0,7.0,0.06,3.59,7.3,0.44,5.0,1.4,0.05,47.5,,9,2,1
2025-09-30 00:00:00,1100.0,3.45,50.9,11.0,118.0,7.0,0.17,3.8,7.3,0.55,5.0,1.3,0.05,47.6,,9,2,1
2025-09-30 00:00:00,700.0,3.49,51.3,12.0,118.0,7.0,0.13,3.82,7.3,0.42,5.0,1.5,0.05,47.5,,9,2,1
2025-09-30 00:00:00,1900.0,3.78,53.5,13.0,124.0,7.0,0.05,3.83,7.3,0.42,5.0,1.4,0.05,47.6,,9,2,1
2025-09-30 00:00:00,1500.0,3.48,50.8,12.0,120.0,7.0,0.06,3.61,7.3,0.44,5.0,1.4,0.05,47.6,,9,2,1
2025-09-30 02:00:00,700.0,4.19,52.6,22.0,200.0,7.0,0.07,3.84,7.3,0.41,5.0,1.4,0.06,47.4,,10,2,1
2025-10-01 00:00:00,900.0,4.68,45.7,22.0,220.0,7.1,0.03,3.35,7.3,0.19,5.0,1.5,0.05,43.3,,1,2,1
2025-10-01 00:00:00,300.0,4.36,45.1,20.0,200.0,7.1,0.04,3.6,7.3,0.14,5.0,1.5,0.05,43.5,,1,2,1
2025-10-01 00:00:00,100.0,4.42,45.3,20.0,200.0,7.1,0.04,3.58,7.3,0.14,5.0,1.5,0.05,43.5,,1,2,1
2025-10-01 00:00:00,2300.0,4.44,45.0,20.0,200.0,7.1,0.04,3.61,7.3,0.12,5.0,1.4,0.05,43.7,,1,2,1
2025-10-01 00:00:00,2100.0,4.55,44.0,18.0,180.0,7.1,0.03,3.61,7.3,0.13,5.0,1.5,0.05,42.6,,1,2,1
2025-10-01 00:00:00,1900.0,4.58,44.1,20.0,200.0,7.1,0.03,3.64,7.3,0.13,5.0,1.4,0.05,42.6,,1,2,1
2025-10-01 00:00:00,1700.0,4.51,46.3,19.0,180.0,7.1,0.03,3.71,7.3,0.13,5.0,1.4,0.05,42.8,,1,2,1
2025-10-01 00:00:00,1500.0,4.54,46.3,25.0,250.0,7.1,0.03,3.63,7.3,0.12,5.0,1.4,0.05,42.6,,1,2,1
2025-10-01 00:00:00,1300.0,4.49,46.2,23.0,226.0,7.1,0.03,3.51,7.3,0.16,5.0,1.6,0.05,43.2,,1,2,1
2025-10-01 00:00:00,1100.0,4.36,46.0,23.0,227.0,7.1,0.03,3.5,7.3,0.17,5.0,1.5,0.05,43.1,,1,2,1
2025-10-01 00:00:00,500.0,4.48,45.0,20.0,200.0,7.1,0.04,3.61,7.3,0.14,5.0,1.5,0.05,43.5,B/W No 3,1,2,1
2025-10-01 00:00:00,700.0,4.75,45.8,23.0,229.0,7.1,0.03,3.81,7.3,0.13,5.0,1.6,0.05,43.3,"B/W Fil. 1,4,5",1,2,1
2025-10-02 00:00:00,1700.0,4.39,46.3,19.0,170.0,7.0,0.07,3.78,7.3,0.3,5.0,1.4,0.06,42.3,,2,2,1
2025-10-02 00:00:00,1900.0,4.41,44.0,21.0,180.0,7.0,0.09,3.64,7.3,0.32,5.0,1.4,0.06,42.3,,2,2,1
2025-10-02 00:00:00,2100.0,4.42,45.2,18.0,165.0,7.0,0.09,3.6,7.3,0.32,5.0,1.4,0.06,42.4,,2,2,1
2025-10-02 00:00:00,500.0,4.37,43.2,16.0,160.0,7.0,0.12,3.78,7.3,0.34,5.0,1.4,0.06,41.6,,2,2,1
2025-10-02 00:00:00,100.0,4.42,44.9,18.0,165.0,7.0,0.11,3.72,7.3,0.33,5.0,1.4,0.06,41.7,,2,2,1
2025-10-02 00:00:00,300.0,4.39,44.6,16.0,160.0,7.0,0.12,3.76,7.3,0.34,5.0,1.4,0.06,41.6,,2,2,1
2025-10-02 00:00:00,1300.0,4.63,46.3,22.0,181.0,7.0,0.07,3.68,7.3,0.32,5.0,1.3,0.06,42.3,,2,2,1
2025-10-02 00:00:00,2300.0,4.58,45.0,18.0,165.0,7.0,0.11,3.68,7.3,0.33,5.0,1.4,0.06,41.7,,2,2,1
2025-10-02 00:00:00,1100.0,4.61,46.1,21.0,180.0,7.0,0.07,3.83,7.3,0.3,5.0,1.4,0.06,42.5,"B/W no.5,6",2,2,1
2025-10-02 00:00:00,1500.0,4.42,46.2,22.0,181.0,7.0,0.07,3.68,7.3,0.32,5.0,1.4,0.06,42.3,,2,2,1
2025-10-02 00:00:00,700.0,4.59,45.3,21.0,180.0,7.0,0.08,3.56,7.3,0.29,5.0,1.3,0.06,42.2,,2,2,1
2025-10-02 00:00:00,900.0,4.61,46.3,21.0,180.0,7.0,0.08,3.81,7.3,0.31,5.0,1.3,0.06,42.2,,2,2,1
2025-10-03 00:00:00,1100.0,7.3,47.6,108.0,1039.0,7.0,0.11,3.57,7.3,0.18,5.0,1.7,0.05,44.1,,3,2,2
2025-10-03 00:00:00,1300.0,7.28,47.7,69.0,642.0,7.0,0.11,3.61,7.3,0.21,5.0,1.6,0.05,44.2,,3,2,2
2025-10-03 00:00:00,1500.0,7.18,45.9,66.0,650.0,7.0,0.14,3.58,7.3,0.21,5.0,1.7,0.06,42.7,B/W filter no.6 (2.00pm),3,2,2
2025-10-03 00:00:00,1700.0,7.14,45.0,54.0,500.0,7.0,0.14,3.36,7.3,0.23,5.0,1.7,0.06,42.6,,3,2,2
2025-10-03 00:00:00,1900.0,7.19,47.8,53.0,500.0,7.0,0.09,3.26,7.3,0.23,5.0,1.7,0.06,42.6,,3,2,2
2025-10-03 00:00:00,2100.0,7.16,46.3,48.0,400.0,7.0,0.18,3.22,7.3,0.23,5.0,1.7,0.06,42.6,,3,2,2
2025-10-03 00:00:00,2300.0,7.09,45.5,47.0,400.0,7.0,0.23,3.25,7.3,0.24,5.0,1.7,0.06,43.6,,3,2,2
2025-10-03 00:00:00,100.0,6.91,45.0,45.0,379.0,7.0,0.25,3.23,7.3,0.25,5.0,1.7,0.06,43.8,,3,2,2
2025-10-03 00:00:00,300.0,6.76,45.1,40.0,370.0,7.0,0.27,3.22,7.3,0.26,5.0,1.7,0.06,43.6,,3,2,2
2025-10-03 00:00:00,500.0,6.66,44.9,37.0,301.0,7.0,0.27,3.21,7.3,0.26,5.0,1.7,0.06,43.4,,3,2,2
2025-10-03 00:00:00,900.0,7.3,48.2,113.0,1041.0,7.0,0.13,3.51,7.3,0.18,5.0,1.7,0.05,44.1,,3,2,2
2025-10-03 00:00:00,700.0,7.24,47.4,116.0,1082.0,7.1,0.1,3.82,7.3,0.17,5.0,1.8,0.05,44.2,B/W fil. 4 & 5,3,2,2
2025-10-04 00:00:00,700.0,6.15,46.8,38.0,380.0,7.0,0.45,3.78,7.3,0.24,5.0,1.6,0.06,42.7,B/W filter no.3 (6.45am),4,2,2
2025-10-04 00:00:00,1300.0,5.99,48.4,30.0,250.0,7.0,0.11,3.67,7.3,0.31,5.0,1.6,0.06,42.9,,4,2,2
2025-10-04 00:00:00,500.0,7.5,46.1,29.0,250.0,7.0,0.28,3.78,7.3,0.26,5.0,1.5,0.06,44.3,,4,2,2
2025-10-04 00:00:00,300.0,5.75,46.2,32.0,300.0,7.0,0.28,3.78,7.3,0.22,5.0,1.5,0.06,44.1,,4,2,2
2025-10-04 00:00:00,100.0,5.79,46.5,35.0,351.0,7.0,0.2,3.78,7.3,0.2,5.0,1.5,0.06,44.2,,4,2,2
2025-10-04 00:00:00,2300.0,5.9,46.4,38.0,380.0,7.0,0.18,3.75,7.3,0.17,5.0,1.5,0.06,44.0,,4,2,2
2025-10-04 00:00:00,2100.0,5.86,46.1,32.0,265.0,7.0,0.15,3.75,7.3,0.16,5.0,1.5,0.06,44.3,,4,2,2
2025-10-04 00:00:00,1900.0,5.88,46.7,30.0,248.0,7.0,0.15,3.74,7.3,0.16,5.0,1.5,0.06,44.3,,4,2,2
2025-10-04 00:00:00,1700.0,5.9,47.2,30.0,248.0,7.0,0.19,3.67,7.3,0.17,5.0,1.4,0.06,44.4,,4,2,2
2025-10-04 00:00:00,1500.0,5.96,47.9,31.0,250.0,7.0,0.12,3.78,7.3,0.21,5.0,1.6,0.06,43.8,B/W no.4,4,2,2
2025-10-04 00:00:00,1100.0,6.03,46.8,29.0,250.0,7.0,0.16,3.63,7.3,0.31,5.0,1.6,0.06,42.9,,4,2,2
2025-10-04 00:00:00,900.0,6.1,46.5,39.0,380.0,7.0,0.46,3.74,7.3,0.26,5.0,1.6,0.06,42.7,"(1,2) 9.00am",4,2,2
2025-10-09 00:00:00,500.0,,40.2,18.0,190.0,7.0,0.14,3.63,7.3,0.36,5.0,1.6,0.05,37.4,,9,2,0
2025-10-09 00:00:00,1700.0,5.3,52.2,48.0,477.0,7.0,0.41,3.83,7.3,0.68,5.0,1.6,0.08,47.6,,9,2,0
2025-10-09 00:00:00,1900.0,5.1,53.6,31.0,318.0,7.0,0.29,3.84,7.3,0.52,5.0,1.6,0.08,47.8,,9,2,0
2025-10-09 00:00:00,100.0,,41.8,18.0,190.0,7.0,0.14,3.6,7.3,0.36,5.0,1.6,0.05,37.6,,9,2,0
2025-10-09 00:00:00,1500.0,5.69,51.2,45.0,450.0,7.0,0.43,3.83,7.3,0.72,5.0,1.6,0.05,47.4,,9,2,0
2025-10-09 00:00:00,1300.0,5.78,49.5,56.0,550.0,7.0,0.55,3.83,7.3,0.76,5.0,1.4,0.05,47.5,,9,2,0
2025-10-09 00:00:00,1100.0,5.83,49.6,77.0,800.0,7.0,0.86,3.71,7.3,0.41,5.0,1.4,0.08,47.5,,9,2,0
2025-10-09 00:00:00,900.0,5.74,50.0,108.0,895.0,7.0,0.14,3.81,7.3,0.38,5.0,1.4,0.05,47.4,,9,2,0
2025-10-09 00:00:00,700.0,5.65,50.0,67.0,750.0,7.0,0.11,3.76,7.3,0.38,5.0,1.4,0.05,47.6,,9,2,0
2025-10-09 00:00:00,300.0,,41.1,18.0,190.0,7.0,0.14,3.63,7.3,0.36,5.0,1.6,0.05,37.0,,9,2,0
2025-10-09 00:00:00,2100.0,4.98,52.8,24.0,252.0,7.0,0.28,3.84,7.3,0.51,5.0,1.6,0.05,47.8,,9,2,0
2025-10-09 00:00:00,2300.0,,52.5,23.0,241.0,7.0,0.22,3.79,7.3,0.51,5.0,1.5,0.05,47.8,,9,2,0
2025-10-10 00:00:00,1900.0,3.6,54.1,11.0,110.0,7.0,0.06,3.84,7.3,0.48,5.0,1.3,0.06,47.2,,10,2,1
2025-10-10 00:00:00,500.0,3.8,52.6,13.0,124.0,7.0,0.19,3.84,7.3,0.47,5.0,1.1,0.06,47.2,,10,2,1
2025-10-10 00:00:00,2100.0,3.61,53.7,12.0,124.0,7.0,0.06,3.84,7.3,0.47,5.0,1.3,0.06,47.2,,10,2,1
2025-10-10 00:00:00,100.0,4.2,52.6,13.0,124.0,7.0,0.1,3.84,7.3,0.47,5.0,1.1,0.06,47.2,,10,2,1
2025-10-10 00:00:00,700.0,3.4,54.3,10.0,101.0,7.0,0.09,3.81,7.3,0.45,5.0,1.2,0.06,46.7,,10,2,1
2025-10-10 00:00:00,300.0,3.89,52.7,13.0,124.0,7.0,0.15,3.84,7.3,0.47,5.0,1.1,0.06,47.2,,10,2,1
2025-10-10 00:00:00,1100.0,3.9,54.2,9.0,87.0,7.0,0.09,3.84,7.3,0.46,5.0,1.3,0.06,46.9,,10,2,1
2025-10-10 00:00:00,1300.0,3.63,53.6,9.0,87.0,7.0,0.08,3.84,7.3,0.48,5.0,1.2,0.06,47.3,,10,2,1
2025-10-10 00:00:00,2300.0,3.62,52.6,12.0,124.0,7.0,0.08,3.84,7.3,0.47,5.0,1.1,0.06,47.2,,10,2,1
2025-10-10 00:00:00,1700.0,3.61,53.8,11.0,110.0,7.0,0.06,3.84,7.3,0.48,5.0,1.2,0.06,47.4,,10,2,1
2025-10-10 00:00:00,900.0,3.37,54.2,10.0,101.0,7.0,0.09,3.81,7.3,0.45,5.0,1.3,0.06,46.8,,10,2,1
2025-10-10 00:00:00,1500.0,3.65,54.1,11.0,110.0,7.0,0.09,3.84,7.3,0.48,5.0,1.2,0.06,47.2,,10,2,1
2025-10-11 00:00:00,500.0,4.71,52.5,21.0,194.0,7.0,0.04,3.84,7.3,0.37,5.0,1.7,0.05,47.0,,11,2,1
2025-10-11 00:00:00,300.0,4.69,52.4,24.0,206.0,7.0,0.04,3.84,7.3,0.37,5.0,1.7,0.05,47.1,,11,2,1
2025-10-11 00:00:00,100.0,4.58,52.3,20.0,184.0,7.0,0.04,3.84,7.3,0.38,5.0,1.5,0.05,46.8,,11,2,1
2025-10-11 00:00:00,2300.0,4.36,52.5,18.0,170.0,7.0,0.05,3.7,7.3,0.38,5.0,1.4,0.05,47.1,,11,2,1
2025-10-11 00:00:00,2100.0,4.19,53.0,21.0,201.0,7.0,0.04,3.84,7.0,0.37,5.0,1.7,0.05,47.0,,11,2,1
2025-10-11 00:00:00,1900.0,4.24,52.5,23.0,229.0,7.0,0.04,3.84,7.0,0.37,5.0,1.7,0.05,47.0,,11,2,1
2025-10-11 00:00:00,1700.0,4.27,52.5,25.0,242.0,7.0,0.04,3.84,7.0,0.37,5.0,1.7,0.05,47.0,,11,2,1
2025-10-11 00:00:00,1500.0,4.42,51.5,29.0,281.0,7.0,0.04,3.84,7.0,0.38,5.0,1.2,0.05,46.6,,11,2,1
2025-10-11 00:00:00,1300.0,4.5,51.2,30.0,389.0,7.0,0.04,3.84,7.0,0.38,5.0,1.2,0.05,46.4,,11,2,1
2025-10-11 00:00:00,1100.0,4.63,51.6,40.0,418.0,7.0,0.04,3.84,7.0,0.36,5.0,1.4,0.05,46.6,,11,2,1
2025-10-11 00:00:00,900.0,4.63,52.0,50.0,500.0,7.0,0.04,3.84,7.3,0.35,5.0,1.5,0.05,46.6,,11,2,1
2025-10-11 00:00:00,700.0,4.8,51.5,43.0,430.0,7.0,0.04,3.78,7.3,0.35,5.0,1.6,0.05,46.8,,11,2,1
2025-10-12 00:00:00,500.0,5.02,47.8,24.0,240.0,7.0,0.04,3.78,7.3,0.18,5.0,1.4756012484071845,0.05,44.7,,12,2,1
2025-10-12 00:00:00,300.0,5.2,47.4,27.0,270.0,7.0,0.04,3.72,7.3,0.18,5.0,1.5198334531698143,0.05,44.8,,12,2,1
2025-10-12 00:00:00,2300.0,5.1,47.5,38.0,380.0,7.0,0.04,3.62,7.3,0.2,5.0,1.5448862733919175,0.05,44.7,,12,2,1
2025-10-12 00:00:00,100.0,5.2,47.1,30.0,300.0,7.0,0.04,3.67,7.3,0.19,5.0,1.5164479473138288,0.05,44.7,,12,2,1
2025-10-12 00:00:00,1900.0,5.37,48.3,40.0,418.0,7.0,0.03,3.82,7.3,0.2,5.0,1.7036512240668746,0.05,44.9,B/W 4&6,12,2,1
2025-10-12 00:00:00,1700.0,5.46,48.5,44.0,422.0,7.0,0.03,3.8,7.3,0.21,5.0,1.741522596815047,0.05,44.8,,12,2,1
2025-10-12 00:00:00,1500.0,5.63,48.6,47.0,424.0,7.0,0.03,3.82,7.3,0.2,5.0,1.669450057128262,0.05,44.9,,12,2,1
2025-10-12 00:00:00,1300.0,5.62,48.1,45.0,418.0,7.0,0.03,3.82,7.3,0.2,5.0,1.6684297669845627,0.05,45.1,,12,2,1
2025-10-12 00:00:00,1100.0,5.61,48.1,47.0,432.0,7.0,0.03,3.81,7.3,0.2,5.0,1.6365257870888377,0.05,44.9,,12,2,1
2025-10-12 00:00:00,900.0,5.64,48.5,48.0,447.0,7.0,0.03,3.8,7.3,0.2,5.0,1.689368084481781,0.05,44.8,,12,2,1
2025-10-12 00:00:00,700.0,5.69,48.5,47.0,432.0,7.0,0.03,3.8,7.3,0.2,5.0,1.689368084481781,0.05,44.8,,12,2,1
2025-10-12 00:00:00,2100.0,5.26,48.5,40.0,418.0,7.0,0.03,3.54,7.3,0.21,5.0,1.756673236087004,0.05,44.7,,12,2,1
2025-10-13 00:00:00,300.0,4.45,53.7,52.0,535.0,7.0,0.06,3.83,7.3,0.46,5.0,1.6,0.06,47.2,,10,2,1
2025-10-13 00:00:00,500.0,4.54,54.8,57.0,581.0,7.0,0.06,3.81,7.3,0.46,5.0,1.6,0.06,47.0,,10,2,1
2025-10-13 00:00:00,100.0,4.36,53.4,42.0,418.0,7.0,0.04,3.84,7.3,0.46,5.0,1.5,0.06,47.4,,10,2,1
2025-10-13 00:00:00,1100.0,3.66,52.9,10.0,100.0,7.0,0.05,3.78,7.3,0.45,5.0,1.2,0.06,48.4,,10,2,1
2025-10-13 00:00:00,2100.0,4.26,52.9,33.0,170.0,7.0,0.05,3.84,7.3,0.47,5.0,1.1,0.06,47.5,,10,2,1
2025-10-13 00:00:00,1900.0,4.19,53.4,21.0,145.0,7.0,0.05,3.84,7.3,0.48,5.0,1.0,0.06,47.6,,10,2,1
2025-10-13 00:00:00,1700.0,4.06,53.5,13.0,129.0,7.0,0.06,3.83,7.3,0.53,5.0,1.4,0.06,48.4,,10,2,1
2025-10-13 00:00:00,700.0,3.65,52.5,10.0,110.0,7.0,0.07,3.83,7.3,0.46,5.0,1.6,0.06,50.2,,10,2,1
2025-10-13 00:00:00,900.0,3.65,52.8,10.0,110.0,7.0,0.06,3.66,7.3,0.46,5.0,1.4,0.06,48.2,,10,2,1
2025-10-13 00:00:00,2300.0,4.3,53.1,35.0,344.0,7.0,0.04,3.84,7.3,0.46,5.0,1.4,0.06,47.6,,10,2,1
2025-10-13 00:00:00,1300.0,3.88,52.7,9.0,95.0,7.0,0.06,3.82,7.3,0.46,5.0,1.0,0.06,48.6,,10,2,1
2025-10-13 00:00:00,1500.0,4.02,53.5,11.0,125.0,7.0,0.06,3.91,7.3,0.55,5.0,1.5,0.06,48.8,,10,2,1
2025-10-14 00:00:00,500.0,4.31,50.3,26.0,241.0,7.0,0.05,3.78,7.3,0.45,5.0,1.8,0.05,47.4,,10,2,1
2025-10-14 00:00:00,300.0,4.3,50.4,30.0,274.0,7.0,0.05,3.78,7.3,0.45,5.0,1.8,0.06,47.4,,10,2,1
2025-10-14 00:00:00,2300.0,4.22,50.1,42.0,435.0,7.0,0.05,3.76,7.3,0.46,5.0,2.0,0.06,47.2,,10,2,1
2025-10-14 00:00:00,100.0,4.26,50.5,32.0,314.0,7.0,0.05,3.78,7.3,0.45,5.0,1.8,0.05,47.2,,10,2,1
2025-10-14 00:00:00,1900.0,4.2,50.3,51.0,498.0,7.0,0.11,3.82,7.3,0.55,5.0,1.9,0.06,47.4,,10,2,1
2025-10-14 00:00:00,1700.0,4.24,50.3,49.0,491.0,7.0,0.07,3.77,7.3,0.47,5.0,1.7,0.06,47.5,,10,2,1
2025-10-14 00:00:00,1500.0,4.2,53.5,46.0,475.0,7.0,0.07,3.82,7.3,0.49,5.0,1.0,0.06,47.5,,10,2,1
2025-10-14 00:00:00,1300.0,4.27,53.5,48.0,480.0,7.0,0.1,3.91,7.3,0.48,5.0,1.6,0.06,47.6,,10,2,1
2025-10-14 00:00:00,1100.0,4.31,53.8,57.0,550.0,7.0,0.06,3.84,7.3,0.48,5.0,1.3,0.06,46.8,,10,2,1
2025-10-14 00:00:00,900.0,4.35,53.2,52.0,480.0,7.0,0.09,3.62,7.3,0.49,5.0,1.3,0.06,46.9,,10,2,1
2025-10-14 00:00:00,700.0,4.43,53.5,51.0,480.0,7.0,0.12,3.85,7.3,0.46,5.0,1.6,0.06,47.1,,10,2,1
2025-10-14 00:00:00,2100.0,4.21,49.9,61.0,533.0,7.0,0.04,3.74,7.3,0.47,5.0,2.1,0.06,47.2,,10,2,1
2025-10-15 00:00:00,2100.0,3.72,51.7,18.0,215.0,7.0,0.04,3.82,7.3,0.47,5.0,1.3,0.05,47.2,,10,2,1
2025-10-15 00:00:00,500.0,3.79,52.0,20.0,231.0,7.0,0.05,3.81,7.3,0.46,5.0,1.4,0.05,47.0,,10,2,1
2025-10-15 00:00:00,300.0,3.7,51.5,19.0,225.0,7.0,0.05,3.81,7.3,0.46,5.0,1.4,0.05,47.0,,10,2,1
2025-10-15 00:00:00,100.0,3.65,51.4,19.0,225.0,7.0,0.05,3.81,7.3,0.46,5.0,1.4,0.05,47.2,,10,2,1
2025-10-15 00:00:00,2300.0,3.7,50.9,18.0,215.0,7.0,0.06,3.81,7.3,0.46,5.0,1.2,0.05,47.2,,10,2,1
2025-10-15 00:00:00,1900.0,3.73,51.9,21.0,228.0,7.0,0.04,3.54,7.3,0.46,5.0,1.2,0.05,47.0,,10,2,1
2025-10-15 00:00:00,900.0,3.65,50.2,24.0,240.0,7.0,0.04,3.8,7.3,0.45,5.0,1.4,0.05,47.2,,10,2,1
2025-10-15 00:00:00,1500.0,3.82,52.2,22.0,230.0,7.0,0.05,3.36,7.3,0.47,5.0,1.1,0.05,46.8,,10,2,1
2025-10-15 00:00:00,1300.0,3.88,53.8,22.0,230.0,7.0,0.07,3.29,7.3,0.47,5.0,1.8,0.05,46.8,,10,2,1
2025-10-15 00:00:00,1100.0,3.94,53.5,24.0,240.0,7.0,0.05,3.24,7.3,0.45,5.0,1.6,0.05,46.8,,10,2,1
2025-10-15 00:00:00,700.0,3.99,50.5,25.0,240.0,7.0,0.05,3.83,7.3,0.45,5.0,1.6,0.05,47.2,,10,2,1
2025-10-15 00:00:00,1700.0,3.75,52.2,22.0,230.0,7.0,0.04,3.6,7.3,0.46,5.0,1.1,0.05,46.9,,10,2,1
2025-10-16 00:00:00,1500.0,3.57,51.8,22.0,265.0,7.0,0.06,3.82,7.3,0.47,5.0,1.4,0.05,46.8,,10,2,1
2025-10-16 00:00:00,1300.0,3.58,51.6,20.0,237.0,7.0,0.04,3.82,7.3,0.47,5.0,1.3,0.05,46.9,,10,2,1
2025-10-16 00:00:00,1700.0,3.71,51.6,20.0,254.0,7.0,0.04,3.82,7.3,0.49,5.0,1.3,0.05,46.8,,10,2,1
2025-10-16 00:00:00,900.0,3.69,51.2,23.0,250.0,7.0,0.14,3.82,7.3,0.45,5.0,1.4,0.05,46.9,,10,2,1
2025-10-16 00:00:00,700.0,3.76,52.5,19.0,230.0,7.0,0.05,3.82,7.3,0.45,5.0,1.3,0.05,47.0,,10,2,1
2025-10-16 00:00:00,1100.0,3.62,51.6,19.0,230.0,7.0,0.04,3.77,7.3,0.47,5.0,1.3,0.05,47.0,,10,2,1
2025-10-16 00:00:00,1900.0,3.76,51.9,19.0,250.0,7.0,0.04,3.82,7.3,0.48,5.0,1.3,0.05,46.7,,10,2,1
2025-10-16 00:00:00,2100.0,3.78,51.9,17.0,238.0,7.0,0.04,3.82,7.3,0.48,5.0,1.3,0.05,46.5,,10,2,1
2025-10-16 00:00:00,2300.0,3.77,51.8,15.0,220.0,7.0,0.06,3.8,7.3,0.47,5.0,1.5,0.05,46.7,,10,2,1
2025-10-16 00:00:00,100.0,3.73,51.7,16.0,234.0,7.0,0.07,3.8,7.3,0.47,5.0,1.5,0.05,46.7,,10,2,1
2025-10-16 00:00:00,300.0,3.71,51.6,17.0,241.0,7.0,0.07,3.8,7.3,0.47,5.0,1.5,0.05,46.5,,10,2,1
2025-10-16 00:00:00,500.0,3.7,51.7,20.0,254.0,7.0,0.07,3.8,7.3,0.47,5.0,1.5,0.05,46.7,,10,2,1
2025-10-17 00:00:00,500.0,5.07,50.8,38.0,357.0,7.0,0.05,3.95,7.3,0.45,5.0,1.7,0.06,46.8,,10,2,1
2025-10-17 00:00:00,300.0,4.84,50.9,36.0,350.0,7.0,0.05,3.98,7.3,0.45,5.0,1.7,0.06,46.8,,10,2,1
2025-10-17 00:00:00,100.0,4.62,50.8,45.0,550.0,7.0,0.05,3.85,7.3,0.45,5.0,1.6,0.06,46.8,,10,2,1
2025-10-17 00:00:00,2300.0,4.4,50.1,73.0,670.0,7.0,0.05,3.83,7.3,0.48,5.0,1.5,0.06,46.5,,10,2,1
2025-10-17 00:00:00,2100.0,4.38,50.7,66.0,542.0,7.0,0.04,3.83,7.3,0.49,5.0,1.6,0.06,46.6,,10,2,1
2025-10-17 00:00:00,1900.0,4.26,50.5,56.0,498.0,7.0,0.04,3.82,7.3,0.48,5.0,1.5,0.06,46.5,,10,2,1
2025-10-17 00:00:00,1700.0,4.14,51.6,73.0,670.0,7.0,0.04,3.82,7.3,0.48,5.0,1.3,0.06,46.5,,10,2,1
2025-10-17 00:00:00,1500.0,3.89,51.3,96.0,895.0,7.0,0.05,3.82,7.3,0.48,5.0,1.2,0.06,46.6,,10,2,1
2025-10-17 00:00:00,1300.0,3.6,52.2,24.0,248.0,7.0,0.04,3.84,7.3,0.55,5.0,1.4,0.06,46.5,,10,2,1
2025-10-17 00:00:00,1100.0,3.61,52.2,18.0,232.0,7.0,0.04,3.84,7.3,0.5,5.0,1.5,0.06,46.1,,10,2,1
2025-10-17 00:00:00,900.0,3.64,52.0,18.0,232.0,7.0,0.04,3.76,7.3,0.47,5.0,1.5,0.06,46.3,,10,2,1
2025-10-17 00:00:00,700.0,3.68,52.4,19.0,240.0,7.0,0.07,3.84,7.3,0.47,5.0,1.5,0.06,46.4,,10,2,1
2025-10-18 00:00:00,500.0,4.67,51.0,57.0,457.0,7.0,0.06,3.81,7.3,0.49,5.0,1.2,0.06,46.7,,10,2,1
2025-10-18 00:00:00,300.0,4.72,51.0,55.0,441.0,7.0,0.06,3.81,7.3,0.49,5.0,1.2,0.06,46.7,,10,2,1
2025-10-18 00:00:00,100.0,4.81,51.1,55.0,441.0,7.0,0.06,3.81,7.3,0.5,5.0,1.2,0.06,46.8,,10,2,1
2025-10-18 00:00:00,2300.0,4.98,51.2,54.0,482.0,7.0,0.06,3.83,7.3,0.51,5.0,1.1,0.06,46.8,,10,2,1
2025-10-18 00:00:00,2100.0,5.03,51.9,52.0,470.0,7.0,0.05,3.84,7.3,0.51,5.0,1.0,0.06,46.8,,10,2,1
2025-10-18 00:00:00,1900.0,5.04,52.1,33.0,355.0,7.0,0.07,3.84,7.3,0.51,5.0,1.0,0.06,46.7,,10,2,1
2025-10-18 00:00:00,1700.0,5.0,52.2,39.0,361.0,7.0,0.07,3.84,7.3,0.49,5.0,1.0,0.06,46.8,,10,2,1
2025-10-18 00:00:00,1500.0,5.17,52.3,43.0,375.0,7.0,0.07,3.84,7.3,0.49,5.0,1.0,0.06,47.0,,10,2,1
2025-10-18 00:00:00,1300.0,5.08,50.9,29.0,310.0,7.0,0.05,3.84,7.3,0.48,5.0,1.5,0.06,47.2,,10,2,1
2025-10-18 00:00:00,1100.0,5.07,51.3,32.0,326.0,7.0,0.05,3.84,7.3,0.48,5.0,1.3,0.06,46.5,,10,2,1
2025-10-18 00:00:00,900.0,5.09,51.6,34.0,348.0,7.0,0.05,3.72,7.3,0.48,5.0,1.6,0.06,47.3,,10,2,1
2025-10-18 00:00:00,700.0,5.1,51.2,44.0,468.0,7.0,0.06,3.84,7.3,0.47,5.0,1.8,0.06,46.7,,10,2,1
2025-10-19 00:00:00,1900.0,4.14,51.8,37.0,412.0,7.0,0.08,3.45,7.3,0.51,5.0,1.0,0.06,46.7,,10,2,1
2025-10-19 00:00:00,100.0,4.0,52.4,33.0,342.0,7.0,0.04,3.83,7.3,0.5,5.0,1.2,0.06,46.7,,10,2,1
2025-10-19 00:00:00,2300.0,4.13,51.9,31.0,296.0,7.0,0.04,3.83,7.3,0.52,5.0,1.0,0.06,46.9,,10,2,1
2025-10-19 00:00:00,2100.0,4.18,52.2,34.0,397.0,7.0,0.03,3.72,7.3,0.54,5.0,1.0,0.06,46.6,,10,2,1
2025-10-19 00:00:00,300.0,3.96,51.9,34.0,358.0,7.0,0.03,3.83,7.3,0.49,5.0,1.2,0.06,46.7,,10,2,1
2025-10-19 00:00:00,1700.0,4.09,52.0,36.0,410.0,7.0,0.04,3.64,7.3,0.56,5.0,1.0,0.06,46.8,,10,2,1
2025-10-19 00:00:00,500.0,3.92,51.6,37.0,381.0,7.0,0.03,3.83,7.3,0.48,5.0,1.3,0.06,46.5,,10,2,1
2025-10-19 00:00:00,1300.0,4.45,52.4,37.0,316.0,7.0,0.05,3.88,7.3,0.54,5.0,1.4,0.06,46.7,,10,2,1
2025-10-19 00:00:00,1100.0,4.46,51.9,37.0,316.0,7.0,0.05,3.79,7.3,0.51,5.0,1.2,0.06,46.8,,10,2,1
2025-10-19 00:00:00,900.0,4.57,52.2,52.0,410.0,7.0,0.06,3.7,7.3,0.48,5.0,1.2,0.06,46.5,,10,2,1
2025-10-19 00:00:00,700.0,4.58,52.3,53.0,410.0,7.0,0.06,3.84,7.3,0.48,5.0,1.2,0.06,46.6,,10,2,1
2025-10-19 00:00:00,1500.0,4.25,52.3,124.0,975.0,7.0,0.05,3.14,7.3,0.68,5.0,1.0,0.06,46.3,,10,2,1
2025-10-20 00:00:00,2100.0,3.84,52.3,19.0,210.0,7.0,0.04,3.82,7.3,0.49,5.0,1.3,0.06,47.7,,10,2,1
2025-10-20 00:00:00,500.0,3.52,52.5,17.0,186.0,7.0,0.04,3.83,7.3,0.49,5.0,1.0,0.06,47.7,,10,2,1
2025-10-20 00:00:00,300.0,3.58,52.3,16.0,180.0,7.0,0.04,3.78,7.3,0.49,5.0,1.6,0.06,47.7,,10,2,1
2025-10-20 00:00:00,100.0,3.64,52.3,16.0,180.0,7.0,0.04,3.7,7.3,0.57,5.0,1.6,0.06,47.5,,10,2,1
2025-10-20 00:00:00,2300.0,3.81,52.4,17.0,186.0,7.0,0.04,3.84,7.3,0.49,5.0,1.8,0.06,47.6,,10,2,1
2025-10-20 00:00:00,1900.0,3.67,52.4,19.0,210.0,7.0,0.04,3.82,7.3,0.49,5.0,1.3,0.06,47.7,,10,2,1
2025-10-20 00:00:00,1300.0,3.79,53.4,26.0,330.0,7.0,0.04,3.84,7.3,0.49,5.0,1.1,0.06,47.7,,10,2,1
2025-10-20 00:00:00,1500.0,3.75,52.5,28.0,335.0,7.0,0.04,3.83,7.3,0.49,5.0,1.0,0.06,47.5,,10,2,1
2025-10-20 00:00:00,1100.0,3.87,53.3,30.0,345.0,7.0,0.04,3.84,7.3,0.49,5.0,1.2,0.06,47.7,,10,2,1
2025-10-20 00:00:00,900.0,4.15,53.1,33.0,350.0,7.0,0.04,3.89,7.3,0.52,5.0,1.3,0.06,48.2,,10,2,1
2025-10-20 00:00:00,700.0,4.16,53.2,34.0,350.0,7.0,0.04,3.84,7.3,0.48,5.0,1.2,0.06,46.8,,10,2,1
2025-10-20 00:00:00,1700.0,3.65,52.4,19.0,210.0,7.0,0.04,3.82,7.3,0.49,5.0,1.0,0.06,47.5,,10,2,1
2025-10-21 00:00:00,500.0,7.74,52.6,45.0,375.0,7.0,0.05,3.86,7.3,0.47,5.0,1.6,0.06,46.6,,10,2,1
2025-10-21 00:00:00,100.0,5.91,53.0,55.0,420.0,7.0,0.06,3.83,7.3,0.51,5.0,1.6,0.06,47.0,,10,2,1
2025-10-21 00:00:00,2300.0,5.74,52.5,55.0,420.0,7.0,0.06,3.69,7.3,0.49,5.0,1.7,0.06,46.8,,10,2,1
2025-10-21 00:00:00,2100.0,4.58,53.0,55.0,415.0,7.0,0.03,3.68,7.3,0.5,5.0,1.3,0.06,47.1,,10,2,1
2025-10-21 00:00:00,1900.0,3.92,52.7,13.0,194.0,7.0,0.03,3.84,7.3,0.49,5.0,1.2,0.06,47.2,,10,2,1
2025-10-21 00:00:00,1700.0,3.72,52.6,12.0,180.0,7.0,0.03,3.84,7.3,0.49,5.0,1.1,0.06,47.1,,10,2,1
2025-10-21 00:00:00,300.0,6.52,52.5,44.0,375.0,7.0,0.05,3.84,7.3,0.47,5.0,1.6,0.06,47.1,,10,2,1
2025-10-21 00:00:00,1300.0,3.55,52.6,12.0,180.0,7.0,0.03,3.84,7.3,0.49,5.0,1.0,0.06,47.0,,10,2,1
2025-10-21 00:00:00,1100.0,3.65,53.2,12.0,180.0,7.0,0.04,3.84,7.3,0.47,5.0,1.2,0.06,47.0,,10,2,1
2025-10-21 00:00:00,900.0,3.94,53.1,13.0,180.0,7.0,0.04,3.83,7.3,0.46,5.0,1.6,0.06,47.0,,10,2,1
2025-10-21 00:00:00,700.0,3.6,53.0,12.0,180.0,7.0,0.04,3.83,7.3,0.46,5.0,1.6,0.06,47.0,,10,2,1
2025-10-21 00:00:00,1500.0,3.53,52.6,12.0,180.0,7.0,0.03,3.84,7.3,0.49,5.0,1.0,0.06,47.0,,10,2,1
2025-10-22 00:00:00,500.0,8.34,52.7,30.0,306.0,7.0,0.05,3.84,7.3,0.44,5.0,1.5,0.06,46.8,,10,2,1
2025-10-22 00:00:00,300.0,8.34,52.8,35.0,324.0,7.0,0.07,3.84,7.3,0.49,5.0,1.5,0.06,46.6,,10,2,1
2025-10-22 00:00:00,100.0,8.35,52.7,41.0,352.0,7.0,0.05,3.84,7.3,0.5,5.0,1.6,0.06,46.8,,10,2,1
2025-10-22 00:00:00,2300.0,8.76,52.6,40.0,348.0,7.0,0.05,3.84,7.3,0.5,5.0,1.5,0.06,46.7,,10,2,1
2025-10-22 00:00:00,2100.0,8.36,52.5,35.0,320.0,7.0,0.07,3.84,7.3,0.51,5.0,1.6,0.06,46.6,,10,2,1
2025-10-22 00:00:00,1900.0,8.3,55.8,35.0,320.0,7.0,0.07,3.88,7.3,0.5,5.0,2.1,0.06,46.8,,10,2,1
2025-10-22 00:00:00,1500.0,8.33,52.2,71.0,780.0,7.0,0.11,3.85,7.3,0.57,5.0,1.0,0.06,46.7,,10,2,1
2025-10-22 00:00:00,1300.0,8.3,53.4,70.0,773.0,7.0,0.05,3.85,7.3,0.57,5.0,1.0,0.06,47.1,,10,2,1
2025-10-22 00:00:00,1100.0,8.24,53.5,93.0,542.0,7.0,0.05,3.56,7.3,0.47,5.0,1.0,0.06,47.0,,10,2,1
2025-10-22 00:00:00,900.0,7.98,52.5,41.0,361.0,7.0,0.05,3.82,7.3,0.47,5.0,1.5,0.06,47.0,,10,2,1
2025-10-22 00:00:00,700.0,7.93,52.5,40.0,352.0,7.0,0.05,3.86,7.3,0.47,5.0,1.5,0.06,46.7,,10,2,1
2025-10-22 00:00:00,1700.0,8.29,56.0,50.0,402.0,7.0,0.07,3.87,7.3,0.51,5.0,1.2,0.06,46.8,,10,2,1
2025-10-23 00:00:00,100.0,7.27,52.4,24.0,218.0,7.0,1.96,3.6,7.3,0.96,5.0,1.3,0.05,46.7,,10,2,1
2025-10-23 00:00:00,1900.0,7.71,52.8,40.0,312.0,7.0,1.94,3.84,7.3,1.3,5.0,1.4,0.05,46.9,,10,2,1
2025-10-23 00:00:00,2300.0,7.66,52.7,23.0,214.0,7.0,2.0,3.64,7.3,1.25,5.0,1.6,0.05,46.8,,10,2,1
2025-10-23 00:00:00,2100.0,7.68,53.5,23.0,214.0,7.0,1.92,3.56,7.3,1.24,5.0,1.4,0.05,46.9,,10,2,1
2025-10-23 00:00:00,1700.0,7.97,52.3,40.0,312.0,7.0,0.48,3.84,7.3,0.94,5.0,1.4,0.05,47.0,,10,2,1
2025-10-23 00:00:00,1100.0,8.3,52.0,55.0,450.0,7.0,0.1,3.83,7.3,0.49,5.0,1.6,0.05,47.0,,10,2,1
2025-10-23 00:00:00,1300.0,8.22,52.3,48.0,385.0,7.0,0.16,3.83,7.3,0.49,5.0,1.5,0.05,47.0,,10,2,1
2025-10-23 00:00:00,900.0,8.32,52.5,59.0,490.0,7.0,0.05,3.84,7.3,0.47,5.0,1.6,0.05,47.1,,10,2,1
2025-10-23 00:00:00,700.0,8.33,52.7,49.0,385.0,7.0,0.05,3.84,7.3,0.48,5.0,1.6,0.05,47.1,,10,2,1
2025-10-23 00:00:00,300.0,6.82,52.6,22.0,210.0,7.0,2.14,3.7,7.3,0.48,5.0,1.4,0.05,46.9,,10,2,1
2025-10-23 00:00:00,1500.0,8.15,52.3,47.0,364.0,7.0,0.16,3.56,7.3,0.53,5.0,1.3,0.05,47.0,,10,2,1
2025-10-23 00:00:00,500.0,6.56,52.5,22.0,210.0,7.0,1.87,3.82,7.3,0.5,5.0,1.4,0.05,46.9,,10,2,1
2025-10-24 00:00:00,900.0,6.07,52.5,21.0,215.0,7.0,0.1,3.83,7.3,0.53,5.0,1.6,0.05,46.9,,10,2,1
2025-10-24 00:00:00,1100.0,5.71,52.6,24.0,217.0,7.0,0.09,3.8,7.3,0.57,5.0,1.6,0.05,46.7,,10,2,1
2025-10-24 00:00:00,1300.0,5.55,52.4,26.0,218.0,7.0,0.08,3.78,7.3,0.63,5.0,1.6,0.05,46.9,,10,2,1
2025-10-24 00:00:00,1500.0,5.36,51.5,20.0,201.0,7.0,0.09,3.78,7.3,0.58,5.0,1.0,0.05,46.9,,10,2,1
2025-10-24 00:00:00,1700.0,4.99,52.2,22.0,214.0,7.0,0.09,3.84,7.3,0.54,5.0,1.4,0.05,46.9,,10,2,1
2025-10-24 00:00:00,1900.0,4.74,52.5,28.0,254.0,7.0,0.07,3.84,7.3,0.54,5.0,1.4,0.05,46.9,,10,2,1
2025-10-24 00:00:00,2100.0,4.66,50.8,26.0,241.0,7.0,0.07,3.74,7.3,0.54,5.0,1.3,0.05,46.9,,10,2,1
2025-10-24 00:00:00,2300.0,4.66,52.4,30.0,264.0,7.0,0.09,3.81,7.3,0.53,5.0,1.4,0.05,46.8,,10,2,1
2025-10-24 00:00:00,100.0,4.46,52.6,28.0,252.0,7.0,0.07,3.83,7.3,0.53,5.0,1.5,0.05,46.8,,10,2,1
2025-10-24 00:00:00,300.0,4.34,52.4,24.0,216.0,7.0,0.09,3.83,7.3,0.54,5.0,1.4,0.05,46.9,,10,2,1
2025-10-24 00:00:00,500.0,4.34,52.8,22.0,210.0,7.0,0.09,3.83,7.3,0.55,5.0,1.4,0.05,46.9,,10,2,1
2025-10-24 00:00:00,700.0,6.27,52.7,24.0,220.0,7.0,0.11,3.83,7.3,0.55,5.0,1.7,0.05,46.9,,10,2,1
2025-10-25 00:00:00,1300.0,4.22,52.1,18.0,194.0,7.0,0.05,3.8,7.3,0.5,5.0,1.0,0.05,47.0,,10,2,1
2025-10-25 00:00:00,500.0,3.86,52.1,20.0,230.0,7.0,0.05,3.83,7.3,0.5,5.0,1.5,0.05,47.3,,10,2,1
2025-10-25 00:00:00,300.0,3.86,52.2,20.0,230.0,7.0,0.05,3.83,7.3,0.52,5.0,1.3,0.05,47.0,,10,2,1
2025-10-25 00:00:00,100.0,3.88,52.4,19.0,218.0,7.0,0.05,3.83,7.3,0.49,5.0,1.1,0.05,47.1,,10,2,1
2025-10-25 00:00:00,2300.0,3.89,52.3,20.0,231.0,7.0,0.06,3.83,7.3,0.49,5.0,1.4,0.05,47.2,,10,2,1
2025-10-25 00:00:00,2100.0,3.93,52.5,20.0,231.0,7.0,0.05,3.8,7.3,0.49,5.0,1.3,0.05,47.0,,10,2,1
2025-10-25 00:00:00,900.0,4.21,52.3,17.0,200.0,7.0,0.06,3.83,7.3,0.49,5.0,1.6,0.05,47.0,,10,2,1
2025-10-25 00:00:00,1700.0,4.0,50.8,19.0,215.0,7.0,0.05,3.8,7.3,0.49,5.0,1.3,0.05,47.0,,10,2,1
2025-10-25 00:00:00,1500.0,4.13,50.8,17.0,200.0,7.0,0.05,3.84,7.3,0.51,5.0,1.0,0.05,47.0,,10,2,1
2025-10-25 00:00:00,1100.0,4.34,52.4,17.0,206.0,7.0,0.05,3.82,7.3,0.49,5.0,1.6,0.05,47.1,,10,2,1
2025-10-25 00:00:00,700.0,4.25,52.1,17.0,200.0,7.0,0.06,3.83,7.3,0.49,5.0,1.6,0.05,46.9,,10,2,1
2025-10-25 00:00:00,1900.0,3.96,50.9,20.0,231.0,7.0,0.05,3.8,7.3,0.49,5.0,1.3,0.05,47.0,,10,2,1
2025-10-26 00:00:00,100.0,3.94,52.8,16.0,157.0,7.0,0.04,3.8,7.3,0.5,5.0,1.3,0.05,46.9,,10,2,1
2025-10-26 00:00:00,300.0,3.74,52.8,15.0,150.0,7.0,0.04,3.8,7.3,0.51,5.0,1.4,0.05,46.9,,10,2,1
2025-10-26 00:00:00,1900.0,3.74,52.8,14.0,134.0,7.0,0.04,3.8,7.3,0.5,5.0,1.3,0.05,46.9,,10,2,1
2025-10-26 00:00:00,2300.0,3.79,52.8,13.0,124.0,7.0,0.04,3.8,7.3,0.49,5.0,1.3,0.05,46.9,,10,2,1
2025-10-26 00:00:00,500.0,3.69,52.8,13.0,124.0,7.0,0.04,3.8,7.3,0.54,5.0,1.3,0.05,46.9,,10,2,1
2025-10-26 00:00:00,2100.0,3.73,53.0,16.0,157.0,7.0,0.04,3.8,7.3,0.51,5.0,1.2,0.05,46.7,,10,2,1
2025-10-26 00:00:00,1300.0,3.84,53.4,15.0,150.0,7.0,0.04,3.78,7.3,0.5,5.0,1.0,0.05,46.9,,10,2,1
2025-10-26 00:00:00,1700.0,3.86,52.8,15.0,150.0,7.0,0.04,3.75,7.3,0.5,5.0,1.3,0.05,46.9,,10,2,1
2025-10-26 00:00:00,1500.0,4.01,51.5,17.0,181.0,7.0,0.04,3.78,7.3,0.5,5.0,1.0,0.05,46.9,,10,2,1
2025-10-26 00:00:00,700.0,3.82,53.2,17.0,170.0,7.0,0.07,3.83,7.3,0.5,5.0,1.5,0.05,46.9,,10,2,1
2025-10-26 00:00:00,1100.0,3.91,52.3,15.0,150.0,7.0,0.04,3.6,7.3,0.5,5.0,1.3,0.05,46.9,,10,2,1
2025-10-26 00:00:00,900.0,3.8,53.2,17.0,170.0,7.0,0.08,3.54,7.3,0.54,5.0,1.5,0.05,46.9,,10,2,1
2025-10-27 00:00:00,500.0,4.42,52.2,13.0,151.0,7.0,0.06,3.82,7.0,0.83,5.0,1.5,0.05,46.9,,10,2,1
2025-10-27 00:00:00,300.0,3.79,52.1,11.0,142.0,7.0,0.06,3.82,7.0,0.83,5.0,1.5,0.05,46.9,,10,2,1
2025-10-27 00:00:00,100.0,3.77,52.0,11.0,142.0,7.0,0.06,3.82,7.0,0.83,5.0,1.5,0.05,46.7,,10,2,1
2025-10-27 00:00:00,2300.0,3.55,52.2,10.0,135.0,7.0,0.06,3.84,7.0,0.85,5.0,3.4,0.05,46.6,,10,2,1
2025-10-27 00:00:00,2100.0,3.54,52.6,26.0,218.0,7.0,0.04,3.74,7.0,0.88,5.0,1.6,0.05,46.8,,10,2,1
2025-10-27 00:00:00,1900.0,3.55,52.4,16.0,170.0,7.0,0.04,3.75,7.0,0.78,5.0,1.6,0.05,46.8,,10,2,1
2025-10-27 00:00:00,1700.0,3.56,52.4,16.0,170.0,7.0,0.04,3.42,7.0,0.78,5.0,1.6,0.05,46.6,,10,2,1
2025-10-27 00:00:00,1500.0,4.12,52.6,17.0,171.0,7.0,0.04,3.38,7.0,0.78,5.0,1.7,0.05,46.7,,10,2,1
2025-10-27 00:00:00,1300.0,5.05,52.8,24.0,252.0,7.0,0.03,3.18,7.0,0.77,5.0,1.4,0.05,46.6,,10,2,1
2025-10-27 00:00:00,1100.0,3.69,52.5,17.0,171.0,7.0,0.05,3.0,7.0,0.59,5.0,1.5,0.05,47.4,,10,2,1
2025-10-27 00:00:00,900.0,3.62,52.5,14.0,137.0,7.0,0.05,3.8,7.0,0.54,5.0,1.4,0.05,47.4,,10,2,1
2025-10-27 00:00:00,700.0,3.71,52.8,13.0,124.0,7.0,0.05,3.8,7.0,0.55,5.0,1.4,0.05,46.9,,10,2,1
2025-10-28 00:00:00,1700.0,6.33,51.2,32.0,418.0,7.0,0.05,3.78,7.0,0.17,5.0,1.0,0.05,47.1,,10,2,1
2025-10-28 00:00:00,2100.0,6.28,50.8,26.0,351.0,7.0,0.07,3.83,7.0,0.16,5.0,1.0,0.05,47.3,,10,2,1
2025-10-28 00:00:00,1900.0,6.3,51.1,30.0,395.0,7.0,0.06,3.82,7.0,0.16,5.0,1.0,0.05,47.1,,10,2,1
2025-10-28 00:00:00,1500.0,6.41,51.9,41.0,474.0,7.0,0.06,3.84,7.0,0.16,5.0,1.0,0.05,47.3,,10,2,1
2025-10-28 00:00:00,2300.0,5.99,52.0,26.0,351.0,7.0,0.07,3.83,7.0,0.16,5.0,1.0,0.05,47.2,,10,2,1
2025-10-28 00:00:00,700.0,5.0,52.2,17.0,137.0,7.0,0.06,3.82,7.0,0.27,5.0,1.5,0.05,46.9,,10,2,1
2025-10-28 00:00:00,300.0,5.68,52.6,32.0,372.0,7.0,0.09,3.84,7.0,0.16,5.0,1.0,0.05,47.1,,10,2,1
2025-10-28 00:00:00,500.0,5.57,52.8,38.0,394.0,7.0,0.09,3.56,7.0,0.15,5.0,1.0,0.05,47.1,,10,2,1
2025-10-28 00:00:00,900.0,5.8,52.3,15.0,141.0,7.0,0.06,3.82,7.0,0.23,5.0,1.6,0.05,46.9,,10,2,1
2025-10-28 00:00:00,1300.0,6.24,52.2,55.0,519.0,7.0,0.05,3.84,7.0,0.17,5.0,1.0,0.05,47.7,,10,2,1
2025-10-28 00:00:00,100.0,5.84,52.6,29.0,361.0,7.0,0.09,3.84,7.0,0.16,5.0,1.0,0.05,47.1,,10,2,1
2025-10-28 00:00:00,1100.0,6.15,52.4,75.0,524.0,7.0,0.06,3.84,7.0,0.17,5.0,1.3,0.05,47.3,,10,2,1
2025-10-29 00:00:00,700.0,5.46,52.6,40.0,412.0,7.0,0.07,3.44,7.3,0.18,5.0,1.0,0.05,46.7,,10,2,1
2025-10-29 00:00:00,300.0,5.07,52.3,28.0,280.0,7.0,0.04,3.83,7.3,0.1,5.0,1.8,0.05,47.0,,10,2,1
2025-10-29 00:00:00,2100.0,5.16,52.4,34.0,380.0,7.0,0.04,3.83,7.3,0.12,5.0,1.8,0.05,46.7,,10,2,1
2025-10-29 00:00:00,1900.0,5.18,52.4,34.0,386.0,7.0,0.04,3.83,7.3,0.12,5.0,1.7,0.05,46.7,,10,2,1
2025-10-29 00:00:00,500.0,5.05,52.1,28.0,280.0,7.0,0.04,3.83,7.3,0.1,5.0,1.9,0.05,47.0,,10,2,1
2025-10-29 00:00:00,2300.0,5.05,52.5,30.0,300.0,7.0,0.04,3.83,7.3,0.12,5.0,1.8,0.05,47.2,,10,2,1
2025-10-29 00:00:00,900.0,5.34,52.4,38.0,379.0,7.0,0.05,3.48,7.3,0.16,5.0,1.0,0.05,46.8,,10,2,1
2025-10-29 00:00:00,100.0,5.03,52.5,30.0,300.0,7.0,0.04,3.85,7.3,0.12,5.0,1.8,0.05,47.0,,10,2,1
2025-10-29 00:00:00,1700.0,5.2,52.3,34.0,380.0,7.0,0.04,3.83,7.3,0.12,5.0,1.8,0.05,46.6,,10,2,1
2025-10-29 00:00:00,1500.0,5.21,52.4,40.0,416.0,7.0,0.04,3.83,7.3,0.12,5.0,1.8,0.05,46.7,,10,2,1
2025-10-29 00:00:00,1300.0,5.19,52.6,60.0,521.0,7.0,0.04,3.53,7.3,0.14,5.0,1.8,0.05,46.6,,10,2,1
2025-10-29 00:00:00,1100.0,5.24,52.4,40.0,414.0,7.0,0.08,3.46,7.3,0.12,5.0,1.8,0.05,46.5,,10,2,1
2025-10-30 00:00:00,700.0,5.01,52.3,30.0,311.0,7.0,0.04,3.83,7.3,0.1,5.0,1.9,0.05,47.1,,10,2,1
2025-10-30 00:00:00,1100.0,4.88,51.4,29.0,302.0,7.0,0.04,3.83,7.3,0.11,5.0,1.4,0.05,47.2,,10,2,1
2025-10-30 00:00:00,1300.0,4.81,52.0,29.0,302.0,7.0,0.04,3.83,7.3,0.11,5.0,1.4,0.05,47.2,,10,2,1
2025-10-30 00:00:00,5.87,4.82,52.4,28.0,290.0,7.0,0.05,3.83,7.3,0.15,5.0,1.2,0.05,47.6,,10,2,1
2025-10-30 00:00:00,1900.0,4.83,52.0,24.0,250.0,7.0,0.04,3.83,7.3,0.15,5.0,1.4,0.05,47.2,,10,2,1
2025-10-30 00:00:00,2100.0,4.86,52.3,21.0,238.0,7.0,0.08,3.83,7.3,0.15,5.0,1.5,0.05,47.4,,10,2,1
2025-10-30 00:00:00,2300.0,4.41,50.8,18.0,214.0,7.0,0.05,3.83,7.3,0.15,5.0,1.6,0.05,47.2,,10,2,1
2025-10-30 00:00:00,100.0,4.29,52.8,17.0,210.0,7.0,0.05,3.83,7.3,0.15,5.0,1.6,0.05,47.1,,10,2,1
2025-10-30 00:00:00,900.0,4.96,51.7,29.0,302.0,7.0,0.06,3.78,7.3,0.11,5.0,1.5,0.05,47.4,,10,2,1
2025-10-30 00:00:00,1500.0,4.84,52.3,28.0,290.0,7.0,0.04,3.83,7.3,0.14,5.0,1.3,0.05,47.3,,10,2,1
2025-10-30 00:00:00,300.0,4.21,52.6,16.0,205.0,7.0,0.06,3.82,7.3,0.14,5.0,1.5,0.05,47.1,,10,2,1
2025-10-30 00:00:00,500.0,4.19,52.5,15.0,200.0,7.0,0.07,3.81,7.3,0.14,5.0,1.6,0.05,47.2,,10,2,1
2025-10-31 00:00:00,700.0,4.07,52.2,13.0,145.0,7.0,0.05,3.83,7.3,0.14,5.0,2.0,0.05,47.2,,10,2,1
2025-10-31 00:00:00,900.0,3.96,52.3,19.0,188.0,7.0,0.05,3.83,7.3,0.14,5.0,1.8,0.05,47.0,,10,2,1
2025-10-31 00:00:00,1100.0,3.9,52.2,19.0,188.0,7.0,0.04,3.83,7.3,0.14,5.0,1.6,0.05,47.2,,10,2,1
2025-10-31 00:00:00,1300.0,3.88,52.0,20.0,216.0,7.0,0.04,3.83,7.3,0.14,5.0,1.4,0.05,47.0,,10,2,1
2025-10-31 00:00:00,1500.0,3.74,52.3,17.0,180.0,7.0,0.05,3.83,7.3,0.14,5.0,1.3,0.05,47.2,,10,2,1
2025-10-31 00:00:00,5.87,3.69,52.3,14.0,168.0,7.0,0.04,3.83,7.3,0.14,5.0,1.4,0.05,47.0,,10,2,1
2025-10-31 00:00:00,1900.0,3.68,52.2,12.0,150.0,7.0,0.04,3.84,7.3,0.14,5.0,1.5,0.05,47.2,,10,2,1
2025-10-31 00:00:00,500.0,4.07,52.8,8.0,80.0,7.0,0.05,3.82,7.3,0.15,5.0,1.7,0.05,47.3,,10,2,1
2025-10-31 00:00:00,300.0,3.97,52.7,9.0,90.0,7.0,0.06,3.83,7.3,0.17,5.0,1.7,0.05,47.3,,10,2,1
2025-10-31 00:00:00,100.0,3.99,52.9,10.0,110.0,7.0,0.06,3.83,7.3,0.19,5.0,1.7,0.05,47.2,,10,2,1
2025-10-31 00:00:00,2100.0,3.66,52.0,12.0,150.0,7.0,0.04,3.84,7.3,0.14,5.0,1.6,0.05,47.2,,10,2,1
2025-10-31 00:00:00,2300.0,4.0,53.1,12.0,150.0,7.0,0.07,3.84,7.3,0.22,5.0,1.7,0.05,47.3,,10,2,1
2025-10-31 02:00:00,700.0,4.18,52.5,8.0,80.0,7.0,0.05,3.84,7.3,0.15,5.0,1.7,0.05,47.3,,11,2,1
2025-11-01 00:00:00,1100.0,4.32,45.6,24.0,220.0,7.0,0.05,3.61,7.3,0.16,5.0,1.5,0.05,43.7,,1,2,1
2025-11-01 00:00:00,500.0,4.6,45.5,20.0,180.0,7.0,0.03,3.81,7.3,0.14,5.0,1.5,0.05,43.3,B/W no 6,1,2,1
2025-11-01 00:00:00,300.0,4.53,45.5,24.0,220.0,7.0,0.03,3.71,7.3,0.14,5.0,1.4,0.05,43.1,,1,2,1
2025-11-01 00:00:00,100.0,4.5,45.4,24.0,220.0,7.0,0.05,3.8,7.3,0.14,5.0,1.4,0.05,43.2,,1,2,1
2025-11-01 00:00:00,2300.0,4.54,45.5,21.0,180.0,7.0,0.07,3.83,7.3,0.18,5.0,1.3,0.05,43.3,B/W no 2 (3.00),1,2,1
2025-11-01 00:00:00,2100.0,4.6,48.2,21.0,180.0,7.0,0.04,3.81,7.3,0.18,5.0,1.4,0.05,42.5,,1,2,1
2025-11-01 00:00:00,1900.0,4.6,48.4,28.0,250.0,7.0,0.04,3.77,7.3,0.16,5.0,1.5,0.05,44.5,,1,2,1
2025-11-01 00:00:00,1700.0,4.37,45.0,20.0,180.0,7.0,0.04,3.64,7.3,0.14,5.0,1.4,0.05,43.0,,1,2,1
2025-11-01 00:00:00,1500.0,4.39,45.0,21.0,180.0,7.0,0.04,3.65,7.3,0.14,5.0,1.5,0.05,43.0,,1,2,1
2025-11-01 00:00:00,700.0,4.47,45.1,25.0,240.0,7.0,0.04,3.5,7.3,0.17,5.0,1.4,0.05,43.5,,1,2,1
2025-11-01 00:00:00,900.0,4.4,45.2,24.0,220.0,7.0,0.05,3.52,7.3,0.17,5.0,1.4,0.05,43.5,,1,2,1
2025-11-01 00:00:00,1300.0,4.31,45.6,23.0,215.0,7.0,0.04,3.66,7.3,0.14,5.0,1.3,0.05,43.9,,1,2,1
2025-11-02 00:00:00,300.0,4.2,45.7,12.0,150.0,7.0,0.04,3.76,7.3,0.35,5.0,1.4,0.06,41.8,,2,2,1
2025-11-02 00:00:00,700.0,4.34,43.8,16.0,160.0,7.0,0.15,3.79,7.3,0.34,5.0,1.3,0.06,41.9,,2,2,1
2025-11-02 00:00:00,900.0,4.31,44.2,15.0,154.0,7.0,0.14,3.8,7.3,0.35,5.0,1.3,0.06,41.8,,2,2,1
2025-11-02 00:00:00,1100.0,4.26,43.7,15.0,154.0,7.0,0.12,3.81,7.3,0.35,5.0,1.3,0.06,41.9,,2,2,1
2025-11-02 00:00:00,1300.0,4.19,43.6,16.0,158.0,7.0,0.12,3.8,7.3,0.37,5.0,1.3,0.06,41.9,,2,2,1
2025-11-02 00:00:00,1500.0,4.17,43.6,16.0,158.0,7.0,0.13,3.8,7.3,0.38,5.0,1.3,0.06,42.3,,2,2,1
2025-11-02 00:00:00,1700.0,4.12,44.3,17.0,159.0,7.0,0.13,3.6,7.3,0.37,5.0,1.3,0.06,42.2,,2,2,1
2025-11-02 00:00:00,1900.0,4.17,42.0,18.0,167.0,7.0,0.03,3.5,7.3,0.36,5.0,1.4,0.06,42.2,,2,2,1
2025-11-02 00:00:00,2100.0,4.21,45.5,22.0,191.0,7.0,0.03,3.56,7.3,0.36,5.0,1.4,0.06,42.2,,2,2,1
2025-11-02 00:00:00,100.0,4.26,45.1,14.0,152.0,7.0,0.05,3.64,7.3,0.36,5.0,1.5,0.06,41.7,,2,2,1
2025-11-02 00:00:00,500.0,4.19,45.7,11.0,140.0,7.0,0.04,3.79,7.3,0.35,5.0,1.3,0.06,41.8,,2,2,1
2025-11-02 00:00:00,2300.0,4.34,45.0,15.0,154.0,7.0,0.05,3.54,7.3,0.38,5.0,1.5,0.06,41.7,B/W filter no.1&3 (10.00pm),2,2,1
2025-11-03 00:00:00,700.0,6.54,45.2,36.0,358.0,7.0,0.27,3.24,7.3,0.27,5.0,1.7,0.05,43.7,B/W Fil. 2,3,2,2
2025-11-03 00:00:00,1500.0,6.31,46.1,32.0,317.0,7.0,0.08,3.12,7.3,0.44,5.0,1.6,0.05,42.6,B/W filter no1 (2.00pm),3,2,2
2025-11-03 00:00:00,500.0,5.78,49.4,31.0,320.0,7.0,0.28,3.8,7.3,0.27,5.0,1.6,0.05,43.9,,3,2,0
2025-11-03 00:00:00,300.0,5.5,49.6,32.0,331.0,7.0,0.26,3.74,7.3,0.27,5.0,1.7,0.05,43.1,,3,2,0
2025-11-03 00:00:00,100.0,5.58,49.7,37.0,410.0,7.0,0.21,3.69,7.3,0.25,5.0,1.7,0.05,43.6,,3,2,0
2025-11-03 00:00:00,2300.0,5.71,47.2,41.0,410.0,7.0,0.21,3.63,7.3,0.25,5.0,1.7,0.05,42.4,,3,2,0
2025-11-03 00:00:00,2100.0,5.97,47.9,53.0,420.0,7.0,0.1,3.45,7.3,0.24,5.0,1.7,0.05,42.2,,3,2,2
2025-11-03 00:00:00,1900.0,5.88,47.2,32.0,317.0,7.0,0.06,3.59,7.3,0.25,5.0,1.6,0.05,42.6,,3,2,2
2025-11-03 00:00:00,1700.0,6.31,46.1,32.0,317.0,7.0,0.06,3.15,7.3,0.39,5.0,1.6,0.05,42.5,,3,2,2
2025-11-03 00:00:00,1300.0,6.2,46.9,32.0,317.0,7.0,0.07,3.1,7.3,0.34,5.0,1.6,0.05,43.6,,3,2,2
2025-11-03 00:00:00,1100.0,6.25,47.1,32.0,317.0,7.0,0.07,3.13,7.3,0.23,5.0,1.6,0.05,43.6,B/W Fil. 3,3,2,2
2025-11-03 00:00:00,900.0,6.46,46.2,33.0,323.0,7.0,0.06,3.04,7.3,0.34,5.0,1.7,0.05,43.2,,3,2,2
2025-11-04 00:00:00,500.0,7.1,47.2,88.0,791.0,7.0,0.31,3.56,7.3,0.21,5.0,1.5,0.06,44.0,B/W no 1,4,2,2
2025-11-04 00:00:00,700.0,5.76,46.5,30.0,250.0,7.0,0.28,3.75,7.3,0.26,5.0,1.5,0.06,42.7,"B/W filter 3,6 (2.35am)",4,2,2
2025-11-04 00:00:00,100.0,6.29,47.5,67.0,750.0,7.0,0.37,3.78,7.3,0.21,5.0,1.5,0.06,44.1,,4,2,2
2025-11-04 00:00:00,2300.0,5.89,46.2,56.0,521.0,7.0,0.39,3.76,7.3,0.21,5.0,1.5,0.06,44.0,,4,2,2
2025-11-04 00:00:00,2100.0,5.85,45.4,61.0,630.0,7.0,0.37,3.73,7.3,0.2,5.0,1.6,0.06,44.1,,4,2,2
2025-11-04 00:00:00,1900.0,5.89,45.9,64.0,675.0,7.0,0.18,3.74,7.3,0.21,5.0,1.6,0.06,44.2,,4,2,2
2025-11-04 00:00:00,1700.0,5.9,46.0,69.0,780.0,7.0,0.15,3.74,7.3,0.23,5.0,1.6,0.06,44.4,,4,2,2
2025-11-04 00:00:00,300.0,6.84,47.5,72.0,781.0,7.0,0.36,3.78,7.3,0.2,5.0,1.5,0.06,44.1,,4,2,2
2025-11-04 00:00:00,1300.0,6.3,47.1,213.0,2010.0,7.0,0.29,3.73,7.3,0.26,5.0,1.5,0.06,42.7,,4,2,2
2025-11-04 00:00:00,1100.0,6.35,46.5,200.0,1900.0,7.0,0.25,3.7,7.3,0.33,5.0,1.5,0.06,42.7,,4,2,2
2025-11-04 00:00:00,900.0,6.15,46.8,32.0,250.0,7.0,0.28,3.67,7.3,0.28,5.0,1.5,0.06,42.6,,4,2,2
2025-11-04 00:00:00,1500.0,6.19,46.7,130.0,1069.0,7.0,0.36,3.78,7.3,0.23,5.0,1.5,0.06,44.3,B/W no.2,4,2,2
2025-11-09 00:00:00,1900.0,4.26,53.5,14.0,161.0,7.0,0.28,3.48,7.3,0.54,5.0,1.4,0.05,48.0,,9,2,1
2025-11-09 00:00:00,700.0,4.68,39.0,17.0,190.0,7.0,0.14,3.66,7.3,0.38,5.0,1.4,0.05,37.2,,9,2,0
2025-11-09 00:00:00,900.0,4.58,54.8,17.0,190.0,7.0,0.14,3.73,7.3,0.4,5.0,1.3,0.05,37.5,,9,2,0
2025-11-09 00:00:00,1100.0,4.76,54.3,19.0,210.0,7.0,0.45,3.58,7.3,0.42,5.0,1.3,0.05,37.5,,9,2,0
2025-11-09 00:00:00,1300.0,4.7,54.8,20.0,212.0,7.0,1.1,3.64,7.3,0.66,5.0,1.0,0.05,48.4,,9,2,0
2025-11-09 00:00:00,1500.0,4.59,55.6,19.0,208.0,7.0,0.5,3.8,7.3,0.89,5.0,1.0,0.05,48.4,,9,2,0
2025-11-09 00:00:00,1700.0,4.29,54.0,15.0,172.0,7.0,0.33,3.25,7.3,0.58,5.0,1.0,0.05,48.2,,9,2,1
2025-11-09 00:00:00,300.0,,55.6,12.0,160.0,7.0,0.13,3.81,7.3,0.39,5.0,1.3,0.05,48.3,,9,2,1
2025-11-09 00:00:00,500.0,,54.4,12.0,160.0,7.0,0.13,3.81,7.3,0.39,5.0,1.3,0.05,48.3,,9,2,1
2025-11-09 00:00:00,2100.0,4.23,53.7,13.0,160.0,7.0,0.25,3.58,7.3,0.55,5.0,1.6,0.05,48.1,,9,2,1
2025-11-09 00:00:00,100.0,,54.2,12.0,160.0,7.0,0.13,3.81,7.3,0.39,5.0,1.3,0.05,48.3,,9,2,1
2025-11-09 00:00:00,2300.0,,53.5,13.0,160.0,7.0,0.26,3.72,7.3,0.49,5.0,1.3,0.05,48.2,,9,2,1
2025-11-10 00:00:00,1300.0,4.18,53.0,12.0,134.0,7.0,0.1,3.84,7.3,0.5,5.0,1.0,0.05,47.1,,10,2,1
2025-11-10 00:00:00,500.0,3.58,53.4,17.0,160.0,7.0,0.14,3.84,7.3,0.47,5.0,1.0,0.05,47.1,,10,2,1
2025-11-10 00:00:00,300.0,3.55,53.5,17.0,160.0,7.0,0.14,3.75,7.3,0.47,5.0,1.0,0.05,47.2,,10,2,1
2025-11-10 00:00:00,100.0,4.0,53.6,15.0,156.0,7.0,0.12,3.6,7.3,0.5,5.0,1.1,0.05,47.0,,10,2,1
2025-11-10 00:00:00,2300.0,3.69,53.5,15.0,156.0,7.0,0.12,3.84,7.3,0.5,5.0,1.1,0.05,47.1,,10,2,1
2025-11-10 00:00:00,2100.0,3.64,53.0,11.0,118.0,7.0,0.11,3.84,7.3,0.49,5.0,1.1,0.05,47.3,,10,2,1
2025-11-10 00:00:00,1900.0,3.68,52.8,11.0,118.0,7.0,0.1,3.84,7.3,0.5,5.0,1.0,0.05,47.4,,10,2,1
2025-11-10 00:00:00,1700.0,3.69,53.1,11.0,118.0,7.0,0.11,3.84,7.3,0.49,5.0,1.1,0.05,47.2,,10,2,1
2025-11-10 00:00:00,1500.0,4.19,53.2,12.0,134.0,7.0,0.11,3.84,7.3,0.49,5.0,1.1,0.05,47.3,,10,2,1
2025-11-10 00:00:00,1100.0,4.15,52.9,15.0,156.0,7.0,0.11,3.84,7.3,0.48,5.0,1.1,0.05,47.2,,10,2,1
2025-11-10 00:00:00,700.0,3.91,53.1,14.0,149.0,7.0,0.13,3.84,7.3,0.48,5.0,1.4,0.05,47.1,,10,2,1
2025-11-10 00:00:00,900.0,3.93,53.0,13.0,142.0,7.0,0.13,3.82,7.3,0.48,5.0,1.1,0.05,47.2,,10,2,1
2025-11-11 00:00:00,100.0,5.34,52.4,40.0,416.0,7.0,0.04,3.58,7.3,0.42,5.0,1.6,0.06,47.3,,11,2,1
2025-11-11 00:00:00,1100.0,4.67,52.4,22.0,220.0,7.0,0.03,3.84,7.3,0.4,5.0,1.5,0.06,46.6,,11,2,1
2025-11-11 00:00:00,1300.0,4.73,52.1,22.0,220.0,7.0,0.03,3.82,7.3,0.4,5.0,1.5,0.06,46.7,,11,2,1
2025-11-11 00:00:00,1500.0,4.68,52.4,31.0,304.0,7.0,0.03,3.82,7.3,0.43,5.0,1.5,0.06,46.7,,11,2,1
2025-11-11 00:00:00,1700.0,4.54,52.2,32.0,318.0,7.0,0.04,3.84,7.3,0.4,5.0,1.5,0.06,47.0,,11,2,1
2025-11-11 00:00:00,1900.0,4.76,53.0,31.0,316.0,7.0,0.04,3.59,7.3,0.42,5.0,1.7,0.06,47.2,,11,2,1
2025-11-11 00:00:00,2100.0,4.99,52.0,44.0,421.0,7.0,0.04,3.29,7.3,0.42,5.0,1.2,0.06,47.0,,11,2,1
2025-11-11 00:00:00,300.0,5.68,52.1,43.0,420.0,7.0,0.04,3.76,7.3,0.42,5.0,1.5,0.06,47.1,,11,2,1
2025-11-11 00:00:00,700.0,4.74,51.5,15.0,150.0,7.0,0.04,3.85,7.3,0.36,5.0,1.5,0.06,46.4,,11,2,1
2025-11-11 00:00:00,900.0,4.69,52.3,22.0,220.0,7.0,0.03,3.85,7.3,0.36,5.0,1.5,0.06,46.5,,11,2,1
2025-11-11 00:00:00,500.0,5.91,52.3,44.0,432.0,7.0,0.04,3.83,7.3,0.42,5.0,1.7,0.06,47.2,,11,2,1
2025-11-11 00:00:00,2300.0,5.08,52.3,36.0,348.0,7.0,0.04,3.36,7.3,0.42,5.0,1.7,0.06,47.2,,11,2,1
2025-11-12 00:00:00,1900.0,4.31,47.6,30.0,221.0,7.0,0.03,3.77,7.3,0.19,5.0,1.5256448223445787,0.05,44.9,,12,2,1
2025-11-12 00:00:00,1700.0,4.39,47.5,28.0,220.0,7.0,0.03,3.81,7.3,0.19,5.0,1.5802731925998286,0.05,44.8,,12,2,1
2025-11-12 00:00:00,2300.0,4.27,46.3,22.0,220.0,7.0,0.04,3.76,7.3,0.19,5.0,1.4668062428851874,0.05,45.0,,12,2,1
2025-11-12 00:00:00,1300.0,4.59,47.2,29.0,280.0,7.0,0.03,3.82,7.3,0.2,5.0,1.5355020410624114,0.05,44.9,,12,2,1
2025-11-12 00:00:00,1100.0,4.6,47.6,29.0,280.0,7.0,0.03,3.82,7.3,0.21,5.0,1.5664171646170248,0.05,44.8,,12,2,1
2025-11-12 00:00:00,900.0,4.72,47.5,25.0,224.0,7.0,0.04,3.8,7.3,0.18,5.0,1.5064546624844068,0.05,44.7,,12,2,1
2025-11-12 00:00:00,100.0,4.25,46.5,28.0,280.0,7.0,0.04,3.8,7.3,0.18,5.0,1.474454336739639,0.05,44.9,,12,2,1
2025-11-12 00:00:00,300.0,4.83,46.7,34.0,340.0,7.0,0.04,3.82,7.3,0.18,5.0,1.4457299178285021,0.05,45.0,,12,2,1
2025-11-12 00:00:00,500.0,5.01,47.0,42.0,420.0,7.0,0.04,3.82,7.3,0.18,5.0,1.567057319154747,0.05,44.8,,12,2,1
2025-11-12 00:00:00,700.0,4.92,47.5,24.0,210.0,7.0,0.04,3.8,7.3,0.18,5.0,1.4599341086293829,0.05,44.7,,12,2,1
2025-11-12 00:00:00,2100.0,4.31,47.5,24.0,200.0,7.0,0.04,3.76,7.3,0.19,5.0,1.4753113732646772,0.05,44.8,,12,2,1
2025-11-12 00:00:00,1500.0,4.67,47.5,27.0,220.0,7.0,0.04,3.81,7.3,0.19,5.0,1.4987734559436514,0.05,44.8,,12,2,1
2025-11-13 00:00:00,1500.0,7.87,51.0,25.0,274.0,7.0,0.04,3.82,7.3,0.38,5.0,1.7,0.06,47.2,,11,2,1
2025-11-13 00:00:00,1300.0,7.89,52.4,29.0,290.0,7.0,0.04,3.8,7.3,0.38,5.0,1.5,0.06,47.1,,11,2,1
2025-11-13 00:00:00,1100.0,7.94,52.1,40.0,400.0,7.0,0.04,3.81,7.3,0.38,5.0,1.5,0.06,47.2,,11,2,1
2025-11-13 00:00:00,700.0,7.94,52.3,62.0,620.0,7.0,0.04,3.83,7.3,0.39,5.0,1.7,0.06,47.1,,11,2,1
2025-11-13 00:00:00,900.0,8.02,52.3,62.0,620.0,7.0,0.04,3.83,7.3,0.39,5.0,1.7,0.06,47.1,,11,2,1
2025-11-13 00:00:00,1700.0,7.8,52.1,21.0,209.0,7.0,0.05,3.82,7.3,0.38,5.0,1.7,0.06,47.4,,11,2,1
2025-11-13 00:00:00,1900.0,7.75,52.2,23.0,221.0,7.0,0.05,3.83,7.3,0.38,5.0,1.7,0.06,47.4,,11,2,1
2025-11-13 00:00:00,2100.0,7.68,52.2,21.0,207.0,7.0,0.05,3.64,7.3,0.38,5.0,1.7,0.06,47.4,,11,2,1
2025-11-13 00:00:00,2300.0,7.61,52.2,21.0,207.0,7.0,0.05,3.69,7.3,0.39,5.0,1.9,0.06,47.3,,11,2,1
2025-11-13 00:00:00,100.0,7.66,52.1,19.0,196.0,7.0,0.05,3.83,7.3,0.38,5.0,1.7,0.06,47.6,,11,2,1
2025-11-13 00:00:00,300.0,7.76,52.3,20.0,200.0,7.0,0.05,3.83,7.3,0.38,5.0,1.7,0.06,47.4,,11,2,1
2025-11-13 00:00:00,500.0,7.83,52.2,18.0,184.0,7.0,0.05,3.83,7.3,0.38,5.0,1.7,0.06,47.3,,11,2,1
2025-11-14 00:00:00,1300.0,7.81,52.1,24.0,240.0,7.0,0.04,3.8,7.3,0.39,5.0,1.6,0.06,47.1,,11,2,1
2025-11-14 00:00:00,1500.0,7.84,51.8,25.0,254.0,7.0,0.04,3.8,7.3,0.38,5.0,1.4,0.06,47.7,,11,2,1
2025-11-14 00:00:00,500.0,7.73,52.5,30.0,312.0,7.0,0.04,3.83,7.3,0.4,5.0,1.8,0.06,47.3,,11,2,1
2025-11-14 00:00:00,300.0,7.72,52.4,43.0,492.0,7.0,0.04,3.83,7.3,0.41,5.0,1.9,0.06,47.2,,11,2,1
2025-11-14 00:00:00,100.0,7.75,52.6,40.0,486.0,7.0,0.04,3.83,7.3,0.4,5.0,1.8,0.06,47.4,,11,2,1
2025-11-14 00:00:00,2300.0,7.71,52.4,58.0,580.0,7.0,0.04,3.7,7.3,0.43,5.0,1.8,0.06,47.3,,11,2,1
2025-11-14 00:00:00,1900.0,7.81,52.1,17.0,168.0,7.0,0.04,3.69,7.3,0.5,5.0,2.1,0.06,47.4,,11,2,1
2025-11-14 00:00:00,1100.0,7.91,52.3,30.0,300.0,7.0,0.05,3.83,7.3,0.36,5.0,1.6,0.06,47.0,,11,2,1
2025-11-14 00:00:00,900.0,7.92,52.1,27.0,270.0,7.0,0.05,3.83,7.3,0.36,5.0,1.6,0.06,47.0,,11,2,1
2025-11-14 00:00:00,700.0,7.9,52.3,18.0,180.0,7.0,0.05,3.83,7.3,0.36,5.0,1.7,0.06,47.0,,11,2,1
2025-11-14 00:00:00,1700.0,7.83,52.6,19.0,196.0,7.0,0.04,3.82,7.3,0.47,5.0,1.8,0.06,47.6,,11,2,1
2025-11-14 00:00:00,2100.0,7.78,52.1,18.0,174.0,7.0,0.04,3.59,7.3,0.45,5.0,1.9,0.06,47.4,,11,2,1
2025-11-15 00:00:00,1700.0,6.93,51.8,56.0,572.0,7.0,0.06,3.81,7.3,0.43,5.0,1.6,0.06,46.8,,11,2,1
2025-11-15 00:00:00,700.0,7.48,52.1,31.0,308.0,7.0,0.04,3.84,7.3,0.39,5.0,1.8,0.06,47.2,,11,2,1
2025-11-15 00:00:00,900.0,7.45,51.9,38.0,325.0,7.0,0.04,3.83,7.3,0.39,5.0,1.8,0.06,47.0,,11,2,1
2025-11-15 00:00:00,1100.0,7.27,51.4,46.0,396.0,7.0,0.08,3.83,7.3,0.45,5.0,1.6,0.06,47.0,,11,2,1
2025-11-15 00:00:00,1300.0,7.16,51.4,51.0,460.0,7.0,0.03,3.82,7.3,0.43,5.0,1.6,0.06,47.1,,11,2,1
2025-11-15 00:00:00,1500.0,7.06,51.6,46.0,408.0,7.0,0.04,3.81,7.3,0.43,5.0,1.6,0.06,47.0,,11,2,1
2025-11-15 00:00:00,2100.0,6.8,51.5,42.0,408.0,7.0,0.06,3.68,7.3,0.51,5.0,1.8,0.06,46.8,,11,2,1
2025-11-15 00:00:00,1900.0,6.83,52.0,39.0,371.0,7.0,0.06,3.61,7.3,0.52,5.0,1.7,0.06,46.7,,11,2,1
2025-11-15 00:00:00,100.0,6.7,51.4,41.0,402.0,7.0,0.04,3.83,7.3,0.43,5.0,1.7,0.06,47.3,,11,2,1
2025-11-15 00:00:00,300.0,6.68,51.3,44.0,431.0,7.0,0.04,3.83,7.3,0.43,5.0,1.8,0.06,47.1,,11,2,1
2025-11-15 00:00:00,500.0,6.61,51.2,41.0,400.0,7.0,0.04,3.83,7.3,0.43,5.0,1.8,0.06,47.2,,11,2,1
2025-11-15 00:00:00,2300.0,6.76,51.6,40.0,394.0,7.0,0.04,3.77,7.3,0.44,5.0,1.9,0.06,47.0,,11,2,1
2025-11-16 00:00:00,500.0,5.57,51.4,18.0,196.0,7.0,0.05,3.83,7.3,0.47,5.0,1.8,0.06,47.2,,11,2,1
2025-11-16 00:00:00,900.0,6.55,51.4,32.0,325.0,7.0,0.04,3.83,7.3,0.42,5.0,1.6,0.06,46.9,,11,2,1
2025-11-16 00:00:00,1100.0,6.4,51.3,34.0,330.0,7.0,0.04,3.83,7.3,0.43,5.0,1.7,0.06,47.2,,11,2,1
2025-11-16 00:00:00,1300.0,6.33,51.3,31.0,310.0,7.0,0.04,3.83,7.3,0.46,5.0,1.6,0.06,47.1,,11,2,1
2025-11-16 00:00:00,1500.0,6.26,51.4,30.0,300.0,7.0,0.04,3.6,7.3,0.47,5.0,1.6,0.06,47.2,,11,2,1
2025-11-16 00:00:00,1700.0,6.11,50.2,21.0,224.0,7.0,0.05,3.81,7.3,0.47,5.0,1.5,0.06,47.3,,11,2,1
2025-11-16 00:00:00,1900.0,6.06,50.8,23.0,242.0,7.0,0.04,3.81,7.3,0.47,5.0,1.6,0.06,47.3,,11,2,1
2025-11-16 00:00:00,2100.0,6.02,51.7,18.0,196.0,7.0,0.04,3.82,7.3,0.47,5.0,1.6,0.06,47.2,,11,2,1
2025-11-16 00:00:00,2300.0,6.04,51.6,14.0,154.0,7.0,0.04,3.83,7.3,0.47,5.0,1.8,0.06,47.1,,11,2,1
2025-11-16 00:00:00,100.0,5.96,51.7,16.0,166.0,7.0,0.04,3.83,7.3,0.47,5.0,1.9,0.06,47.3,,11,2,1
2025-11-16 00:00:00,300.0,5.7,51.2,16.0,166.0,7.0,0.05,3.83,7.3,0.47,5.0,1.7,0.06,47.2,,11,2,1
2025-11-16 00:00:00,700.0,6.57,51.8,28.0,280.0,7.0,0.04,3.83,7.3,0.42,5.0,1.8,0.06,47.1,,11,2,1
2025-11-17 00:00:00,700.0,5.76,51.5,13.0,127.0,7.0,0.06,3.81,7.3,0.47,5.0,1.8,0.05,47.2,,11,2,1
2025-11-17 00:00:00,300.0,6.81,50.1,81.0,755.0,7.0,0.06,3.83,7.3,0.52,5.0,1.7,0.05,47.2,,11,2,1
2025-11-17 00:00:00,100.0,6.23,50.0,64.0,580.0,7.0,0.06,3.83,7.3,0.55,5.0,1.6,0.05,47.2,,11,2,1
2025-11-17 00:00:00,2300.0,5.69,50.1,50.0,498.0,7.0,0.1,3.82,7.3,0.57,5.0,1.6,0.05,47.4,,11,2,1
2025-11-17 00:00:00,2100.0,5.33,51.5,18.0,184.0,7.0,0.06,3.82,7.3,0.55,5.0,1.5,0.05,47.1,,11,2,1
2025-11-17 00:00:00,1900.0,5.34,51.3,18.0,184.0,7.0,0.06,3.82,7.3,0.55,5.0,1.5,0.05,47.0,,11,2,1
2025-11-17 00:00:00,1500.0,5.54,51.3,23.0,240.0,7.0,0.06,3.7,7.3,0.56,5.0,1.3,0.05,47.2,,11,2,1
2025-11-17 00:00:00,1300.0,5.56,51.3,23.0,240.0,7.0,0.05,3.67,7.3,0.57,5.0,1.2,0.05,47.2,,11,2,1
2025-11-17 00:00:00,1100.0,5.66,51.2,18.0,194.0,7.0,0.06,3.56,7.3,0.47,5.0,1.4,0.05,47.0,,11,2,1
2025-11-17 00:00:00,900.0,5.76,51.5,15.0,172.0,7.0,0.06,3.82,7.3,0.47,5.0,1.8,0.05,47.2,,11,2,1
2025-11-17 00:00:00,500.0,7.34,55.9,130.0,1135.0,7.0,0.05,3.7,7.3,0.51,5.0,1.7,0.05,47.2,,11,2,1
2025-11-17 00:00:00,1700.0,5.52,51.2,20.0,192.0,7.0,0.06,3.8,7.3,0.56,5.0,1.5,0.05,47.1,,11,2,1
2025-11-18 00:00:00,2100.0,7.18,53.7,73.0,516.0,7.0,0.04,3.8,7.3,0.53,5.0,1.9,0.05,47.3,,11,2,1
2025-11-18 00:00:00,2300.0,7.02,53.1,65.0,531.0,7.0,0.04,3.83,7.3,0.53,5.0,1.8,0.05,47.1,,11,2,1
2025-11-18 00:00:00,700.0,7.33,52.9,108.0,984.0,7.0,0.05,3.81,7.3,0.5,5.0,1.3,0.05,47.2,,11,2,1
2025-11-18 00:00:00,900.0,7.31,52.5,94.0,873.0,7.0,0.05,3.81,7.3,0.5,5.0,1.3,0.05,47.2,,11,2,1
2025-11-18 00:00:00,1100.0,7.32,54.2,88.0,750.0,7.0,0.06,3.85,7.3,0.51,5.0,1.2,0.05,47.2,,11,2,1
2025-11-18 00:00:00,1300.0,7.3,53.8,88.0,750.0,7.0,0.05,3.85,7.3,0.53,5.0,1.1,0.05,47.1,,11,2,1
2025-11-18 00:00:00,1500.0,7.34,53.5,80.0,706.0,7.0,0.05,3.83,7.3,0.53,5.0,1.1,0.05,47.2,,11,2,1
2025-11-18 00:00:00,1700.0,7.24,53.4,76.0,684.0,7.0,0.05,3.79,7.3,0.53,5.0,1.5,0.05,47.1,,11,2,1
2025-11-18 00:00:00,1900.0,7.1,53.8,70.0,562.0,7.0,0.05,3.73,7.3,0.53,5.0,1.6,0.05,47.2,,11,2,1
2025-11-18 00:00:00,100.0,6.91,52.9,63.0,515.0,7.0,0.04,3.83,7.3,0.53,5.0,1.8,0.05,47.1,,11,2,1
2025-11-18 00:00:00,300.0,6.89,52.7,63.0,515.0,7.0,0.04,3.8,7.3,0.53,5.0,1.7,0.05,47.2,,11,2,1
2025-11-18 00:00:00,500.0,6.9,54.0,60.0,512.0,7.0,0.04,3.82,7.3,0.53,5.0,1.4,0.05,51.7,,11,2,1
2025-11-19 00:00:00,2300.0,6.47,53.2,33.0,350.0,7.0,0.05,2.75,7.3,0.58,5.0,2.5,0.05,50.0,,11,3,1
2025-11-19 00:00:00,100.0,6.39,53.2,26.0,260.0,7.0,0.04,3.0,7.3,0.64,5.0,2.1,0.05,49.8,,11,3,1
2025-11-19 00:00:00,500.0,6.12,63.4,22.0,220.0,7.0,0.04,3.08,7.3,0.92,5.0,2.1,0.05,50.0,,11,3,1
2025-11-19 00:00:00,2100.0,6.43,53.6,51.0,490.0,7.0,0.04,2.6,7.3,0.58,5.0,1.5,0.06,49.5,,11,3,1
2025-11-19 00:00:00,300.0,6.28,53.3,22.0,224.0,7.0,0.04,3.04,7.3,0.74,5.0,2.1,0.05,50.0,,11,3,1
2025-11-19 00:00:00,1900.0,6.41,52.4,54.0,570.0,7.0,0.04,2.88,7.3,0.58,5.0,1.5,0.06,49.8,,11,3,1
2025-11-19 00:00:00,900.0,6.92,53.5,61.0,527.0,7.0,0.03,3.82,7.3,0.53,5.0,1.5,0.06,51.6,,11,2,1
2025-11-19 00:00:00,1500.0,6.54,53.5,64.0,660.0,7.0,0.04,3.68,7.3,0.57,5.0,1.4,0.06,51.6,,11,3,1
2025-11-19 00:00:00,1300.0,6.71,53.5,70.0,718.0,7.0,0.04,3.82,7.3,0.56,5.0,1.2,0.06,51.5,,11,2,1
2025-11-19 00:00:00,1100.0,6.82,53.8,65.0,663.0,7.0,0.04,3.82,7.3,0.56,5.0,1.3,0.06,51.4,,11,2,1
2025-11-19 00:00:00,700.0,6.9,53.7,60.0,512.0,7.0,0.03,3.82,7.3,0.53,5.0,1.5,0.06,51.6,,11,2,1
2025-11-19 00:00:00,1700.0,6.34,51.3,50.0,490.0,7.0,0.04,3.17,7.3,0.58,5.0,1.3,0.06,50.8,,11,3,1
2025-11-20 00:00:00,1300.0,5.74,53.8,14.0,152.0,7.0,0.05,3.06,7.3,0.99,5.0,1.8,0.05,50.6,,11,3,1
2025-11-20 00:00:00,700.0,6.04,53.6,19.0,207.0,7.0,0.05,3.12,7.3,0.58,5.0,1.8,0.05,50.6,,11,3,1
2025-11-20 00:00:00,900.0,6.01,54.6,18.0,198.0,7.0,0.05,3.17,7.3,0.58,5.0,1.8,0.05,50.7,,11,3,1
2025-11-20 00:00:00,1100.0,5.89,55.2,18.0,198.0,7.0,0.05,3.33,7.3,0.58,5.0,1.6,0.05,51.0,,11,3,1
2025-11-20 00:00:00,1500.0,5.72,53.6,13.0,140.0,7.0,0.05,3.09,7.3,0.73,5.0,2.1,0.05,50.4,,11,3,1
2025-11-20 00:00:00,1700.0,5.51,53.3,13.0,130.0,7.0,0.07,3.53,7.3,0.64,5.0,1.5,0.05,47.8,,11,2,1
2025-11-20 00:00:00,2100.0,5.64,52.6,14.0,148.0,7.0,0.06,3.85,7.3,0.64,5.0,1.7,0.05,47.8,,11,2,1
2025-11-20 00:00:00,2300.0,6.08,57.4,17.0,180.0,7.0,0.06,3.85,7.3,0.64,5.0,1.5,0.05,48.1,,11,2,1
2025-11-20 00:00:00,100.0,6.49,54.3,20.0,200.0,7.0,0.06,3.85,7.3,0.61,5.0,1.5210807282670409,0.05,48.1,,11,2,1
2025-11-20 00:00:00,300.0,6.89,54.0,50.0,500.0,7.0,0.06,3.85,7.3,0.64,5.0,1.5737534974896636,0.05,48.1,,11,2,1
2025-11-20 00:00:00,500.0,6.02,54.1,68.0,610.0,7.0,0.06,3.85,7.3,0.4,5.0,1.5216779579604445,0.05,48.1,,11,2,1
2025-11-20 00:00:00,1900.0,5.58,53.2,14.0,148.0,7.0,0.07,3.85,7.3,0.64,5.0,1.5,0.05,49.2,,11,2,1
2025-11-21 00:00:00,2100.0,6.55,54.3,35.0,320.0,7.0,0.04,3.83,7.3,0.67,5.0,1.5,0.05,47.7,,11,2,2
2025-11-21 00:00:00,100.0,6.34,51.8,39.0,401.0,7.0,0.04,3.83,7.3,0.67,5.0,1.5,0.05,47.9,,11,2,2
2025-11-21 00:00:00,300.0,6.74,51.6,44.0,455.0,7.0,0.04,3.84,7.3,0.68,5.0,1.5,0.05,47.8,,11,2,2
2025-11-21 00:00:00,500.0,6.83,51.7,48.0,493.0,7.0,0.04,3.84,7.3,0.68,5.0,1.5,0.05,47.9,,11,2,2
2025-11-21 00:00:00,1900.0,6.37,54.3,40.0,480.0,7.0,0.04,3.79,7.3,0.67,5.0,1.4,0.05,47.8,,11,2,2
2025-11-21 00:00:00,2300.0,6.81,51.7,35.0,320.0,7.0,0.04,3.83,7.3,0.67,5.0,1.5,0.05,47.9,,11,2,2
2025-11-21 00:00:00,1500.0,6.37,54.3,40.0,480.0,7.0,0.04,3.84,7.3,0.66,5.0,1.3,0.05,48.0,,11,2,1
2025-11-21 00:00:00,700.0,7.17,54.7,86.0,810.0,7.0,0.04,3.83,7.3,0.63,5.0,1.6,0.05,47.7,,11,2,1
2025-11-21 00:00:00,1300.0,6.64,54.1,44.0,420.0,7.0,0.04,3.85,7.3,0.66,5.0,1.3,0.05,47.9,,11,2,1
2025-11-21 00:00:00,900.0,6.94,54.6,85.0,802.0,7.0,0.04,3.84,7.3,0.62,5.0,1.5,0.05,47.6,,11,2,1
2025-11-21 00:00:00,1100.0,6.78,54.3,53.0,518.0,7.0,0.04,3.85,7.3,0.64,5.0,1.4,0.05,48.6,,11,2,1
2025-11-21 00:00:00,1700.0,6.28,54.4,40.0,480.0,7.0,0.04,3.82,7.3,0.66,5.0,1.4,0.05,47.9,,11,2,2
2025-11-22 00:00:00,700.0,7.81,51.7,66.0,604.0,7.0,0.04,3.82,7.3,0.68,5.0,1.6,0.05,47.2,,11,2,2
2025-11-22 00:00:00,900.0,7.87,51.5,61.0,572.0,7.0,0.04,3.82,7.3,0.68,5.0,1.6,0.05,47.2,,11,2,2
2025-11-22 00:00:00,1100.0,7.8,52.5,40.0,401.0,7.0,0.04,3.82,7.3,0.68,5.0,1.3,0.05,47.3,,11,2,2
2025-11-22 00:00:00,1500.0,7.6,53.2,25.0,260.0,7.0,0.04,3.85,7.3,0.73,5.0,1.3,0.05,47.1,,11,2,2
2025-11-22 00:00:00,1700.0,7.59,53.2,28.0,272.0,7.0,0.04,3.82,7.3,0.74,5.0,1.3,0.05,47.2,,11,2,2
2025-11-22 00:00:00,1900.0,7.57,53.0,29.0,272.0,7.0,0.04,3.83,7.3,0.75,5.0,1.4,0.05,46.9,,11,2,2
2025-11-22 00:00:00,2100.0,7.64,53.3,26.0,264.0,7.0,0.04,3.65,7.3,0.75,5.0,1.6,0.05,46.8,,11,2,2
2025-11-22 00:00:00,2300.0,7.85,55.4,36.0,372.0,7.0,0.04,3.83,7.3,0.75,5.0,1.5,0.05,46.8,,11,2,2
2025-11-22 00:00:00,100.0,7.9,55.1,37.0,380.0,7.0,0.05,3.85,7.3,0.75,5.0,1.5,0.05,46.8,,11,2,2
2025-11-22 00:00:00,500.0,8.02,54.7,53.0,495.0,7.0,0.04,3.4,7.3,0.9,5.0,1.5,0.05,50.6,,11,2,2
2025-11-22 00:00:00,1300.0,7.77,53.0,29.0,272.0,7.0,0.04,3.82,7.3,0.72,5.0,1.3,0.05,47.3,,11,2,2
2025-11-22 00:00:00,300.0,8.01,54.7,47.0,452.0,7.0,0.03,3.85,7.3,0.75,5.0,1.4,0.05,46.8,,11,2,2
2025-11-23 00:00:00,2300.0,7.53,56.0,30.0,274.0,7.0,0.03,3.82,7.3,0.71,5.0,1.0,0.05,51.4,,11,3,2
2025-11-23 00:00:00,2100.0,7.76,55.1,16.0,216.0,7.0,0.03,3.87,7.3,0.74,5.0,1.8,0.05,47.6,,11,3,2
2025-11-23 00:00:00,700.0,8.06,55.5,44.0,440.0,7.0,0.04,3.22,7.3,0.77,5.0,2.0,0.05,50.7,,11,3,2
2025-11-23 00:00:00,900.0,8.07,55.3,42.0,443.0,7.0,0.05,3.3,7.3,0.77,5.0,1.7,0.05,50.6,,11,3,2
2025-11-23 00:00:00,1100.0,7.92,55.0,27.0,264.0,7.0,0.03,3.66,7.3,0.76,5.0,1.3,0.05,51.6,,11,3,2
2025-11-23 00:00:00,1300.0,,55.1,26.0,259.0,7.0,0.04,3.66,7.3,0.78,5.0,1.4,0.05,50.8,,11,3,2
2025-11-23 00:00:00,1500.0,7.79,55.4,22.0,240.0,7.0,0.03,3.91,7.3,0.81,5.0,1.7,0.05,46.8,,11,2,2
2025-11-23 00:00:00,1700.0,7.75,55.2,16.0,216.0,7.0,0.03,3.87,7.3,0.77,5.0,1.6,0.05,47.2,,11,2,2
2025-11-23 00:00:00,1900.0,7.74,55.0,16.0,216.0,7.0,0.03,3.87,7.3,0.73,5.0,1.8,0.05,47.0,,11,2,2
2025-11-23 00:00:00,100.0,7.5,56.5,40.0,390.0,7.0,0.03,3.82,7.3,0.7,5.0,1.0,0.05,51.7,,11,3,2
2025-11-23 00:00:00,300.0,7.46,56.5,43.0,407.0,7.0,0.03,3.82,7.3,0.68,5.0,1.0,0.05,51.7,,11,3,2
2025-11-23 00:00:00,500.0,7.38,56.5,30.0,390.0,7.0,0.03,3.82,7.3,0.66,5.0,1.0,0.05,51.7,,11,3,2
2025-11-24 00:00:00,2300.0,6.65,55.8,41.0,422.0,7.0,0.06,3.61,7.3,0.83,5.0,1.5,0.05,52.3,,11,3,1
2025-11-24 00:00:00,300.0,6.8,55.5,35.0,358.0,7.0,0.05,3.8,7.3,0.84,5.0,1.8,0.05,51.9,,11,3,1
2025-11-24 00:00:00,100.0,6.74,55.7,38.0,394.0,7.0,0.06,3.68,7.3,0.83,5.0,1.8,0.05,52.0,,11,3,1
2025-11-24 00:00:00,2100.0,6.66,55.9,44.0,440.0,7.0,0.05,3.84,7.3,0.83,5.0,1.5,0.05,51.8,,11,3,1
2025-11-24 00:00:00,500.0,6.89,56.4,31.0,326.0,7.0,0.04,3.85,7.3,0.85,5.0,1.8,0.05,51.9,,11,3,1
2025-11-24 00:00:00,1700.0,6.86,54.9,35.0,388.0,7.0,0.05,3.8,7.3,0.82,5.0,1.6,0.05,51.5,,11,3,1
2025-11-24 00:00:00,1900.0,6.74,56.0,38.0,389.0,7.0,0.05,3.73,7.3,0.82,5.0,1.4,0.05,51.7,,11,3,1
2025-11-24 00:00:00,1300.0,7.09,55.6,23.0,340.0,7.0,0.04,3.84,7.3,0.78,5.0,1.7,0.05,51.6,,11,3,2
2025-11-24 00:00:00,1100.0,7.2,55.3,23.0,340.0,7.0,0.04,3.85,7.3,0.73,5.0,1.5,0.05,51.3,,11,3,2
2025-11-24 00:00:00,900.0,7.34,55.6,32.0,356.0,7.0,0.04,3.85,7.3,0.66,5.0,1.0,0.05,51.7,,11,3,2
2025-11-24 00:00:00,700.0,7.36,56.4,27.0,364.0,7.0,0.04,3.85,7.3,0.66,5.0,1.0,0.05,51.6,,11,3,2
2025-11-24 00:00:00,1500.0,7.0,54.8,46.0,448.0,7.0,0.05,3.84,7.3,0.8,5.0,1.6,0.05,51.4,,11,3,1
2025-11-25 00:00:00,1300.0,7.0,55.2,46.0,418.0,7.0,0.04,3.82,7.3,0.89,5.0,1.4,0.05,51.3,,11,3,1
2025-11-25 00:00:00,2300.0,6.9,54.7,39.0,384.0,7.0,0.03,3.74,7.3,0.91,5.0,1.8,0.05,52.7,,11,3,1
2025-11-25 00:00:00,2100.0,6.88,48.4,35.0,358.0,7.0,0.03,3.67,7.3,0.92,5.0,1.7,0.05,52.0,,11,3,1
2025-11-25 00:00:00,1900.0,6.89,54.9,33.0,347.0,7.0,0.04,3.84,7.3,0.94,5.0,1.6,0.05,51.0,,11,3,1
2025-11-25 00:00:00,1700.0,6.9,55.0,38.0,375.0,7.0,0.04,3.84,7.3,0.92,5.0,1.6,0.05,51.4,,11,3,1
2025-11-25 00:00:00,1100.0,7.02,55.8,44.0,410.0,7.0,0.04,3.82,7.3,0.88,5.0,1.6,0.05,50.2,,11,3,1
2025-11-25 00:00:00,100.0,7.1,54.5,42.0,397.0,7.0,0.03,3.82,7.3,0.9,5.0,1.7,0.05,52.6,,11,3,1
2025-11-25 00:00:00,900.0,6.84,55.5,44.0,410.0,7.0,0.04,3.82,7.3,0.86,5.0,1.6,0.05,49.6,,11,3,1
2025-11-25 00:00:00,700.0,6.86,55.6,33.0,330.0,7.0,0.05,3.82,7.3,0.85,5.0,1.7,0.05,48.5,,11,3,1
2025-11-25 00:00:00,500.0,7.44,54.5,68.0,474.0,7.0,0.03,3.82,7.3,0.9,5.0,1.7,0.05,52.6,,11,3,1
2025-11-25 00:00:00,1500.0,6.9,55.5,46.0,418.0,7.0,0.05,3.74,7.3,0.91,5.0,1.5,0.05,52.3,,11,3,1
2025-11-25 00:00:00,300.0,7.31,54.4,53.0,424.0,7.0,0.03,3.82,7.3,0.9,5.0,1.6,0.05,52.6,,11,3,1
2025-11-26 00:00:00,1300.0,7.47,54.6,39.0,384.0,7.0,0.04,3.84,7.3,0.95,5.0,1.6,0.05,51.9,,11,3,1
2025-11-26 00:00:00,1500.0,7.29,54.8,34.0,355.0,7.0,0.04,3.84,7.3,0.95,5.0,1.6,0.05,50.9,,11,3,1
2025-11-26 00:00:00,1100.0,7.46,54.5,51.0,478.0,7.0,0.04,3.84,7.3,0.92,5.0,1.6,0.05,55.6,,11,3,1
2025-11-26 00:00:00,2300.0,7.02,54.5,46.0,471.0,7.0,0.04,3.82,7.3,0.95,5.0,1.6,0.05,52.4,,11,3,1
2025-11-26 00:00:00,700.0,7.52,54.4,89.0,612.0,7.0,0.04,3.84,7.3,0.9,5.0,1.6,0.05,52.7,,11,3,1
2025-11-26 00:00:00,1700.0,7.22,54.1,29.0,314.0,7.0,0.04,3.82,7.3,0.95,5.0,1.6,0.05,51.8,,11,3,1
2025-11-26 00:00:00,900.0,7.48,54.6,71.0,510.0,7.0,0.04,3.84,7.3,0.91,5.0,1.6,0.05,55.1,,11,3,1
2025-11-26 00:00:00,2100.0,7.05,54.2,54.0,541.0,7.0,0.04,3.81,7.3,0.98,5.0,1.6,0.05,51.4,,11,3,1
2025-11-26 00:00:00,1900.0,7.14,54.4,42.0,420.0,7.0,0.04,3.81,7.3,0.98,5.0,1.6,0.05,51.2,,11,3,1
2025-11-26 00:00:00,100.0,7.01,54.0,42.0,414.0,7.0,0.04,3.82,7.3,0.94,5.0,1.6,0.05,52.6,,11,3,1
2025-11-26 00:00:00,300.0,7.03,53.0,40.0,381.0,7.0,0.04,3.82,7.3,0.94,5.0,1.6,0.05,52.4,,11,3,1
2025-11-26 00:00:00,500.0,7.05,53.0,37.0,352.0,7.0,0.04,3.82,7.3,0.94,5.0,1.6,0.05,52.0,,11,3,1
2025-11-27 00:00:00,500.0,6.57,53.0,32.0,317.0,7.0,0.06,3.82,7.3,0.99,5.0,1.3,0.05,52.0,,11,3,1
2025-11-27 00:00:00,300.0,6.54,53.0,32.0,317.0,7.0,0.06,3.82,7.3,0.99,5.0,1.3,0.05,52.0,,11,3,1
2025-11-27 00:00:00,100.0,6.5,53.0,31.0,308.0,7.0,0.06,3.82,7.3,0.99,5.0,1.3,0.05,52.0,,11,3,1
2025-11-27 00:00:00,2300.0,6.42,53.2,31.0,308.0,7.0,0.06,3.82,7.3,1.0,5.0,1.4,0.05,52.2,,11,3,1
2025-11-27 00:00:00,2100.0,6.43,53.1,37.0,370.0,7.0,0.06,3.83,7.3,1.0,5.0,1.4,0.05,52.4,,11,3,1
2025-11-27 00:00:00,1700.0,6.53,53.3,32.0,320.0,7.0,0.04,3.83,7.3,1.0,5.0,1.4,0.05,52.2,,11,3,1
2025-11-27 00:00:00,1900.0,6.46,53.4,34.0,340.0,7.0,0.06,3.83,7.3,1.0,5.0,1.4,0.05,52.1,,11,3,1
2025-11-27 00:00:00,1300.0,7.04,53.2,34.0,330.0,7.0,0.04,3.82,7.3,0.99,5.0,1.4,0.05,52.3,,11,3,1
2025-11-27 00:00:00,1100.0,7.05,53.1,34.0,330.0,7.0,0.04,3.82,7.3,0.99,5.0,1.4,0.05,52.4,,11,3,1
2025-11-27 00:00:00,900.0,7.08,53.4,36.0,348.0,7.0,0.04,3.83,7.3,0.94,5.0,1.5,0.05,52.0,,11,3,1
2025-11-27 00:00:00,700.0,7.04,53.2,33.0,336.0,7.0,0.04,3.83,7.3,0.94,5.0,1.6,0.05,52.1,,11,3,1
2025-11-27 00:00:00,1500.0,6.68,53.2,33.0,330.0,7.0,0.04,3.77,7.3,0.99,5.0,1.4,0.05,52.3,,11,3,1
2025-11-28 00:00:00,2100.0,5.77,53.1,28.0,280.0,7.0,0.04,3.81,7.3,0.18,5.0,1.5,0.05,52.1,,11,3,1
2025-11-28 00:00:00,500.0,5.63,53.0,21.0,208.0,7.0,0.04,3.82,7.3,0.17,5.0,1.4,0.05,52.0,,11,3,1
2025-11-28 00:00:00,300.0,5.65,53.0,22.0,217.0,7.0,0.04,3.82,7.3,0.17,5.0,1.4,0.05,52.0,,11,3,1
2025-11-28 00:00:00,100.0,5.7,53.1,24.0,232.0,7.0,0.04,3.82,7.3,0.18,5.0,1.4,0.05,52.1,,11,3,1
2025-11-28 00:00:00,2300.0,5.71,53.0,26.0,251.0,7.0,0.04,3.82,7.3,0.18,5.0,1.5,0.05,51.9,,11,3,1
2025-11-28 00:00:00,1900.0,5.85,53.4,29.0,284.0,7.0,0.04,3.84,7.3,1.04,5.0,1.4,0.05,52.2,,11,3,1
2025-11-28 00:00:00,1300.0,6.42,53.4,27.0,284.0,7.0,0.04,3.85,7.3,1.03,5.0,1.1,0.05,52.2,,11,3,1
2025-11-28 00:00:00,1500.0,6.06,53.4,29.0,290.0,7.0,0.04,3.85,7.3,1.0,5.0,1.2,0.05,52.2,,11,3,1
2025-11-28 00:00:00,1100.0,6.45,53.2,27.0,284.0,7.0,0.04,3.85,7.3,1.0,5.0,1.4,0.05,52.2,,11,3,1
2025-11-28 00:00:00,900.0,6.64,53.0,31.0,309.0,7.0,0.04,3.85,7.3,0.99,5.0,1.3,0.05,52.0,,11,3,1
2025-11-28 00:00:00,700.0,6.61,53.1,32.0,317.0,7.0,0.04,3.85,7.3,0.99,5.0,1.2,0.05,52.2,,11,3,1
2025-11-28 00:00:00,1700.0,5.94,53.3,26.0,260.0,7.0,0.04,3.84,7.3,1.03,5.0,1.3,0.05,52.2,,11,3,1
2025-11-29 00:00:00,2300.0,5.01,53.0,22.0,208.0,7.0,0.04,3.82,7.3,0.2,5.0,1.3,0.05,52.0,,11,3,1
2025-11-29 00:00:00,500.0,4.96,52.5,20.0,189.0,7.0,0.04,3.82,7.3,0.2,5.0,1.4,0.05,52.0,,11,3,1
2025-11-29 00:00:00,100.0,4.92,53.0,21.0,201.0,7.0,0.04,3.82,7.3,0.2,5.0,1.4,0.05,52.0,,11,3,1
2025-11-29 00:00:00,300.0,4.94,52.7,21.0,201.0,7.0,0.04,3.82,7.3,0.2,5.0,1.4,0.05,52.0,,11,3,1
2025-11-29 00:00:00,1500.0,5.18,53.0,25.0,250.0,7.0,0.04,3.82,7.3,0.18,5.0,1.2,0.05,51.9,,11,3,1
2025-11-29 00:00:00,1900.0,5.09,53.4,23.0,230.0,7.0,0.04,3.77,7.3,0.19,5.0,1.3,0.05,52.1,,11,3,1
2025-11-29 00:00:00,1100.0,5.32,52.5,28.0,264.0,7.0,0.04,3.82,7.3,0.17,5.0,1.4,0.05,52.0,,11,3,1
2025-11-29 00:00:00,900.0,5.39,53.0,22.0,217.0,7.0,0.04,3.82,7.3,0.17,5.0,1.4,0.05,52.0,,11,3,1
2025-11-29 00:00:00,700.0,5.53,53.0,21.0,204.0,7.0,0.04,3.82,7.3,0.17,5.0,1.4,0.05,52.0,,11,3,1
2025-11-29 00:00:00,2100.0,5.04,53.2,23.0,230.0,7.0,0.04,3.8,7.3,0.2,5.0,1.3,0.05,52.4,,11,3,1
2025-11-29 00:00:00,1300.0,5.24,52.5,37.0,324.0,7.0,0.04,3.82,7.3,0.17,5.0,1.4,0.05,52.0,,11,3,1
2025-11-29 00:00:00,1700.0,5.12,53.1,30.0,300.0,7.0,0.03,3.78,7.3,0.19,5.0,1.2,0.05,52.0,,11,3,1
2025-11-30 00:00:00,1500.0,4.6,53.2,22.0,220.0,7.0,0.05,3.82,7.3,0.21,5.0,1.0,0.05,52.0,,11,3,1
2025-11-30 00:00:00,700.0,4.94,53.4,20.0,189.0,7.0,0.04,3.83,7.3,0.2,5.0,1.3,0.05,52.4,,11,3,1
2025-11-30 00:00:00,300.0,4.68,52.7,29.0,253.0,7.0,0.04,3.82,7.3,0.21,5.0,1.1,0.05,51.7,,11,3,1
2025-11-30 00:00:00,500.0,4.7,52.5,28.0,244.0,7.0,0.04,3.82,7.3,0.21,5.0,1.1,0.05,51.7,,11,3,1
2025-11-30 00:00:00,2100.0,4.58,53.2,23.0,230.0,7.0,0.04,3.81,7.3,0.21,5.0,1.1,0.05,51.7,,11,3,1
2025-11-30 00:00:00,1900.0,4.54,53.4,27.0,270.0,7.0,0.04,3.73,7.3,0.21,5.0,1.1,0.05,51.8,,11,3,1
2025-11-30 00:00:00,5.87,4.56,53.1,23.0,230.0,7.0,0.05,3.68,7.3,0.22,5.0,1.1,0.05,51.8,,11,3,1
2025-11-30 00:00:00,1300.0,4.62,53.0,19.0,180.0,7.0,0.05,3.82,7.3,0.21,5.0,1.2,0.05,52.1,,11,3,1
2025-11-30 00:00:00,1100.0,4.84,53.4,19.0,180.0,7.0,0.04,3.78,7.3,0.21,5.0,1.4,0.05,52.0,,11,3,1
2025-11-30 00:00:00,100.0,4.62,53.0,30.0,261.0,7.0,0.04,3.82,7.3,0.21,5.0,1.1,0.05,51.7,,11,3,1
2025-11-30 00:00:00,900.0,4.97,53.8,20.0,189.0,7.0,0.04,3.83,7.3,0.2,5.0,1.4,0.05,52.2,,11,3,1
2025-11-30 00:00:00,2300.0,4.62,53.2,31.0,274.0,7.0,0.04,3.8,7.3,0.22,5.0,1.1,0.05,51.7,,11,3,1
2025-11-30 02:00:00,700.0,4.89,54.0,21.0,210.0,7.0,0.03,3.84,7.3,0.21,5.0,1.0,0.05,52.0,,12,3,1
2025-12-01 00:00:00,700.0,4.89,45.8,22.0,210.0,7.0,0.03,3.71,7.3,0.14,5.0,1.5,0.05,43.5,,1,2,1
2025-12-01 00:00:00,900.0,5.1,44.6,21.0,205.0,7.0,0.03,3.76,7.3,0.14,5.0,1.5,0.05,43.5,,1,2,1
2025-12-01 00:00:00,1100.0,5.29,44.8,22.0,210.0,7.0,0.03,3.71,7.3,0.15,5.0,1.6,0.06,43.5,,1,2,1
2025-12-01 00:00:00,1300.0,5.43,44.9,35.0,380.0,7.0,0.03,3.7,7.3,0.15,5.0,1.5,0.06,43.4,,1,2,1
2025-12-01 00:00:00,1500.0,5.42,44.6,61.0,681.0,7.0,0.03,3.72,7.3,0.14,5.0,1.5,0.06,43.4,,1,2,1
2025-12-01 00:00:00,2300.0,5.78,45.0,44.0,481.0,7.0,0.03,3.51,7.3,0.14,5.0,1.5,0.06,43.3,,1,2,1
2025-12-01 00:00:00,100.0,5.61,45.0,42.0,461.0,7.0,0.03,3.54,7.3,0.13,5.0,1.5,0.06,43.2,,1,2,1
2025-12-01 00:00:00,1900.0,5.63,44.3,61.0,651.0,7.0,0.04,3.53,7.3,0.15,5.0,1.6,0.06,43.3,B/W no.4,1,2,1
2025-12-01 00:00:00,2100.0,5.77,44.5,46.0,514.0,7.0,0.03,3.54,7.3,0.14,5.0,1.5,0.06,43.3,,1,2,1
2025-12-01 00:00:00,500.0,5.46,44.9,41.0,442.0,7.0,0.03,3.68,7.3,0.13,5.0,1.5,0.06,43.3,,1,2,1
2025-12-01 00:00:00,300.0,5.5,45.0,42.0,461.0,7.0,0.03,3.6,7.3,0.13,5.0,1.5,0.06,43.3,,1,2,1
2025-12-01 00:00:00,1700.0,5.6,44.6,69.0,684.0,7.0,0.04,3.72,7.3,0.14,5.0,1.5,0.06,43.2,,1,2,1
2025-12-01 02:00:00,700.0,5.56,45.3,46.0,520.0,7.0,0.03,3.67,7.3,0.13,5.0,1.5,0.05,41.9,B/W filter no. 1&4 (0700am),1,2,1
2025-12-02 00:00:00,1300.0,4.28,45.5,16.0,150.0,7.0,0.04,3.82,7.3,0.38,5.0,1.3,0.06,42.4,,2,2,1
2025-12-02 00:00:00,700.0,4.19,42.0,14.0,144.0,7.0,0.04,3.76,7.3,0.35,5.0,1.3,0.06,42.0,,2,2,1
2025-12-02 00:00:00,1100.0,4.28,45.1,15.0,148.0,7.0,0.03,3.8,7.3,0.36,5.0,1.3,0.06,42.2,,2,2,1
2025-12-02 00:00:00,1500.0,4.07,45.5,16.0,150.0,7.0,0.04,3.82,7.3,0.38,5.0,1.3,0.06,42.2,,2,2,1
2025-12-02 00:00:00,300.0,4.27,45.3,15.0,150.0,7.0,0.08,3.79,7.3,0.39,5.0,1.4,0.06,41.8,,2,2,1
2025-12-02 00:00:00,1900.0,4.04,45.0,16.0,157.0,7.0,0.04,3.78,7.3,0.39,5.0,1.3,0.06,42.1,,2,2,1
2025-12-02 00:00:00,2100.0,4.04,45.0,16.0,157.0,7.0,0.04,3.78,7.3,0.39,5.0,1.3,0.06,42.1,,2,2,1
2025-12-02 00:00:00,2300.0,4.3,45.0,17.0,150.0,7.0,0.06,3.78,7.3,0.39,5.0,1.3,0.06,41.9,,2,2,1
2025-12-02 00:00:00,100.0,4.28,45.1,16.0,150.0,7.0,0.08,3.78,7.3,0.39,5.0,1.3,0.06,41.9,,2,2,1
2025-12-02 00:00:00,500.0,4.26,45.3,15.0,150.0,7.0,0.08,3.8,7.3,0.39,5.0,1.4,0.06,41.8,,2,2,1
2025-12-02 00:00:00,1700.0,4.02,45.4,16.0,150.0,7.0,0.04,3.82,7.3,0.39,5.0,1.3,0.06,42.2,,2,2,1
2025-12-02 00:00:00,900.0,4.28,45.0,14.0,144.0,7.0,0.03,3.76,7.3,0.35,5.0,1.3,0.06,42.0,,2,2,1
2025-12-02 02:00:00,700.0,4.2,45.2,15.0,150.0,7.0,0.1,3.82,7.3,0.4,5.0,1.4,0.06,42.3,,2,2,1
2025-12-03 00:00:00,1700.0,5.75,48.6,36.0,380.0,7.0,0.15,3.73,7.3,0.32,5.0,1.6,0.05,42.8,,3,2,2
2025-12-03 00:00:00,500.0,6.38,48.3,50.0,480.0,7.0,0.29,3.78,7.3,0.25,5.0,1.6,0.05,43.9,,3,2,2
2025-12-03 00:00:00,700.0,5.74,48.6,32.0,319.0,7.0,0.3,3.82,7.3,0.28,5.0,1.6,0.05,44.2,,3,2,0
2025-12-03 00:00:00,900.0,5.71,47.6,32.0,319.0,7.0,0.41,3.76,7.3,0.3,5.0,1.5,0.05,44.1,,3,2,0
2025-12-03 00:00:00,1100.0,5.72,47.4,32.0,319.0,7.0,0.25,3.57,7.3,0.38,5.0,1.5,0.05,44.2,,3,2,2
2025-12-03 00:00:00,1300.0,5.68,47.8,33.0,326.0,7.0,0.12,3.64,7.3,0.4,5.0,1.5,0.05,44.0,,3,2,2
2025-12-03 00:00:00,1500.0,5.68,49.1,32.0,326.0,7.0,0.22,3.66,7.3,0.36,5.0,1.6,0.05,42.8,B/W filter no 3&5 (2.00pm),3,2,2
2025-12-03 00:00:00,1900.0,5.94,47.9,36.0,380.0,7.0,0.16,3.8,7.3,0.26,5.0,1.6,0.05,42.7,,3,2,2
2025-12-03 00:00:00,2100.0,6.11,47.9,37.0,380.0,7.0,0.18,3.78,7.3,0.26,5.0,1.6,0.05,42.7,,3,2,2
2025-12-03 00:00:00,2300.0,6.24,49.6,39.0,398.0,7.0,0.19,3.82,7.3,0.26,5.0,1.6,0.05,44.1,B/W no.4,3,2,2
2025-12-03 00:00:00,100.0,6.34,48.1,41.0,425.0,7.0,0.2,3.62,7.3,0.26,5.0,1.6,0.05,44.1,,3,2,2
2025-12-03 00:00:00,300.0,6.31,47.5,44.0,451.0,7.0,0.21,3.69,7.3,0.25,5.0,1.6,0.05,44.0,,3,2,2
2025-12-03 02:00:00,700.0,6.23,47.8,35.0,346.0,7.0,0.31,3.82,7.3,0.26,5.0,1.6,0.05,44.0,B/W Fil. 1,3,2,2
2025-12-04 00:00:00,900.0,7.42,47.9,237.0,1700.0,7.0,0.16,3.67,7.3,0.32,5.0,1.6,0.06,42.7,,4,2,2
2025-12-04 00:00:00,1300.0,7.59,46.5,142.0,1050.0,7.0,0.3,3.77,7.3,0.23,5.0,1.5,0.06,42.7,,4,2,2
2025-12-04 00:00:00,1500.0,7.56,47.3,114.0,995.0,7.0,0.34,3.81,7.3,0.24,5.0,1.6,0.06,44.3,"B/W no.2,4,5",4,2,2
2025-12-04 00:00:00,1700.0,7.43,46.9,73.0,750.0,7.0,0.05,3.62,7.3,0.2,5.0,1.6,0.06,43.8,,4,2,2
2025-12-04 00:00:00,1900.0,7.47,46.8,72.0,735.0,7.0,0.05,3.58,7.3,0.21,5.0,1.6,0.06,43.9,,4,2,2
2025-12-04 00:00:00,2100.0,7.53,47.0,70.0,691.0,7.0,0.07,3.67,7.3,0.18,5.0,1.6,0.06,44.0,,4,2,2
2025-12-04 00:00:00,2300.0,7.79,46.8,74.0,761.0,7.0,0.06,3.68,7.3,0.18,5.0,1.6,0.06,44.0,,4,2,2
2025-12-04 00:00:00,100.0,7.8,46.8,61.0,602.0,7.0,0.16,3.72,7.3,0.2,5.0,1.6,0.06,44.1,,4,2,2
2025-12-04 00:00:00,300.0,7.78,46.7,57.0,514.0,7.0,0.16,3.72,7.3,0.22,5.0,1.6,0.06,44.0,,4,2,2
2025-12-04 00:00:00,500.0,7.76,46.8,49.0,489.0,7.0,0.18,3.56,7.3,0.22,5.0,1.6,0.06,44.0,B/W no 6,4,2,2
2025-12-04 00:00:00,1100.0,7.56,47.0,211.0,1700.0,7.0,0.2,3.75,7.3,0.27,5.0,1.6,0.06,42.7,,4,2,2
2025-12-04 00:00:00,700.0,7.22,47.6,151.0,1060.0,7.0,0.45,3.66,7.3,0.32,5.0,1.5,0.06,42.7,,4,2,2
2025-12-04 02:00:00,700.0,7.78,46.6,54.0,486.0,7.0,0.2,3.63,7.3,0.23,5.0,1.6,0.06,43.7,,4,2,2
2025-12-09 00:00:00,500.0,,51.3,17.0,192.0,7.0,0.18,3.79,7.3,0.57,5.0,1.4,0.05,48.4,,9,2,1
2025-12-09 00:00:00,1100.0,4.9,53.4,12.0,160.0,7.0,0.08,3.83,7.3,0.4,5.0,1.2,0.05,48.3,,9,2,1
2025-12-09 00:00:00,300.0,,52.1,17.0,192.0,7.0,0.18,3.79,7.3,0.57,5.0,1.4,0.05,48.3,,9,2,1
2025-12-09 00:00:00,100.0,,53.1,17.0,192.0,7.0,0.18,3.79,7.3,0.57,5.0,1.3,0.05,48.5,,9,2,1
2025-12-09 00:00:00,2300.0,,53.0,17.0,192.0,7.0,0.17,3.79,7.3,0.57,5.0,1.3,0.05,48.6,,9,2,1
2025-12-09 00:00:00,2100.0,5.0,53.0,17.0,192.0,7.0,0.34,3.81,7.3,0.74,5.0,1.2,0.05,48.6,,9,2,1
2025-12-09 00:00:00,1900.0,4.88,53.0,16.0,181.0,7.0,0.64,3.81,7.3,0.66,5.0,1.2,0.05,48.4,,9,2,1
2025-12-09 00:00:00,1700.0,4.88,53.2,14.0,174.0,7.0,0.3,3.81,7.3,0.66,5.0,1.2,0.05,48.4,,9,2,1
2025-12-09 00:00:00,1500.0,4.9,54.0,13.0,165.0,7.0,0.13,3.83,7.3,0.4,5.0,1.2,0.05,48.5,,9,2,1
2025-12-09 00:00:00,1300.0,4.98,52.9,12.0,160.0,7.0,0.1,3.83,7.3,0.39,5.0,1.2,0.05,48.7,,9,2,1
2025-12-09 00:00:00,900.0,4.67,53.3,12.0,160.0,7.0,0.11,3.83,7.3,0.4,5.0,1.2,0.05,48.4,,9,2,1
2025-12-09 00:00:00,700.0,4.5,54.3,12.0,160.0,7.0,0.13,3.83,7.3,0.39,5.0,1.3,0.05,48.3,,9,2,1
2025-12-10 00:00:00,1300.0,3.79,53.4,14.0,124.0,7.0,0.04,3.9,7.3,0.6,5.0,1.4,0.05,48.0,,10,2,1
2025-12-10 00:00:00,900.0,3.44,53.0,16.0,151.0,7.0,0.1,3.68,7.3,0.47,5.0,1.0,0.05,47.2,,10,2,1
2025-12-10 00:00:00,1500.0,3.76,52.6,13.0,120.0,7.0,0.07,3.84,7.3,0.47,5.0,1.2,0.05,47.8,,10,2,1
2025-12-10 00:00:00,1700.0,3.61,52.8,12.0,118.0,7.0,0.09,3.83,7.3,0.46,5.0,1.2,0.05,47.4,,10,2,1
2025-12-10 00:00:00,700.0,3.48,53.0,17.0,160.0,7.0,0.1,3.81,7.3,0.47,5.0,1.0,0.05,47.1,,10,2,1
2025-12-10 00:00:00,2100.0,3.6,52.5,11.0,110.0,7.0,0.04,3.83,7.3,0.45,5.0,1.5,0.05,47.4,,10,2,1
2025-12-10 00:00:00,2300.0,3.6,52.1,11.0,110.0,7.0,0.06,3.84,7.3,0.45,5.0,1.8,0.05,47.2,,10,2,1
2025-12-10 00:00:00,1900.0,3.6,52.6,12.0,118.0,7.0,0.04,3.83,7.3,0.46,5.0,1.3,0.05,47.5,,10,2,1
2025-12-10 00:00:00,300.0,3.74,52.7,11.0,110.0,7.0,0.07,3.84,7.3,0.45,5.0,1.8,0.05,47.1,,10,2,1
2025-12-10 00:00:00,500.0,3.65,52.7,11.0,110.0,7.0,0.07,3.84,7.3,0.45,5.0,1.8,0.05,47.2,,10,2,1
2025-12-10 00:00:00,1100.0,3.43,52.7,14.0,124.0,7.0,0.04,3.81,7.3,0.46,5.0,1.0,0.05,47.0,,10,2,1
2025-12-10 00:00:00,100.0,3.61,52.6,11.0,110.0,7.0,0.07,3.84,7.3,0.45,5.0,1.8,0.05,47.2,,10,2,1
2025-12-11 00:00:00,1500.0,6.18,52.0,30.0,291.0,7.0,0.03,3.83,7.3,0.41,5.0,1.3,0.06,47.3,,11,2,1
2025-12-11 00:00:00,700.0,6.01,52.3,30.0,300.0,7.0,0.04,3.83,7.3,0.39,5.0,1.6,0.06,47.0,,11,2,1
2025-12-11 00:00:00,900.0,6.05,52.3,28.0,280.0,7.0,0.04,3.83,7.3,0.39,5.0,1.6,0.06,47.1,,11,2,1
2025-12-11 00:00:00,1100.0,6.15,52.2,32.0,310.0,7.0,0.04,3.83,7.3,0.39,5.0,1.5,0.06,47.3,,11,2,1
2025-12-11 00:00:00,1300.0,6.19,51.6,34.0,335.0,7.0,0.03,3.83,7.3,0.41,5.0,1.4,0.06,47.4,,11,2,1
2025-12-11 00:00:00,1700.0,6.31,52.1,28.0,272.0,7.0,0.03,3.8,7.3,0.41,5.0,1.7,0.06,47.2,,11,2,1
2025-12-11 00:00:00,2300.0,6.68,52.1,17.0,168.0,7.0,0.04,3.79,7.3,0.41,5.0,1.8,0.06,47.2,,11,2,1
2025-12-11 00:00:00,2100.0,6.45,52.2,31.0,304.0,7.0,0.03,3.64,7.3,0.41,5.0,1.7,0.06,47.2,,11,2,1
2025-12-11 00:00:00,100.0,7.61,52.2,19.0,176.0,7.0,0.04,3.82,7.3,0.41,5.0,1.8,0.06,47.3,,11,2,1
2025-12-11 00:00:00,300.0,7.83,52.3,24.0,190.0,7.0,0.04,3.82,7.3,0.41,5.0,1.7,0.06,47.3,,11,2,1
2025-12-11 00:00:00,500.0,7.9,52.1,26.0,214.0,7.0,0.04,3.82,7.3,0.41,5.0,1.8,0.06,47.2,,11,2,1
2025-12-11 00:00:00,1900.0,6.34,52.2,28.0,272.0,7.0,0.03,3.83,7.3,0.41,5.0,1.7,0.06,47.3,,11,2,1
2025-12-12 00:00:00,500.0,5.26,48.6,63.0,630.0,7.0,0.03,3.84,7.3,0.22,5.0,3.2,0.05,44.8,,12,2,1
2025-12-12 00:00:00,300.0,5.26,49.6,55.0,550.0,7.0,0.03,3.84,7.3,0.22,5.0,3.2,0.05,44.8,,12,2,1
2025-12-12 00:00:00,100.0,5.13,49.5,50.0,500.0,7.0,0.03,3.82,7.3,0.23,5.0,3.2,0.05,44.6,,12,2,1
2025-12-12 00:00:00,2300.0,5.13,50.1,39.0,390.0,7.0,0.03,3.84,7.3,0.23,5.0,3.4,0.05,44.8,"B/W No.1,3",12,2,1
2025-12-12 00:00:00,2100.0,5.04,47.1,39.0,346.0,7.0,0.03,3.84,7.3,0.21,5.0,2.44,0.05,44.7,,12,2,1
2025-12-12 00:00:00,1900.0,4.99,47.5,37.0,330.0,7.0,0.03,3.84,7.3,0.21,5.0,1.64,0.05,44.7,,12,2,1
2025-12-12 00:00:00,1500.0,4.89,47.4,33.0,306.0,7.0,0.03,3.79,7.3,0.2,5.0,1.5654351057547515,0.05,44.7,,12,2,1
2025-12-12 00:00:00,1300.0,4.9,47.1,29.0,297.0,7.0,0.03,3.76,7.3,0.19,5.0,1.534519982200138,0.05,44.9,,12,2,1
2025-12-12 00:00:00,1100.0,4.91,47.1,32.0,310.0,7.0,0.03,3.78,7.3,0.18,5.0,1.534519982200138,0.05,45.0,,12,2,1
2025-12-12 00:00:00,900.0,5.0,47.5,38.0,341.0,7.0,0.04,3.8,7.3,0.18,5.0,1.5091221624859057,0.05,45.0,,12,2,1
2025-12-12 00:00:00,700.0,5.04,47.5,36.0,314.0,7.0,0.04,3.8,7.3,0.18,5.0,1.5375772937996561,0.05,44.9,B/W No.2,12,2,1
2025-12-12 00:00:00,1700.0,4.92,47.3,33.0,306.0,7.0,0.03,3.84,7.3,0.21,5.0,1.791489222198532,0.05,44.6,,12,2,1
2025-12-13 00:00:00,2100.0,5.22,49.8,59.0,540.0,7.0,0.04,3.83,7.3,0.27,5.0,1.0,0.05,44.9,,12,2,1
2025-12-13 00:00:00,500.0,5.33,49.6,50.0,500.0,7.0,0.03,3.83,7.3,0.28,5.0,1.1,0.05,44.7,,12,2,1
2025-12-13 00:00:00,300.0,5.27,49.8,54.0,540.0,7.0,0.04,3.83,7.3,0.27,5.0,1.1,0.05,44.7,,12,2,1
2025-12-13 00:00:00,100.0,5.2,49.7,51.0,510.0,7.0,0.04,3.83,7.3,0.27,5.0,1.1,0.05,44.6,,12,2,1
2025-12-13 00:00:00,2300.0,5.22,49.8,54.0,540.0,7.0,0.04,3.83,7.3,0.27,5.0,1.1,0.05,44.7,,12,2,1
2025-12-13 00:00:00,1900.0,5.2,49.8,61.0,590.0,7.0,0.04,3.78,7.3,0.27,5.0,1.0,0.05,44.7,,12,2,1
2025-12-13 00:00:00,1100.0,5.1,49.7,65.0,614.0,7.0,0.03,3.84,7.3,0.23,5.0,1.9,0.05,44.7,,12,2,1
2025-12-13 00:00:00,1500.0,5.14,49.8,62.0,590.0,7.0,0.04,3.75,7.3,0.26,5.0,0.47,0.05,45.0,B/W Noi.5/6,12,2,1
2025-12-13 00:00:00,1300.0,5.04,49.3,62.0,596.0,7.0,0.03,3.84,7.3,0.25,5.0,1.9,0.05,44.6,,12,2,1
2025-12-13 00:00:00,1700.0,5.19,49.5,61.0,590.0,7.0,0.05,3.68,7.3,0.27,5.0,1.4,0.05,44.8,,12,2,1
2025-12-13 00:00:00,900.0,5.19,49.5,70.0,698.0,7.0,0.03,3.84,7.3,0.23,5.0,1.9,0.05,44.6,,12,2,1
2025-12-13 00:00:00,700.0,5.24,49.6,74.0,712.0,7.0,0.03,3.84,7.3,0.23,5.0,2.0,0.05,44.6,,12,2,1
2025-12-14 00:00:00,500.0,7.55,50.0,456.0,4056.0,7.0,6.5,3.84,7.3,0.75,5.0,1.2,0.05,44.4,,12,2,1
2025-12-14 00:00:00,300.0,7.27,49.8,380.0,3080.0,7.0,5.1,3.84,7.3,0.51,5.0,1.2,0.05,44.4,,12,2,1
2025-12-14 00:00:00,100.0,6.98,49.6,250.0,2050.0,7.0,0.03,3.84,7.3,0.34,5.0,1.2,0.05,44.2,,12,2,1
2025-12-14 00:00:00,2300.0,6.02,49.3,197.0,1097.0,7.0,0.03,3.83,7.3,0.32,5.0,1.2,0.05,44.3,,12,2,1
2025-12-14 00:00:00,2100.0,5.34,48.7,170.0,1024.0,7.0,0.03,3.83,7.3,0.32,5.0,1.4,0.05,44.4,,12,2,1
2025-12-14 00:00:00,1900.0,5.25,48.6,152.0,967.0,7.0,0.03,3.83,7.3,0.32,5.0,1.4,0.05,44.5,,12,2,1
2025-12-14 00:00:00,1300.0,5.09,48.4,134.0,880.0,7.0,0.03,3.82,7.3,0.31,5.0,1.2,0.05,44.7,,12,2,1
2025-12-14 00:00:00,1500.0,5.17,48.7,147.0,894.0,7.0,0.03,3.8,7.3,0.31,5.0,1.2,0.05,44.5,B/W No.2,12,2,1
2025-12-14 00:00:00,1700.0,5.26,48.5,148.0,896.0,7.0,0.03,3.81,7.3,0.32,5.0,1.3,0.05,44.7,,12,2,1
2025-12-14 00:00:00,1100.0,5.15,48.5,133.0,874.0,7.0,0.03,3.82,7.3,0.29,5.0,1.2,0.05,44.7,,12,2,1
2025-12-14 00:00:00,900.0,5.27,48.5,120.0,842.0,7.0,0.03,3.82,7.3,0.28,5.0,1.4,0.05,44.6,,12,2,1
2025-12-14 00:00:00,700.0,5.3,48.5,106.0,784.0,7.0,0.03,3.82,7.3,0.28,5.0,1.4,0.05,44.4,B/W No.4,12,2,1
2025-12-15 00:00:00,500.0,7.3,48.0,221.0,1210.0,7.0,0.04,3.78,7.3,0.35,5.0,1.3,0.05,45.6,,12,2,1
2025-12-15 00:00:00,300.0,7.15,48.0,226.0,1232.0,7.0,0.04,3.78,7.3,0.35,5.0,1.3,0.05,45.6,,12,2,1
2025-12-15 00:00:00,100.0,7.1,48.1,232.0,1247.0,7.0,0.04,3.78,7.3,0.35,5.0,1.3,0.05,45.6,,12,2,1
2025-12-15 00:00:00,2300.0,7.27,48.2,242.0,1272.0,7.0,0.04,3.76,7.3,0.35,5.0,1.3,0.05,45.6,,12,2,1
2025-12-15 00:00:00,2100.0,7.33,48.2,244.0,1310.0,7.0,0.04,3.877,7.3,0.35,5.0,1.4,0.05,45.6,,12,2,1
2025-12-15 00:00:00,1900.0,7.43,48.2,225.0,1250.0,7.0,0.04,3.72,7.3,0.35,5.0,1.2,0.05,45.6,,12,2,1
2025-12-15 00:00:00,1700.0,7.48,48.4,210.0,1220.0,7.0,0.04,3.67,7.3,0.35,5.0,1.2,0.05,45.6,,12,2,1
2025-12-15 00:00:00,1500.0,7.58,48.8,198.0,1098.0,7.0,0.06,3.51,7.3,0.45,5.0,1.4,0.05,45.0,B/W No.1,12,2,1
2025-12-15 00:00:00,1300.0,7.75,48.7,283.0,2310.0,7.0,0.04,3.55,7.3,0.83,5.0,1.2,0.05,45.9,,12,2,1
2025-12-15 00:00:00,1100.0,7.76,48.6,310.0,2840.0,7.0,0.08,3.77,7.3,1.74,5.0,1.2,0.05,45.6,,12,2,1
2025-12-15 00:00:00,900.0,7.74,48.5,314.0,3104.0,7.0,0.61,3.83,7.3,0.96,5.0,1.3,0.05,45.7,,12,2,1
2025-12-15 00:00:00,700.0,7.71,48.6,391.0,3942.0,7.0,4.5,3.81,7.3,0.84,5.0,1.2,0.05,44.5,"B/W No.3,4",12,2,1
2025-12-16 00:00:00,500.0,6.4,46.2,84.0,472.0,7.0,0.06,3.7,7.3,0.53,5.0,1.4,0.05,44.6,,12,2,1
2025-12-16 00:00:00,300.0,6.48,46.4,86.0,484.0,7.0,0.06,3.7,7.3,0.5,5.0,1.4,0.05,44.4,,12,2,1
2025-12-16 00:00:00,100.0,6.7,46.6,89.0,508.0,7.0,0.06,3.7,7.3,0.42,5.0,1.4,0.05,44.5,,12,2,1
2025-12-16 00:00:00,2300.0,6.8,46.8,91.0,521.0,7.0,0.06,3.76,7.3,0.39,5.0,1.4,0.05,44.5,,12,2,1
2025-12-16 00:00:00,2100.0,6.88,46.9,87.0,493.0,7.0,0.06,3.77,7.3,0.39,5.0,1.3,0.05,44.5,,12,2,1
2025-12-16 00:00:00,1900.0,6.97,46.7,95.0,575.0,7.0,0.04,3.7,7.3,0.38,5.0,1.3,0.05,44.5,,12,2,1
2025-12-16 00:00:00,1500.0,7.24,47.2,194.0,1094.0,7.0,0.04,3.65,7.3,0.38,5.0,1.0,0.05,44.4,,12,2,1
2025-12-16 00:00:00,1300.0,7.24,47.8,205.0,1104.0,7.0,0.04,3.61,7.3,0.38,5.0,1.2,0.05,44.4,,12,2,1
2025-12-16 00:00:00,1100.0,7.42,47.9,250.0,1286.0,7.0,0.04,3.65,7.3,0.36,5.0,1.0,0.05,44.6,B/W No.3,12,2,1
2025-12-16 00:00:00,900.0,7.31,48.3,232.0,1250.0,7.0,0.1,3.64,7.3,0.35,5.0,1.4,0.05,44.6,,12,2,1
2025-12-16 00:00:00,700.0,7.28,48.2,226.0,1236.0,7.0,0.09,3.55,7.3,0.35,5.0,1.4,0.05,44.4,B/W fil No.2,12,2,1
2025-12-16 00:00:00,1700.0,7.06,47.0,134.0,794.0,7.0,0.04,3.65,7.3,0.38,5.0,1.3,0.05,44.3,,12,2,1
2025-12-17 00:00:00,500.0,6.98,46.5,241.0,754.0,7.0,2.17,3.26,7.3,1.66,5.0,1.0,0.05,44.1,No.5&3,12,2,1
2025-12-17 00:00:00,300.0,6.81,46.5,237.0,741.0,7.0,2.41,3.68,7.3,1.21,5.0,1.0,0.05,44.1,,12,2,1
2025-12-17 00:00:00,100.0,6.61,46.5,234.0,734.0,7.0,2.31,3.68,7.3,0.98,5.0,1.0,0.05,44.1,,12,2,1
2025-12-17 00:00:00,2300.0,6.61,46.7,224.0,674.0,7.0,1.7,3.76,7.3,0.78,5.0,1.3,0.05,44.1,No.2,12,2,1
2025-12-17 00:00:00,2100.0,6.62,46.5,228.0,680.0,7.0,0.55,3.73,7.3,0.68,5.0,1.1,0.05,44.1,,12,2,1
2025-12-17 00:00:00,1900.0,6.59,47.7,235.0,725.0,7.0,0.47,3.71,7.3,0.75,5.0,1.2,0.05,44.1,,12,2,1
2025-12-17 00:00:00,700.0,6.42,46.4,83.0,451.0,7.0,0.43,3.76,7.3,0.56,5.0,1.5,0.05,44.4,,12,2,1
2025-12-17 00:00:00,1500.0,6.59,47.9,104.0,585.0,7.0,1.75,3.8,7.3,0.76,5.0,1.0,0.05,44.4,"B/W No.1,4,6",12,2,1
2025-12-17 00:00:00,1300.0,6.62,46.7,84.0,468.0,7.0,0.48,3.83,7.3,0.64,5.0,1.5,0.05,44.4,,12,2,1
2025-12-17 00:00:00,1100.0,6.68,46.2,81.0,434.0,7.0,0.47,3.83,7.3,0.66,5.0,1.5,0.05,44.5,,12,2,1
2025-12-17 00:00:00,900.0,6.53,46.5,80.0,430.0,7.0,0.63,3.76,7.3,0.54,5.0,1.6,0.05,44.6,,12,2,1
2025-12-17 00:00:00,1700.0,6.43,47.3,243.0,763.0,7.0,0.8,3.52,7.3,1.06,5.0,1.1,0.05,43.9,,12,2,1
2025-12-18 00:00:00,500.0,5.68,47.3,216.0,542.0,7.0,1.18,3.78,7.3,1.11,5.0,1.0,0.05,44.0,,12,2,1
2025-12-18 00:00:00,300.0,5.73,47.4,217.0,551.0,7.0,0.95,3.78,7.3,1.08,5.0,1.0,0.05,44.2,,12,2,1
2025-12-18 00:00:00,100.0,5.79,47.5,220.0,564.0,7.0,0.94,3.78,7.3,1.02,5.0,1.0,0.05,44.2,,12,2,1
2025-12-18 00:00:00,2300.0,5.99,47.5,222.0,574.0,7.0,0.93,3.8,7.3,1.01,5.0,1.0,0.05,44.1,,12,2,1
2025-12-18 00:00:00,2100.0,6.02,51.4,233.0,617.0,7.0,2.49,3.64,7.3,1.72,5.0,1.0,0.05,46.4,,12,2,1
2025-12-18 00:00:00,1900.0,6.05,46.2,231.0,617.0,7.0,2.34,3.74,7.3,1.72,5.0,1.0,0.05,44.2,B/W No.6,12,2,1
2025-12-18 00:00:00,1500.0,6.4,46.5,238.0,630.0,7.0,2.66,3.67,7.3,1.52,5.0,1.0,0.05,44.0,,12,2,1
2025-12-18 00:00:00,1300.0,6.62,46.4,240.0,684.0,7.0,2.04,3.63,7.3,1.66,5.0,1.0,0.05,44.3,,12,2,1
2025-12-18 00:00:00,1100.0,6.68,46.5,253.0,710.0,7.0,2.02,3.52,7.3,1.69,5.0,1.0,0.05,44.4,,12,2,1
2025-12-18 00:00:00,900.0,6.73,46.3,262.0,780.0,7.0,2.22,3.45,7.3,2.13,5.0,1.2,0.05,44.1,,12,2,1
2025-12-18 00:00:00,700.0,6.94,46.5,270.0,784.0,7.0,1.99,3.36,7.3,2.13,5.0,1.0,0.05,44.2,,12,2,1
2025-12-18 00:00:00,1700.0,6.21,46.1,235.0,630.0,7.0,2.21,3.72,7.3,1.76,5.0,1.0,0.05,44.2,,12,2,1
2025-12-19 00:00:00,500.0,5.27,47.0,189.0,510.0,7.0,0.79,3.68,7.3,0.7,5.0,1.0,0.05,44.0,,12,2,1
2025-12-19 00:00:00,300.0,5.3,47.0,189.0,510.0,7.0,0.79,3.68,7.3,0.7,5.0,1.0,0.05,44.0,,12,2,1
2025-12-19 00:00:00,100.0,5.33,47.0,190.0,514.0,7.0,0.78,3.68,7.3,0.7,5.0,1.0,0.05,44.0,,12,2,1
2025-12-19 00:00:00,2300.0,5.39,47.0,192.0,543.0,7.0,0.76,3.64,7.3,0.71,5.0,1.0,0.05,44.0,,12,2,1
2025-12-19 00:00:00,2100.0,5.32,46.6,195.0,561.0,7.0,0.76,3.69,7.3,0.75,5.0,1.0,0.05,44.0,B/W No.3,12,2,1
2025-12-19 00:00:00,1900.0,5.26,46.5,195.0,561.0,7.0,0.55,3.65,7.3,0.85,5.0,1.0,0.05,44.0,B,12,2,1
2025-12-19 00:00:00,1700.0,5.29,46.5,194.0,561.0,7.0,0.6,3.68,7.3,0.98,5.0,1.0,0.05,43.9,B/W No.2,12,2,1
2025-12-19 00:00:00,1300.0,5.53,47.6,7.0,96.0,7.0,1.47,3.83,7.3,1.12,5.0,1.8,0.05,44.2,,12,2,1
2025-12-19 00:00:00,1100.0,5.52,47.4,7.0,96.0,7.0,1.7,3.83,7.3,1.11,5.0,1.8,0.05,44.3,,12,2,1
2025-12-19 00:00:00,900.0,5.58,47.2,210.0,536.0,7.0,1.32,3.83,7.3,1.1,5.0,1.2,0.05,44.2,,12,2,1
2025-12-19 00:00:00,700.0,5.64,47.3,216.0,542.0,7.0,1.72,3.83,7.3,1.15,5.0,1.0,0.05,44.1,,12,2,1
2025-12-19 00:00:00,1500.0,5.44,46.7,181.0,493.0,7.0,1.13,3.82,7.3,1.03,5.0,1.0,0.05,44.0,"B/W No.1,4,6",12,2,1
2025-12-20 00:00:00,500.0,6.01,48.0,176.0,528.0,7.0,0.56,3.8,7.3,0.51,5.0,1.1,0.05,43.0,,12,2,1
2025-12-20 00:00:00,300.0,5.71,47.5,164.0,516.0,7.0,0.35,3.8,7.3,0.51,5.0,1.1,0.05,43.0,,12,2,1
2025-12-20 00:00:00,100.0,4.97,47.5,157.0,498.0,7.0,0.3,3.8,7.3,0.5,5.0,1.1,0.05,43.0,,12,2,1
2025-12-20 00:00:00,2300.0,4.9,47.5,152.0,494.0,7.0,0.29,3.84,7.3,0.48,5.0,1.0,0.05,43.4,,12,2,1
2025-12-20 00:00:00,2100.0,4.75,47.5,120.0,465.0,7.0,0.36,3.84,7.3,0.48,5.0,1.0,0.05,43.4,,12,2,1
2025-12-20 00:00:00,1900.0,4.73,47.5,131.0,472.0,7.0,0.31,3.8,7.3,0.49,5.0,1.0,0.05,43.4,,12,2,1
2025-12-20 00:00:00,1500.0,4.89,46.7,147.0,500.0,7.0,0.32,3.61,7.3,0.78,5.0,1.0,0.05,43.2,,12,2,1
2025-12-20 00:00:00,1300.0,4.98,47.8,173.0,528.0,7.0,0.46,3.47,7.3,0.97,5.0,1.0,0.05,43.0,B/W No.5/6,12,2,1
2025-12-20 00:00:00,1100.0,5.04,47.6,168.0,526.0,7.0,0.52,3.8,7.3,0.67,5.0,1.0,0.05,43.2,,12,2,1
2025-12-20 00:00:00,900.0,5.18,47.2,162.0,518.0,7.0,0.68,3.83,7.3,0.68,5.0,1.2,0.05,43.7,,12,2,1
2025-12-20 00:00:00,700.0,5.2,46.8,164.0,520.0,7.0,0.75,3.8,7.3,0.76,5.0,1.2,0.05,43.8,,12,2,1
2025-12-20 00:00:00,1700.0,4.76,46.6,136.0,498.0,7.0,0.33,3.79,7.3,0.51,5.0,1.0,0.05,43.4,,12,2,1
2025-12-21 00:00:00,2100.0,6.52,48.9,216.0,680.0,7.0,0.48,3.84,7.3,0.84,5.0,1.0,0.05,43.6,,12,2,1
2025-12-21 00:00:00,500.0,7.48,47.0,377.0,778.0,7.0,1.83,3.84,7.3,1.33,5.0,1.0,0.05,43.6,,12,2,1
2025-12-21 00:00:00,300.0,7.27,48.5,284.0,724.0,7.0,0.47,3.84,7.3,1.0,5.0,1.0,0.05,43.6,,12,2,1
2025-12-21 00:00:00,100.0,7.05,48.5,254.0,678.0,7.0,0.49,3.84,7.3,0.89,5.0,1.0,0.05,43.6,,12,2,1
2025-12-21 00:00:00,2300.0,6.6,48.5,209.0,641.0,7.0,0.48,3.81,7.3,0.83,5.0,1.0,0.05,43.6,,12,2,1
2025-12-21 00:00:00,1900.0,6.51,48.5,215.0,685.0,7.0,0.46,3.8,7.3,1.05,5.0,1.0,0.05,43.7,,12,2,1
2025-12-21 00:00:00,700.0,6.12,47.6,184.0,546.0,7.0,0.68,3.84,7.3,0.53,5.0,1.5,0.05,43.1,,12,2,1
2025-12-21 00:00:00,1500.0,6.54,48.4,215.0,685.0,7.0,2.44,3.84,7.3,0.83,5.0,1.0,0.05,43.5,,12,2,1
2025-12-21 00:00:00,1300.0,6.52,47.5,210.0,654.0,7.0,1.24,3.84,7.3,0.74,5.0,1.7,0.05,43.0,,12,2,1
2025-12-21 00:00:00,1100.0,6.52,47.3,216.0,686.0,7.0,1.22,3.84,7.3,0.68,5.0,1.6,0.05,43.2,,12,2,1
2025-12-21 00:00:00,900.0,6.28,47.5,216.0,686.0,7.0,0.81,3.84,7.3,0.55,5.0,1.5,0.05,43.0,,12,2,1
2025-12-21 00:00:00,1700.0,6.52,48.6,209.0,663.0,7.0,0.33,3.84,7.3,1.15,5.0,1.0,0.05,43.6,,12,2,1
2025-12-22 00:00:00,2100.0,7.23,46.5,194.0,708.0,7.0,0.42,3.82,7.3,0.52,5.0,1.0,0.05,43.7,,12,2,1
2025-12-22 00:00:00,500.0,7.12,46.5,210.0,724.0,7.0,0.36,3.56,7.3,0.46,5.0,1.2,0.05,43.6,,12,2,1
2025-12-22 00:00:00,300.0,7.15,46.5,209.0,712.0,7.0,0.36,3.82,7.3,0.46,5.0,1.2,0.05,43.6,,12,2,1
2025-12-22 00:00:00,100.0,7.18,46.6,209.0,712.0,7.0,0.36,3.82,7.3,0.5,5.0,1.1,0.05,43.7,,12,2,1
2025-12-22 00:00:00,2300.0,7.2,46.5,209.0,712.0,7.0,0.39,3.81,7.3,0.52,5.0,1.0,0.05,43.7,,12,2,1
2025-12-22 00:00:00,1900.0,7.27,46.5,184.0,675.0,7.0,0.49,3.82,7.3,0.52,5.0,1.0,0.05,43.7,,12,2,1
2025-12-22 00:00:00,1700.0,7.5,46.6,144.0,685.0,7.0,0.44,3.82,7.3,0.64,5.0,1.0,0.05,43.7,,12,2,1
2025-12-22 00:00:00,1500.0,7.54,46.5,178.0,700.0,7.0,0.43,3.76,7.3,0.76,5.0,1.0,0.05,43.7,,12,2,1
2025-12-22 00:00:00,1300.0,7.69,46.6,203.0,725.0,7.0,0.2,3.71,7.3,0.63,5.0,1.0,0.05,43.9,,12,2,1
2025-12-22 00:00:00,1100.0,7.73,46.7,234.0,732.0,7.0,0.25,3.66,7.3,0.83,5.0,1.0,0.05,43.7,,12,2,1
2025-12-22 00:00:00,900.0,7.7,46.3,310.0,763.0,7.0,0.5,3.66,7.3,1.24,5.0,1.0,0.05,43.4,,12,2,1
2025-12-22 00:00:00,700.0,7.68,46.5,347.0,770.0,7.0,0.52,3.46,7.3,1.45,5.0,1.0,0.05,43.6,,12,2,1
2025-12-23 00:00:00,300.0,6.95,48.5,212.0,767.0,7.0,0.04,3.84,7.3,0.36,5.0,1.1,0.05,43.7,,12,2,1
2025-12-23 00:00:00,100.0,6.96,47.4,221.0,786.0,7.0,0.04,3.87,7.3,0.82,5.0,1.2,0.05,44.3,,12,2,1
2025-12-23 00:00:00,2300.0,,47.4,235.0,804.0,7.0,0.04,3.84,7.3,0.34,5.0,1.0,0.05,44.3,,12,2,1
2025-12-23 00:00:00,2100.0,6.58,47.0,228.0,784.0,7.0,0.04,3.84,7.3,0.34,5.0,1.2,0.05,43.4,,12,2,1
2025-12-23 00:00:00,1900.0,6.55,47.0,214.0,770.0,7.0,0.04,3.84,7.3,0.34,5.0,1.2,0.05,43.7,,12,2,1
2025-12-23 00:00:00,500.0,6.9,48.0,204.0,740.0,7.0,0.04,3.84,7.3,0.36,5.0,1.1,0.05,43.7,,12,2,1
2025-12-23 00:00:00,1500.0,6.75,47.2,205.0,742.0,7.0,0.04,3.59,7.3,0.36,5.0,1.0,0.05,43.4,,12,2,1
2025-12-23 00:00:00,1300.0,6.93,47.1,211.0,755.0,7.0,0.03,3.71,7.3,0.4,5.0,1.3,0.05,43.3,,12,2,1
2025-12-23 00:00:00,1100.0,7.64,47.3,218.0,761.0,7.0,0.1,3.65,7.3,0.45,5.0,1.3,0.05,43.4,,12,2,1
2025-12-23 00:00:00,900.0,7.6,47.0,220.0,765.0,7.0,0.18,3.71,7.3,0.49,5.0,1.3,0.05,43.7,,12,2,1
2025-12-23 00:00:00,700.0,7.05,47.2,226.0,770.0,7.0,0.2,3.66,7.3,0.5,5.0,1.3,0.05,43.6,,12,2,1
2025-12-23 00:00:00,1700.0,6.58,47.0,208.0,750.0,7.0,0.04,3.66,7.3,0.35,5.0,1.2,0.05,43.4,,12,2,1
2025-12-24 00:00:00,500.0,7.13,51.8,209.0,721.0,7.0,0.05,3.82,7.3,0.36,5.0,1.0,0.05,45.7,,12,2,1
2025-12-24 00:00:00,300.0,6.69,50.7,197.0,701.0,7.0,0.05,3.82,7.3,0.36,5.0,1.1,0.05,45.8,,12,2,1
2025-12-24 00:00:00,100.0,6.36,50.4,184.0,674.0,7.0,0.05,3.82,7.3,0.36,5.0,1.1,0.05,45.7,,12,2,1
2025-12-24 00:00:00,2300.0,6.15,48.7,164.0,641.0,7.0,0.05,3.82,7.3,0.36,5.0,1.1,0.05,45.7,,12,2,1
2025-12-24 00:00:00,2100.0,6.15,48.7,154.0,604.0,7.0,0.05,3.82,7.3,0.36,5.0,1.1,0.05,45.4,,12,2,1
2025-12-24 00:00:00,1900.0,6.18,48.8,149.0,591.0,7.0,0.05,3.86,7.3,0.35,5.0,1.0,0.05,45.1,,12,2,1
2025-12-24 00:00:00,1700.0,6.27,49.0,171.0,635.0,7.0,0.04,3.75,7.3,0.35,5.0,1.0,0.05,45.0,,12,2,1
2025-12-24 00:00:00,1300.0,6.57,48.6,153.0,604.0,7.0,0.05,3.86,7.3,0.35,5.0,1.0,0.05,44.6,,12,2,1
2025-12-24 00:00:00,1100.0,6.66,47.0,166.0,630.0,7.0,0.05,3.84,7.3,0.36,5.0,1.0,0.05,45.0,,12,2,1
2025-12-24 00:00:00,900.0,6.7,47.3,187.0,645.0,7.0,0.04,3.84,7.3,0.36,5.0,1.2,0.05,44.0,,12,2,1
2025-12-24 00:00:00,700.0,6.88,47.8,195.0,700.0,7.0,0.04,3.84,7.3,0.37,5.0,1.2,0.05,44.0,,12,2,1
2025-12-24 00:00:00,1500.0,6.31,48.5,146.0,570.0,7.0,0.05,3.84,7.3,0.35,5.0,1.0,0.05,45.0,,12,2,1
2025-12-25 00:00:00,2100.0,6.78,50.2,142.0,494.0,7.0,0.05,3.84,7.3,0.35,5.0,1.0,0.05,45.7,,12,2,1
2025-12-25 00:00:00,300.0,6.63,49.5,138.0,430.0,7.0,0.05,3.84,7.3,0.33,5.0,1.3,0.05,46.0,,12,2,1
2025-12-25 00:00:00,500.0,6.78,49.2,133.0,404.0,7.0,0.05,3.36,7.3,0.33,5.0,1.3,0.05,46.0,,12,2,1
2025-12-25 00:00:00,2300.0,6.7,50.1,146.0,502.0,7.0,0.05,3.84,7.3,0.35,5.0,1.0,0.05,45.7,,12,2,1
2025-12-25 00:00:00,1900.0,6.87,50.1,140.0,484.0,7.0,0.05,3.84,7.3,0.35,5.0,1.0,0.05,45.7,,12,2,1
2025-12-25 00:00:00,100.0,6.87,49.7,140.0,434.0,7.0,0.05,3.84,7.3,0.33,5.0,1.2,0.05,46.0,,12,2,1
2025-12-25 00:00:00,1500.0,7.1,50.2,156.0,604.0,7.0,0.06,3.83,7.3,0.36,5.0,1.0,0.05,45.9,,12,2,1
2025-12-25 00:00:00,1300.0,7.16,50.6,184.0,674.0,7.0,0.05,3.83,7.3,0.36,5.0,1.0,0.05,45.8,,12,2,1
2025-12-25 00:00:00,1100.0,7.2,50.5,211.0,720.0,7.0,0.05,3.84,7.3,0.35,5.0,1.0,0.05,45.8,,12,2,1
2025-12-25 00:00:00,900.0,7.24,50.5,211.0,720.0,7.0,0.07,3.84,7.3,0.35,5.0,1.0,0.05,45.7,,12,2,1
2025-12-25 00:00:00,700.0,7.2,50.7,240.0,750.0,7.0,0.07,3.84,7.3,0.36,5.0,1.0,0.05,45.7,,12,2,1
2025-12-25 00:00:00,1700.0,6.96,50.0,135.0,474.0,7.0,0.05,3.74,7.3,0.36,5.0,1.0,0.05,45.7,,12,2,1
2025-12-26 00:00:00,300.0,6.86,49.6,129.0,372.0,7.0,0.39,3.82,7.3,0.6,5.0,1.2,0.05,46.0,,12,2,1
2025-12-26 00:00:00,100.0,6.86,49.6,130.0,391.0,7.0,0.42,3.82,7.3,0.74,5.0,1.2,0.05,46.0,,12,2,1
2025-12-26 00:00:00,2300.0,6.87,49.5,130.0,391.0,7.0,0.6,3.82,7.3,0.86,5.0,1.2,0.05,46.1,,12,2,1
2025-12-26 00:00:00,2100.0,6.89,49.5,139.0,418.0,7.0,0.63,3.82,7.3,0.87,5.0,1.2,0.05,46.1,,12,2,1
2025-12-26 00:00:00,1900.0,6.98,49.5,138.0,407.0,7.0,0.68,3.82,7.3,1.04,5.0,1.2,0.05,46.0,,12,2,1
2025-12-26 00:00:00,500.0,6.86,49.6,128.0,372.0,7.0,0.28,3.3,7.3,0.46,5.0,1.2,0.05,46.0,,12,2,1
2025-12-26 00:00:00,1500.0,7.02,49.0,142.0,494.0,7.0,2.21,3.75,7.3,0.69,5.0,1.0,0.05,45.9,,12,2,1
2025-12-26 00:00:00,1300.0,7.03,49.0,142.0,494.0,7.0,0.05,3.7,7.3,0.6,5.0,1.0,0.05,45.9,,12,2,1
2025-12-26 00:00:00,1100.0,6.98,48.7,135.0,404.0,7.0,0.03,3.66,7.3,0.35,5.0,1.2,0.05,46.1,,12,2,1
2025-12-26 00:00:00,900.0,6.87,48.8,134.0,404.0,7.0,0.04,3.56,7.3,0.34,5.0,1.5,0.05,45.7,,12,2,1
2025-12-26 00:00:00,700.0,6.8,48.8,133.0,404.0,7.0,0.04,3.46,7.3,0.34,5.0,1.5,0.05,45.7,,12,2,1
2025-12-26 00:00:00,1700.0,7.02,49.5,153.0,600.0,7.0,0.58,3.83,7.3,1.51,5.0,1.8,0.05,46.1,,12,2,1
2025-12-27 00:00:00,500.0,6.61,49.0,141.0,428.0,7.0,0.22,3.74,7.3,0.26,5.0,1.2,0.05,46.1,,12,2,1
2025-12-27 00:00:00,300.0,6.58,49.0,139.0,414.0,7.0,0.2,3.7,7.3,0.26,5.0,1.2,0.05,46.1,,12,2,1
2025-12-27 00:00:00,100.0,6.85,49.0,137.0,407.0,7.0,0.18,3.64,7.3,0.26,5.0,1.2,0.05,46.2,,12,2,1
2025-12-27 00:00:00,2300.0,6.57,49.0,132.0,392.0,7.0,0.15,3.54,7.3,0.2,5.0,1.4,0.05,46.0,,12,2,1
2025-12-27 00:00:00,2100.0,6.66,49.1,137.0,424.0,7.0,0.15,3.52,7.3,0.2,5.0,1.4,0.05,46.0,,12,2,1
2025-12-27 00:00:00,1900.0,6.63,49.2,140.0,474.0,7.0,0.1,3.5,7.3,0.2,5.0,1.4,0.05,46.0,,12,2,1
2025-12-27 00:00:00,1700.0,6.66,49.0,145.0,500.0,7.0,0.09,3.42,7.3,0.43,5.0,1.6,0.05,46.0,,12,2,1
2025-12-27 00:00:00,1300.0,6.82,49.3,138.0,407.0,7.0,0.22,3.79,7.3,0.33,5.0,1.0,0.05,46.0,,12,2,1
2025-12-27 00:00:00,1100.0,6.46,49.3,154.0,600.0,7.0,0.19,3.76,7.3,0.31,5.0,1.2,0.05,45.9,,12,2,1
2025-12-27 00:00:00,900.0,6.86,49.5,131.0,391.0,7.0,0.18,3.58,7.3,0.4,5.0,1.3,0.05,45.6,,12,2,1
2025-12-27 00:00:00,700.0,6.86,49.7,132.0,391.0,7.0,0.17,3.4,7.3,0.4,5.0,1.3,0.05,45.6,,12,2,1
2025-12-27 00:00:00,1500.0,6.79,49.5,138.0,407.0,7.0,0.29,3.83,7.3,0.36,5.0,1.0,0.05,46.0,,12,2,1
2025-12-28 00:00:00,2100.0,6.09,50.3,154.0,600.0,7.0,0.22,3.2,7.3,0.41,5.0,1.0,0.05,47.0,,12,2,1
2025-12-28 00:00:00,300.0,6.86,50.5,157.0,614.0,7.0,0.3,3.84,7.3,0.39,5.0,1.0,0.05,46.5,,12,2,1
2025-12-28 00:00:00,100.0,6.82,50.5,155.0,605.0,7.0,0.3,3.42,7.3,0.39,5.0,1.0,0.05,46.2,,12,2,1
2025-12-28 00:00:00,500.0,7.01,50.5,160.0,624.0,7.0,0.3,3.36,7.3,0.39,5.0,1.0,0.05,46.5,,12,2,1
2025-12-28 00:00:00,1900.0,6.11,50.4,158.0,611.0,7.0,0.2,3.3,7.3,0.4,5.0,1.0,0.05,46.5,,12,2,1
2025-12-28 00:00:00,2300.0,6.05,50.1,153.0,591.0,7.0,0.28,3.24,7.3,0.41,5.0,1.0,0.05,45.7,,12,2,1
2025-12-28 00:00:00,1500.0,5.98,48.5,150.0,595.0,7.0,0.28,3.59,7.3,0.32,5.0,1.0,0.05,45.7,,12,2,1
2025-12-28 00:00:00,1300.0,6.24,48.0,150.0,595.0,7.0,0.28,3.45,7.3,0.32,5.0,1.0,0.05,45.7,,12,2,1
2025-12-28 00:00:00,1100.0,6.34,47.9,154.0,600.0,7.0,0.3,3.74,7.3,0.32,5.0,1.0,0.05,45.4,,12,2,1
2025-12-28 00:00:00,900.0,6.48,47.9,154.0,600.0,7.0,0.3,3.79,7.3,0.32,5.0,1.1,0.05,45.9,,12,2,1
2025-12-28 00:00:00,700.0,6.58,47.9,148.0,591.0,7.0,0.3,3.74,7.3,0.36,5.0,1.2,0.05,45.9,,12,2,1
2025-12-28 00:00:00,1700.0,6.18,48.5,150.0,598.0,7.0,0.15,3.5,7.3,0.32,5.0,1.2,0.05,45.6,,12,2,1
2025-12-29 00:00:00,500.0,6.44,48.5,161.0,617.0,7.0,0.43,3.68,7.3,0.5,5.0,1.2,0.05,46.1,,12,2,1
2025-12-29 00:00:00,300.0,6.47,48.5,172.0,674.0,7.0,0.51,3.67,7.3,0.55,5.0,1.1,0.05,46.1,,12,2,1
2025-12-29 00:00:00,100.0,6.49,49.0,178.0,661.0,7.0,0.64,3.65,7.3,0.64,5.0,1.0,0.05,46.1,,12,2,1
2025-12-29 00:00:00,2300.0,6.8,49.5,170.0,655.0,7.0,0.87,3.64,7.3,0.7,5.0,1.0,0.05,46.2,,12,2,1
2025-12-29 00:00:00,2100.0,6.96,49.5,167.0,624.0,7.0,0.8,3.62,7.3,0.66,5.0,1.0,0.05,46.2,,12,2,1
2025-12-29 00:00:00,1900.0,6.9,49.3,160.0,615.0,7.0,0.7,3.6,7.3,0.6,5.0,1.0,0.05,46.2,,12,2,1
2025-12-29 00:00:00,1700.0,7.0,49.3,155.0,605.0,7.0,0.69,3.57,7.3,0.6,5.0,1.0,0.05,46.3,,12,2,1
2025-12-29 00:00:00,1500.0,7.1,49.5,163.0,624.0,7.0,0.63,3.77,7.3,0.63,5.0,1.0,0.05,46.6,,12,2,1
2025-12-29 00:00:00,1300.0,7.1,49.5,163.0,624.0,7.0,0.74,3.77,7.3,0.6,5.0,1.0,0.05,46.5,,12,2,1
2025-12-29 00:00:00,1100.0,7.19,49.6,163.0,624.0,7.0,0.63,3.7,7.3,0.58,5.0,1.0,0.05,46.8,,12,2,1
2025-12-29 00:00:00,900.0,7.19,49.4,182.0,650.0,7.0,0.33,3.63,7.3,0.56,5.0,1.0,0.05,46.9,,12,2,1
2025-12-29 00:00:00,700.0,7.05,49.4,179.0,650.0,7.0,0.25,3.47,7.3,0.71,5.0,1.1,0.05,46.4,,12,2,1
2025-12-30 00:00:00,300.0,5.7,49.0,160.0,614.0,7.0,0.12,3.82,7.3,0.24,5.0,1.2,0.05,46.0,,12,2,1
2025-12-30 00:00:00,100.0,5.65,49.0,167.0,626.0,7.0,0.12,3.68,7.3,0.24,5.0,1.1,0.05,46.0,,12,2,1
2025-12-30 00:00:00,500.0,5.82,49.0,155.0,594.0,7.0,0.12,3.36,7.3,0.24,5.0,1.2,0.05,46.0,,12,2,1
2025-12-30 00:00:00,2300.0,5.79,49.0,170.0,657.0,7.0,0.12,3.46,7.3,0.29,5.0,1.1,0.05,46.1,,12,2,1
2025-12-30 00:00:00,2100.0,5.82,48.5,165.0,637.0,7.0,0.12,3.45,7.3,0.38,5.0,1.1,0.05,46.1,,12,2,1
2025-12-30 00:00:00,1900.0,5.87,48.5,161.0,624.0,7.0,0.12,3.44,7.3,0.4,5.0,1.1,0.05,46.1,,12,2,1
2025-12-30 00:00:00,1100.0,6.07,48.3,165.0,635.0,7.0,0.31,3.68,7.3,0.84,5.0,1.6,0.05,46.3,,12,2,1
2025-12-30 00:00:00,1500.0,5.86,48.8,164.0,635.0,7.0,0.31,3.65,7.3,0.46,5.0,1.0,0.05,46.2,,12,2,1
2025-12-30 00:00:00,1300.0,5.93,48.8,164.0,635.0,7.0,0.31,3.68,7.3,0.46,5.0,1.6,0.05,46.2,,12,2,1
2025-12-30 00:00:00,900.0,6.16,48.5,161.0,625.0,7.0,0.35,3.75,7.3,0.41,5.0,1.6,0.05,46.1,,12,2,1
2025-12-30 00:00:00,700.0,6.41,49.0,159.0,617.0,7.0,0.34,3.69,7.3,0.41,5.0,1.6,0.05,46.2,,12,2,1
2025-12-30 00:00:00,5.87,5.91,48.9,158.0,617.0,7.0,0.14,3.43,7.3,0.48,5.0,1.0,0.05,45.8,,12,2,1
2025-12-31 00:00:00,100.0,6.77,49.2,168.0,630.0,7.0,0.1,3.84,7.3,0.19,5.0,1.6,0.05,46.3,,12,2,1
2025-12-31 00:00:00,2300.0,6.75,49.3,181.0,687.0,7.0,0.09,3.84,7.3,0.2,5.0,1.6,0.05,46.3,,12,2,1
2025-12-31 00:00:00,2100.0,6.63,49.3,183.0,690.0,7.0,0.09,3.84,7.3,0.2,5.0,1.6,0.05,46.3,,12,2,1
2025-12-31 00:00:00,1900.0,6.56,49.5,186.0,694.0,7.0,0.07,3.83,7.3,0.25,5.0,1.7,0.05,46.5,,12,2,1
2025-12-31 00:00:00,1700.0,6.45,49.3,176.0,670.0,7.0,0.09,3.83,7.3,0.21,5.0,1.6,0.05,46.4,,12,2,1
2025-12-31 00:00:00,1300.0,6.16,49.7,173.0,655.0,7.0,0.09,3.77,7.3,0.28,5.0,1.5,0.05,46.8,,12,2,1
2025-12-31 00:00:00,1100.0,6.13,49.5,173.0,655.0,7.0,0.09,3.5,7.3,0.28,5.0,1.3,0.05,46.5,,12,2,1
2025-12-31 00:00:00,900.0,6.07,49.6,163.0,625.0,7.0,0.09,3.5,7.3,0.3,5.0,1.1,0.05,46.9,,12,2,1
2025-12-31 00:00:00,700.0,5.9,49.5,163.0,625.0,7.0,0.09,3.5,7.3,0.3,5.0,1.1,0.05,47.0,,12,2,1
2025-12-31 00:00:00,300.0,6.79,49.0,160.0,607.0,7.0,0.1,3.84,7.3,0.19,5.0,1.5,0.05,46.3,,12,2,1
2025-12-31 00:00:00,1500.0,6.26,49.5,173.0,655.0,7.0,0.09,3.82,7.3,0.28,5.0,1.6,0.05,46.3,,12,2,1
2025-12-31 00:00:00,500.0,6.82,49.0,158.0,584.0,7.0,0.1,3.84,7.3,0.19,5.0,1.5,0.05,46.3,,12,2,1
