消融配置,特征数,RMSE_mean,RMSE_std,R2_mean,R2_std,MAPE_mean,MAPE_std
L1 only,21,0.5201283079944616,0.028516727622124184,-0.1390777321241457,1.1314004465661218,41.95951392751805,5.810190026948938
L1+L2,30,0.45958903475019647,0.07368141768679533,0.2997463140407109,0.4130236056807175,51.06118529399988,16.73943212358727
L1+L2+L3,45,0.45497942210418446,0.0767092051660119,0.3042276128352641,0.4140923054692556,48.12343614481442,14.91711030120365
L1+L2+L3+L4,85,0.43884078291429296,0.0794462000413171,0.3402504005971835,0.39158299504018906,50.752378355863115,17.71631867126362
+L5(交互),89,0.4343181623057091,0.07652163481369423,0.35794689277118213,0.3806234097954915,49.28570647524313,16.069552822028417
+L2+(幂次),101,0.4359394112477686,0.07721714452131855,0.3461148667854633,0.39402461878117595,50.481810730864126,18.027679285660685
remove FILT_NTU,100,0.43619785814169676,0.07727058431757124,0.34553249570019845,0.39411095170033444,50.52379002082614,18.071735205095514
