DATE,NTU,FILT_NTU,MONTH,ZONE,f1,f2,f3,S_risk,HAS_EVENT,ETA_COAG,GRADE
2025-01-01 00:00:00,0.12,0.04,1.0,comfort,0.12,0.0,0.0,0.0104814551492163,0,0.9997333333333334,1
2025-01-01 00:00:00,0.12,0.05,1.0,comfort,0.12,0.0,0.0,0.0104814551492163,0,0.9992537313432835,1
2025-01-01 00:00:00,0.12,0.05,1.0,comfort,0.12,0.0,0.0,0.0104814551492163,0,0.9992537313432835,1
2025-01-01 00:00:00,0.12,0.05,1.0,comfort,0.12,0.0,0.0392270257861582,0.0146577647748254,0,0.9995,1
2025-01-01 00:00:00,0.11,0.05,1.0,comfort,0.11,0.0,0.0294203436332281,0.0127402406823324,0,0.9994949494949495,1
2025-01-01 00:00:00,0.11,0.05,1.0,comfort,0.11,0.0,0.0294202693396187,0.0127402327726551,0,0.9995098039215686,1
2025-01-01 00:00:00,0.12,0.05,1.0,comfort,0.12,0.0,0.0343271528373536,0.0141360992610567,0,0.9993055555555556,1
2025-01-01 00:00:00,0.11,0.05,1.0,comfort,0.11,0.0,0.0294231880171325,0.0127405435099784,0,0.9991071428571427,1
2025-01-01 00:00:00,0.11,0.05,1.0,comfort,0.11,0.0,0.0294202693396187,0.0127402327726551,0,0.9991935483870968,1
2025-01-01 00:00:00,0.12,0.05,1.0,comfort,0.12,0.0,0.0343236475628884,0.0141357260716243,0,0.999390243902439,1
2025-01-01 00:00:00,0.12,0.05,1.0,comfort,0.12,0.0,0.0343236475628884,0.0141357260716243,0,0.9995833333333334,1
2025-01-01 00:00:00,0.11,0.06,1.0,comfort,0.11,0.0,0.0294259082245754,0.0127408331171638,0,0.9992,1
2025-01-02 00:00:00,0.27,0.07,1.0,comfort,0.27,0.0,0.1081458046195636,0.035097029099029,0,0.9941666666666666,1
2025-01-02 00:00:00,0.5,0.2,1.0,stress,0.0,0.0,0.2213875267806307,0.0235700474495316,0,0.9875,2
2025-01-02 00:00:00,0.44,0.4,1.0,stress,0.0,0.0,0.1876481984560152,0.019977986139255,0,0.9733333333333332,2
2025-01-02 00:00:00,0.53,0.4,1.0,stress,0.0,0.0,0.22555539827041,0.0240137803472526,0,0.9733333333333332,2
2025-01-02 00:00:00,1.75,0.4,1.0,stress,0.15,0.1591035847462855,0.7607474566302517,0.2223625091119522,1,0.9714285714285714,3
2025-01-02 00:00:00,1.79,0.04,1.0,comfort,1.0,0.4053964424986395,0.6815695730344999,0.4867351662887495,1,0.996923076923077,3
2025-01-02 00:00:00,1.71,0.04,1.0,comfort,1.0,0.5414979783976643,0.6423425472483417,0.5922824763335159,1,0.996923076923077,3
2025-01-02 00:00:00,0.32,0.07,1.0,comfort,0.32,0.0,0.0,0.0279505470645768,0,0.9941666666666666,1
2025-01-02 00:00:00,0.31,0.07,1.0,comfort,0.31,0.0,0.1323912120282841,0.0411721374552396,0,0.9941666666666666,1
2025-01-02 00:00:00,0.3,0.07,1.0,comfort,0.3,0.0,0.1274878338050143,0.0397766441562705,0,0.9941666666666666,1
2025-01-02 00:00:00,0.43,0.4,1.0,stress,0.0,0.0,0.1782132815247402,0.0189734966678455,0,0.975,2
2025-01-02 00:00:00,0.43,0.4,1.0,stress,0.0,0.0,0.1765216160377122,0.0187933933152411,0,0.975,2
2025-01-03 00:00:00,0.13,0.04,1.0,comfort,0.13,0.0,0.0294202693396187,0.0144871419641911,0,0.9984615384615384,1
2025-01-03 00:00:00,0.12,0.04,1.0,comfort,0.12,0.0,0.0,0.0104814551492163,0,0.998095238095238,1
2025-01-03 00:00:00,0.14,0.04,1.0,comfort,0.14,0.0,0.0,0.0122283643407523,0,0.9984,1
2025-01-03 00:00:00,0.14,0.04,1.0,comfort,0.14,0.0,0.0490337822326978,0.0174487513727637,0,0.9985185185185186,1
2025-01-03 00:00:00,0.15,0.04,1.0,comfort,0.15,0.0,0.0539441088824353,0.018844984436723,0,0.9982608695652174,1
2025-01-03 00:00:00,0.23,0.04,1.0,comfort,0.23,0.0,0.0931641862421258,0.0300081910634863,0,0.9984,1
2025-01-03 00:00:00,0.23,0.03,1.0,comfort,0.23,0.0,0.0931641862421258,0.0300081910634863,0,0.999,1
2025-01-03 00:00:00,0.22,0.04,1.0,comfort,0.22,0.0,0.0882934261435587,0.0286161704567601,0,0.9982608695652174,1
2025-01-03 00:00:00,0.23,0.04,1.0,comfort,0.23,0.0,0.0931641862421258,0.0300081910634863,0,0.9982608695652174,1
2025-01-03 00:00:00,0.23,0.23,1.0,stress,0.0,0.0,0.0984726261447092,0.0104838990003742,0,0.99,2
2025-01-03 00:00:00,0.12,0.04,1.0,comfort,0.12,0.0,0.0392270257861582,0.0146577647748254,0,0.9981818181818182,1
2025-01-03 00:00:00,0.12,0.04,1.0,comfort,0.12,0.0,0.0392270257861582,0.0146577647748254,0,0.9983333333333334,1
2025-01-04 00:00:00,0.17,0.24,1.0,stress,0.0,0.0,0.0,0.0,0,0.9955555555555556,2
2025-01-04 00:00:00,0.14,0.15,1.0,stress,0.0,0.0,0.0490337822326978,0.0052203870320114,0,0.9973684210526316,2
2025-01-04 00:00:00,0.13,0.14,1.0,comfort,0.13,0.0,0.044130404009428,0.0160532580737946,0,0.9976666666666668,1
2025-01-04 00:00:00,0.13,0.13,1.0,comfort,0.13,0.0,0.0,0.0113549097449843,0,0.997936507936508,1
2025-01-04 00:00:00,0.13,0.16,1.0,stress,0.0,0.0,0.0,0.0,0,0.9970909090909092,2
2025-01-04 00:00:00,0.13,0.13,1.0,comfort,0.13,0.0,0.0,0.0113549097449843,0,0.9976363636363637,1
2025-01-04 00:00:00,0.12,0.09,1.0,comfort,0.12,0.0,0.0,0.0104814551492163,0,0.9985483870967742,1
2025-01-04 00:00:00,0.11,0.09,1.0,comfort,0.11,0.0,0.0,0.0096080005534482,0,0.9988157894736842,1
2025-01-04 00:00:00,0.1,0.07,1.0,comfort,0.1,0.0,0.0,0.0087345459576802,0,0.9992553191489364,1
2025-01-04 00:00:00,0.1,0.06,1.0,comfort,0.1,0.0,0.0049033782232697,0.0092565846608814,0,0.9995,1
2025-01-04 00:00:00,0.1,0.08,1.0,comfort,0.1,0.0,0.004903495770008,0.0092565971755078,0,0.9994520547945204,1
2025-01-04 00:00:00,0.1,0.06,1.0,comfort,0.1,0.0,0.0147101531568455,0.010300664035508,0,0.9994495412844036,1
2025-01-09 00:00:00,0.26,0.18,1.0,stress,0.0,0.0,0.098530911214934,0.0104901043268024,0,0.99,2
2025-01-09 00:00:00,0.26,0.16,1.0,stress,0.0,0.0,0.0882608080188561,0.0093966966576205,0,0.991578947368421,2
2025-01-09 00:00:00,0.26,0.15,1.0,stress,0.0,0.0,0.0980675644653956,0.0104407740640228,0,0.9925,2
2025-01-09 00:00:00,0.26,0.13,1.0,comfort,0.26,0.0,0.0392270257861582,0.0268861291155778,0,0.9940909090909092,1
2025-01-09 00:00:00,0.24,0.15,1.0,stress,0.0,0.0,0.0392337122110081,0.004177021496568,0,0.99375,2
2025-01-09 00:00:00,0.25,0.15,1.0,stress,0.0,0.0,0.0490477122844684,0.0052218700965091,0,0.9931818181818184,2
2025-01-09 00:00:00,0.24,0.1,1.0,comfort,0.24,0.0,0.0539371604559676,0.0267053360336451,0,0.9964285714285712,1
2025-01-09 00:00:00,0.24,0.11,1.0,comfort,0.24,0.0,0.044130404009428,0.0256612586272429,0,0.9973170731707316,1
2025-01-09 00:00:00,0.24,0.12,1.0,comfort,0.24,0.0,0.0441490818705224,0.0256632471677837,0,0.9964705882352942,1
2025-01-09 00:00:00,0.28,0.1,1.0,comfort,0.28,0.0,0.0882608080188561,0.0338534253391253,0,0.996875,1
2025-01-09 00:00:00,0.27,0.11,1.0,comfort,0.27,0.0,0.0784622238693553,0.0319367634014603,0,0.9966666666666668,1
2025-01-10 00:00:00,0.43,0.04,1.0,comfort,0.43,0.0,0.1520047249213633,0.0537417474172605,0,0.9982608695652174,2
2025-01-10 00:00:00,0.43,0.04,1.0,comfort,0.43,0.0,0.1618114813679028,0.0547858248236628,0,0.9982608695652174,2
2025-01-10 00:00:00,0.44,0.04,1.0,comfort,0.44,0.0,0.1618114813679028,0.0556592794194308,0,0.9982608695652174,2
2025-01-10 00:00:00,0.44,0.11,1.0,comfort,0.44,0.0,0.1964335954313382,0.0593453266107293,0,0.9952173913043478,2
2025-01-10 00:00:00,0.43,0.04,1.0,comfort,0.43,0.0,0.1912317507075215,0.0579180570428697,0,0.9982608695652174,2
2025-01-10 00:00:00,0.41,0.07,1.0,comfort,0.41,0.0,0.1815212283883726,0.055137316021915,0,0.9972,2
2025-01-10 00:00:00,0.42,0.07,1.0,comfort,0.42,0.0,0.1520232298443971,0.0528702629501637,0,0.9969565217391304,2
2025-01-10 00:00:00,0.43,0.07,1.0,comfort,0.43,0.0,0.1912317507075215,0.0579180570428697,0,0.9969565217391304,2
2025-01-10 00:00:00,0.44,0.08,1.0,comfort,0.44,0.0,0.1814644344771256,0.0577516332391959,0,0.9965217391304348,2
2025-01-10 00:00:00,0.44,0.1,1.0,comfort,0.44,0.0,0.1814874412698761,0.0577540826599229,0,0.9958333333333332,2
2025-01-10 00:00:00,0.44,0.1,1.0,comfort,0.44,0.0,0.181424994260982,0.0577474342322354,0,0.9958333333333332,2
2025-01-11 00:00:00,0.17,0.04,1.0,comfort,0.17,0.0,0.044130404009428,0.0195470764568667,0,0.9976470588235294,1
2025-01-11 00:00:00,0.19,0.05,1.0,comfort,0.19,0.0,0.0441397781148548,0.0212949836635706,0,0.9972222222222222,1
2025-01-11 00:00:00,0.2,0.06,1.0,comfort,0.2,0.0,0.0490474027277624,0.0226909290548808,0,0.9966666666666668,1
2025-01-11 00:00:00,0.19,0.04,1.0,comfort,0.19,0.0,0.0735506733490467,0.0244262178676096,0,0.9973333333333334,1
2025-01-11 00:00:00,0.18,0.05,1.0,comfort,0.18,0.0,0.0637474582312239,0.0225090628933916,0,0.9972222222222222,1
2025-01-11 00:00:00,0.15,0.04,1.0,comfort,0.15,0.0,0.044157372589656,0.0178030384781982,0,0.996,1
2025-01-11 00:00:00,0.17,0.04,1.0,comfort,0.17,0.0,0.0637439169025071,0.0216352312696713,0,0.996,1
2025-01-11 00:00:00,0.15,0.05,1.0,comfort,0.15,0.0,0.0490719196188788,0.0183262662695567,0,0.9944444444444444,1
2025-01-11 00:00:00,0.15,0.05,1.0,comfort,0.15,0.0,0.0539371604559676,0.0188442446717329,0,0.995,1
2025-01-11 00:00:00,0.15,0.03,1.0,comfort,0.15,0.0,0.0539371604559676,0.0188442446717329,0,0.997,1
2025-01-11 00:00:00,0.2,0.04,1.0,comfort,0.2,0.0,0.0735629317946049,0.0253009775601356,0,0.9966666666666668,1
2025-01-12 00:00:00,0.24,0.04,1.0,comfort,0.24,0.0,0.0931641862421258,0.0308816456592543,0,0.9985714285714286,1
2025-01-12 00:00:00,0.22,0.04,1.0,comfort,0.22,0.0,0.0931908045810522,0.0291375703921071,0,0.998,1
2025-01-12 00:00:00,0.24,0.04,1.0,comfort,0.24,0.0,0.0980675644653956,0.0314036843624554,0,0.998095238095238,1
2025-01-12 00:00:00,0.24,0.03,1.0,comfort,0.24,0.0,0.0980675644653956,0.0314036843624554,0,0.9985714285714286,1
2025-01-12 00:00:00,0.34,0.04,1.0,comfort,0.34,0.0,0.1471300028045931,0.0453616682276853,0,0.9981818181818182,1
2025-01-12 00:00:00,0.26,0.04,1.0,comfort,0.26,0.0,0.1078743209119352,0.0341946709603938,0,0.9985185185185186,1
2025-01-12 00:00:00,0.26,0.04,1.0,comfort,0.26,0.0,0.112777699135205,0.0347167096635949,0,0.9987096774193548,1
2025-01-12 00:00:00,0.26,0.04,1.0,comfort,0.26,0.0,0.1078791206592505,0.0341951819660209,0,0.9986206896551724,1
2025-01-12 00:00:00,0.25,0.04,1.0,comfort,0.25,0.0,0.1029857373643391,0.0328007527782015,0,0.9983333333333334,1
2025-01-12 00:00:00,0.27,0.04,1.0,comfort,0.27,0.0,0.112777699135205,0.035590164259363,0,0.9983333333333334,1
2025-01-12 00:00:00,0.25,0.04,1.0,comfort,0.25,0.0,0.1029709426886654,0.0327991776614246,0,0.9985185185185186,1
2025-01-13 00:00:00,0.13,0.04,1.0,comfort,0.13,0.0,0.044130404009428,0.0160532580737946,0,0.9993220338983052,1
2025-01-13 00:00:00,0.13,0.04,1.0,comfort,0.13,0.0,0.0441355038249915,0.0160538010262209,0,0.9990909090909093,1
2025-01-13 00:00:00,0.14,0.04,1.0,comfort,0.14,0.0,0.0490366396792148,0.0174490555911223,0,0.998974358974359,1
2025-01-13 00:00:00,0.14,0.04,1.0,comfort,0.14,0.0,0.0490337822326978,0.0174487513727637,0,0.998974358974359,1
2025-01-13 00:00:00,0.14,0.04,1.0,comfort,0.14,0.0,0.0490344439571544,0.017448821823331,0,0.9989473684210528,1
2025-01-13 00:00:00,0.14,0.03,1.0,comfort,0.14,0.0,0.0490337822326978,0.0174487513727637,0,0.9993023255813952,1
2025-01-13 00:00:00,0.14,0.03,1.0,comfort,0.14,0.0,0.0490341894900253,0.01744879473146,0,0.9992857142857142,1
2025-01-13 00:00:00,0.14,0.03,1.0,comfort,0.14,0.0,0.0490361487279793,0.0174490033219448,0,0.9991891891891892,1
2025-01-13 00:00:00,0.14,0.03,1.0,comfort,0.14,0.0,0.0539371604559676,0.0179707900759649,0,0.999375,1
2025-01-13 00:00:00,0.14,0.03,1.0,comfort,0.14,0.0,0.0539371604559676,0.0179707900759649,0,0.9994642857142856,1
2025-01-13 00:00:00,0.13,0.04,1.0,comfort,0.13,0.0,0.0490402616967785,0.0165759866138535,0,0.9992,1
2025-01-14 00:00:00,0.14,0.03,1.0,comfort,0.14,0.0,0.0539371604559676,0.0179707900759649,0,0.9992857142857142,1
2025-01-14 00:00:00,0.13,0.03,1.0,comfort,0.13,0.0,0.0490337822326978,0.0165752967769957,0,0.9993023255813952,1
2025-01-14 00:00:00,0.13,0.03,1.0,comfort,0.13,0.0,0.0441307705410228,0.0160532970966212,0,0.9992857142857142,1
2025-01-14 00:00:00,0.14,0.03,1.0,comfort,0.14,0.0,0.0539371604559676,0.0179707900759649,0,0.9997345132743364,1
2025-01-14 00:00:00,0.13,0.03,1.0,comfort,0.13,0.0,0.0490337822326978,0.0165752967769957,0,0.99975,1
2025-01-14 00:00:00,0.13,0.03,1.0,comfort,0.13,0.0,0.0490366226042296,0.016575599177464,0,0.9996341463414634,1
2025-01-14 00:00:00,0.14,0.03,1.0,comfort,0.14,0.0,0.053938530810654,0.0179709359709277,0,0.9995833333333332,1
2025-01-14 00:00:00,0.14,0.03,1.0,comfort,0.14,0.0,0.0539406336822091,0.0179711598533797,0,0.9994545454545456,1
2025-01-14 00:00:00,0.15,0.03,1.0,comfort,0.15,0.0,0.0588425036693973,0.0193664925778281,0,0.9993877551020408,1
2025-01-14 00:00:00,0.15,0.03,1.0,comfort,0.15,0.0,0.0588409139377748,0.0193663233268756,0,0.999375,1
2025-01-14 00:00:00,0.14,0.02,1.0,comfort,0.14,0.0,0.0539371604559676,0.0179707900759649,0,0.9995744680851064,1
2025-01-14 00:00:00,0.14,0.03,1.0,comfort,0.14,0.0,0.0539444997529124,0.0179715714550234,0,0.9993023255813952,1
2025-01-15 00:00:00,0.15,0.03,1.0,comfort,0.15,0.0,0.0588405386792374,0.0193662833749341,0,0.9993478260869564,1
2025-01-15 00:00:00,0.16,0.03,1.0,comfort,0.16,0.0,0.0686488568690937,0.0212839816482788,0,0.9993023255813952,1
2025-01-15 00:00:00,0.15,0.03,1.0,comfort,0.15,0.0,0.0588405386792374,0.0193662833749341,0,0.9993023255813952,1
2025-01-15 00:00:00,0.14,0.03,1.0,comfort,0.14,0.0,0.0539371604559676,0.0179707900759649,0,0.9993181818181818,1
2025-01-15 00:00:00,0.14,0.05,1.0,comfort,0.14,0.0,0.0539800650154212,0.0179753579146179,0,0.9977272727272728,1
2025-01-15 00:00:00,0.15,0.03,1.0,comfort,0.15,0.0,0.0588405386792374,0.0193662833749341,0,0.9991428571428572,1
2025-01-15 00:00:00,0.15,0.05,1.0,comfort,0.15,0.0,0.0588927430669377,0.0193718413208268,0,0.9973684210526316,1
2025-01-15 00:00:00,0.14,0.04,1.0,comfort,0.14,0.0,0.044130404009428,0.0169267126695626,0,0.9983333333333334,1
2025-01-15 00:00:00,0.17,0.04,1.0,comfort,0.17,0.0,0.0686472951257769,0.0221572699728724,0,0.9983333333333334,1
2025-01-15 00:00:00,0.14,0.03,1.0,comfort,0.14,0.0,0.044130404009428,0.0169267126695626,0,0.9993333333333332,1
2025-01-15 00:00:00,0.15,0.04,1.0,comfort,0.15,0.0,0.0539577079456651,0.0188464322624892,0,0.9985714285714286,1
2025-01-15 00:00:00,0.18,0.04,1.0,comfort,0.18,0.0,0.0686606679754767,0.0230321483105582,0,0.9981818181818182,1
2025-01-16 00:00:00,0.16,0.05,1.0,comfort,0.16,0.0,0.0637745011050614,0.0207650328244005,0,0.9972222222222222,1
2025-01-16 00:00:00,0.16,0.05,1.0,comfort,0.16,0.0,0.0588405386792374,0.0202397379707021,0,0.9972222222222222,1
2025-01-16 00:00:00,0.16,0.05,1.0,comfort,0.16,0.0,0.0588405386792374,0.0202397379707021,0,0.9975,1
2025-01-16 00:00:00,0.16,0.07,1.0,comfort,0.16,0.0,0.053987726543895,0.0197230827916277,0,0.995625,1
2025-01-16 00:00:00,0.16,0.03,1.0,comfort,0.16,0.0,0.0539371604559676,0.0197176992675009,0,0.9990625,1
2025-01-16 00:00:00,0.15,0.03,1.0,comfort,0.15,0.0,0.0490337822326978,0.0183222059685318,0,0.9994915254237288,1
2025-01-16 00:00:00,0.15,0.03,1.0,comfort,0.15,0.0,0.0392270257861582,0.0172781285621295,0,0.9995081967213114,1
2025-01-16 00:00:00,0.13,0.03,1.0,comfort,0.13,0.0,0.0490377140220785,0.0165757153753857,0,0.9993478260869564,1
2025-01-16 00:00:00,0.13,0.03,1.0,comfort,0.13,0.0,0.0490394255068678,0.0165758975888025,0,0.9991176470588234,1
2025-01-16 00:00:00,0.13,0.03,1.0,comfort,0.13,0.0,0.0490384177793374,0.0165757903009798,0,0.9989285714285714,1
2025-01-16 00:00:00,0.16,0.06,1.0,comfort,0.16,0.0,0.0638222576407172,0.0207701172292348,0,0.9964705882352942,1
2025-01-16 00:00:00,0.15,0.05,1.0,comfort,0.15,0.0,0.0588405386792374,0.0193662833749341,0,0.9972222222222222,1
2025-01-17 00:00:00,0.14,0.03,1.0,comfort,0.14,0.0,0.0539371604559676,0.0179707900759649,0,0.998125,1
2025-01-17 00:00:00,0.14,0.03,1.0,comfort,0.14,0.0,0.0392270257861582,0.0164046739663615,0,0.9988888888888888,1
2025-01-17 00:00:00,0.17,0.03,1.0,comfort,0.17,0.0,0.0588479680401817,0.0211139835342022,0,0.9986363636363637,1
2025-01-17 00:00:00,0.16,0.03,1.0,comfort,0.16,0.0,0.0637482630786596,0.0207622393900265,0,0.9985,1
2025-01-17 00:00:00,0.14,0.03,1.0,comfort,0.14,0.0,0.0539371604559676,0.0179707900759649,0,0.9985,1
2025-01-17 00:00:00,0.17,0.03,1.0,comfort,0.17,0.0,0.0686693603277816,0.0221596191470368,0,0.9978571428571428,1
2025-01-17 00:00:00,0.16,0.03,1.0,comfort,0.16,0.0,0.0637439169025071,0.0207617766739032,0,0.998,1
2025-01-17 00:00:00,0.14,0.03,1.0,comfort,0.14,0.0,0.0539371604559676,0.0179707900759649,0,0.998,1
2025-01-17 00:00:00,0.14,0.03,1.0,comfort,0.14,0.0,0.0539371604559676,0.0179707900759649,0,0.9989285714285714,1
2025-01-17 00:00:00,0.14,0.03,1.0,comfort,0.14,0.0,0.0539622027090364,0.0179734562021991,0,0.998,1
2025-01-17 00:00:00,0.14,0.03,1.0,comfort,0.14,0.0,0.0539371604559676,0.0179707900759649,0,0.998125,1
2025-01-17 00:00:00,0.14,0.03,1.0,comfort,0.14,0.0,0.0539371604559676,0.0179707900759649,0,0.9993877551020408,1
2025-01-18 00:00:00,0.17,0.07,1.0,comfort,0.17,0.0,0.0686912172782016,0.0221619461496733,0,0.998108108108108,1
2025-01-18 00:00:00,0.18,0.07,1.0,comfort,0.18,0.0,0.0735568123162181,0.0235534168576584,0,0.9979411764705882,1
2025-01-18 00:00:00,0.17,0.09,1.0,comfort,0.17,0.0,0.0686674855066963,0.0221594195440032,0,0.9973529411764704,1
2025-01-18 00:00:00,0.19,0.1,1.0,comfort,0.19,0.0,0.0588545998373776,0.022861598780758,0,0.996875,1
2025-01-18 00:00:00,0.17,0.06,1.0,comfort,0.17,0.0,0.0490337822326978,0.0200691151600678,0,0.998235294117647,1
2025-01-18 00:00:00,0.17,0.07,1.0,comfort,0.17,0.0,0.0392381785679994,0.019026225135814,0,0.9976666666666668,1
2025-01-18 00:00:00,0.17,0.07,1.0,comfort,0.17,0.0,0.0343236475628884,0.0185029990504644,0,0.9979411764705882,1
2025-01-18 00:00:00,0.17,0.06,1.0,comfort,0.17,0.0,0.0539827690842943,0.0205960095909127,0,0.99625,1
2025-01-18 00:00:00,0.18,0.06,1.0,comfort,0.18,0.0,0.0539371604559676,0.021464608459037,0,0.9966666666666668,1
2025-01-18 00:00:00,0.18,0.06,1.0,comfort,0.18,0.0,0.0539371604559676,0.021464608459037,0,0.997,1
2025-01-18 00:00:00,0.18,0.06,1.0,comfort,0.18,0.0,0.0588405386792374,0.0219866471622381,0,0.997,1
2025-01-18 00:00:00,0.31,0.07,1.0,comfort,0.31,0.0,0.1226048863243415,0.0401302352101007,0,0.9966666666666668,1
2025-01-19 00:00:00,0.19,0.04,1.0,comfort,0.19,0.0,0.0637439169025071,0.0233821404612073,0,0.9986206896551724,1
2025-01-19 00:00:00,0.19,0.04,1.0,comfort,0.19,0.0,0.0637439169025071,0.0233821404612073,0,0.9987096774193548,1
2025-01-19 00:00:00,0.17,0.04,1.0,comfort,0.17,0.0,0.0490337822326978,0.0200691151600678,0,0.9987878787878788,1
2025-01-19 00:00:00,0.16,0.04,1.0,comfort,0.16,0.0,0.0588405386792374,0.0202397379707021,0,0.9994736842105262,1
2025-01-19 00:00:00,0.15,0.04,1.0,comfort,0.15,0.0,0.0539371604559676,0.0188442446717329,0,0.9994736842105262,1
2025-01-19 00:00:00,0.15,0.03,1.0,comfort,0.15,0.0,0.0539371604559676,0.0188442446717329,0,0.9994915254237288,1
2025-01-19 00:00:00,0.15,0.03,1.0,comfort,0.15,0.0,0.0539399589942133,0.0188445426184158,0,0.9993877551020408,1
2025-01-19 00:00:00,0.15,0.02,1.0,comfort,0.15,0.0,0.0539371604559676,0.0188442446717329,0,0.9995121951219512,1
2025-01-19 00:00:00,0.16,0.03,1.0,comfort,0.16,0.0,0.0637542117341756,0.020762872714292,0,0.9991891891891892,1
2025-01-19 00:00:00,0.16,0.03,1.0,comfort,0.16,0.0,0.0637439169025071,0.0207617766739032,0,0.9991891891891892,1
2025-01-19 00:00:00,0.16,0.03,1.0,comfort,0.16,0.0,0.0686488854106061,0.0212839846869541,0,0.9991428571428572,1
2025-01-19 00:00:00,0.15,0.03,1.0,comfort,0.15,0.0,0.0588405386792374,0.0193662833749341,0,0.9992105263157894,1
2025-01-20 00:00:00,0.17,0.03,1.0,comfort,0.17,0.0,0.0686534139424053,0.0221579214133594,0,0.999032258064516,1
2025-01-20 00:00:00,0.17,0.03,1.0,comfort,0.17,0.0,0.0686472951257769,0.0221572699728724,0,0.9991176470588234,1
2025-01-20 00:00:00,0.16,0.03,1.0,comfort,0.16,0.0,0.0637636025239035,0.0207638725057558,0,0.9985,1
2025-01-20 00:00:00,0.16,0.03,1.0,comfort,0.16,0.0,0.0637439169025071,0.0207617766739032,0,0.9985,1
2025-01-20 00:00:00,0.16,0.03,1.0,comfort,0.16,0.0,0.0637439169025071,0.0207617766739032,0,0.9985,1
2025-01-20 00:00:00,0.16,0.03,1.0,comfort,0.16,0.0,0.0637439169025071,0.0207617766739032,0,0.9985714285714286,1
2025-01-20 00:00:00,0.16,0.03,1.0,comfort,0.16,0.0,0.0637439169025071,0.0207617766739032,0,0.9991666666666666,1
2025-01-20 00:00:00,0.15,0.03,1.0,comfort,0.15,0.0,0.0588464565495068,0.0193669134216448,0,0.9989655172413792,1
2025-01-20 00:00:00,0.15,0.03,1.0,comfort,0.15,0.0,0.0588427931060067,0.0193665233927286,0,0.9988888888888888,1
2025-01-20 00:00:00,0.15,0.03,1.0,comfort,0.15,0.0,0.0588405386792374,0.0193662833749341,0,0.9988888888888888,1
2025-01-20 00:00:00,0.15,0.03,1.0,comfort,0.15,0.0,0.0588446248277567,0.0193667184071867,0,0.99875,1
2025-01-20 00:00:00,0.15,0.03,1.0,comfort,0.15,0.0,0.0588405386792374,0.0193662833749341,0,0.9989655172413792,1
2025-01-21 00:00:00,0.18,0.03,1.0,comfort,0.18,0.0,0.0735706962183795,0.0235548950088329,0,0.9984210526315788,1
2025-01-21 00:00:00,0.18,0.03,1.0,comfort,0.18,0.0,0.0735538992557725,0.0235531067183568,0,0.9983333333333332,1
2025-01-21 00:00:00,0.18,0.03,1.0,comfort,0.18,0.0,0.0735506733490467,0.0235527632718416,0,0.9983333333333332,1
2025-01-21 00:00:00,0.22,0.03,1.0,comfort,0.22,0.0,0.0931641862421258,0.0291347364677182,0,0.9983333333333332,1
2025-01-21 00:00:00,0.18,0.03,1.0,comfort,0.18,0.0,0.0735506733490467,0.0235527632718416,0,0.9984210526315788,1
2025-01-21 00:00:00,0.18,0.04,1.0,comfort,0.18,0.0,0.073584545369668,0.0235563694602518,0,0.9975,1
2025-01-21 00:00:00,0.19,0.04,1.0,comfort,0.19,0.0,0.0784540515723165,0.0249482565708107,0,0.9975,1
2025-01-21 00:00:00,0.17,0.04,1.0,comfort,0.17,0.0,0.0686472951257769,0.0221572699728724,0,0.9990243902439024,1
2025-01-21 00:00:00,0.19,0.03,1.0,comfort,0.19,0.0,0.0735649431581776,0.0244277371044122,0,0.9986363636363637,1
2025-01-21 00:00:00,0.17,0.04,1.0,comfort,0.17,0.0,0.0637801350371108,0.0216390872373654,0,0.9975,1
2025-01-21 00:00:00,0.18,0.04,1.0,comfort,0.18,0.0,0.0686472951257769,0.0230307245686404,0,0.9976470588235294,1
2025-01-21 00:00:00,0.17,0.04,1.0,comfort,0.17,0.0,0.0686472951257769,0.0221572699728724,0,0.997777777777778,1
2025-01-22 00:00:00,0.18,0.03,1.0,comfort,0.18,0.0,0.0686472951257769,0.0230307245686404,0,0.9991666666666666,1
2025-01-22 00:00:00,0.18,0.03,1.0,comfort,0.18,0.0,0.0686472951257769,0.0230307245686404,0,0.9994230769230767,1
2025-01-22 00:00:00,0.15,0.03,1.0,comfort,0.15,0.0,0.0539371604559676,0.0188442446717329,0,0.9997457627118644,1
2025-01-22 00:00:00,0.16,0.03,1.0,comfort,0.16,0.0,0.063747474334827,0.0207621554163274,0,0.9996341463414634,1
2025-01-22 00:00:00,0.16,0.03,1.0,comfort,0.16,0.0,0.0637490311448774,0.0207623211622811,0,0.9994736842105264,1
2025-01-22 00:00:00,0.16,0.03,1.0,comfort,0.16,0.0,0.0637439169025071,0.0207617766739032,0,0.9995,1
2025-01-22 00:00:00,0.16,0.03,1.0,comfort,0.16,0.0,0.0637450551867375,0.0207618978614593,0,0.9994642857142856,1
2025-01-22 00:00:00,0.17,0.03,1.0,comfort,0.17,0.0,0.0686472951257769,0.0221572699728724,0,0.9994642857142856,1
2025-01-22 00:00:00,0.17,0.03,1.0,comfort,0.17,0.0,0.0686512924449807,0.0221576955479022,0,0.9993478260869564,1
2025-01-22 00:00:00,0.17,0.03,1.0,comfort,0.17,0.0,0.0686472951257769,0.0221572699728724,0,0.9993478260869564,1
2025-01-22 00:00:00,0.16,0.03,1.0,comfort,0.16,0.0,0.0637439169025071,0.0207617766739032,0,0.9997540983606558,1
2025-01-22 00:00:00,0.19,0.03,1.0,comfort,0.19,0.0,0.0784879911665759,0.0249518699534559,0,0.9988888888888888,1
2025-01-23 00:00:00,0.16,0.03,1.0,comfort,0.16,0.0,0.063756311553016,0.0207630962717363,0,0.9985,1
2025-01-23 00:00:00,0.18,0.04,1.0,comfort,0.18,0.0,0.0735506733490467,0.0235527632718416,0,0.9990697674418604,1
2025-01-23 00:00:00,0.18,0.04,1.0,comfort,0.18,0.0,0.0735506733490467,0.0235527632718416,0,0.9992592592592592,1
2025-01-23 00:00:00,0.18,0.04,1.0,comfort,0.18,0.0,0.0735506733490467,0.0235527632718416,0,0.9994444444444444,1
2025-01-23 00:00:00,0.18,0.03,1.0,comfort,0.18,0.0,0.0686472951257769,0.0230307245686404,0,0.9995081967213114,1
2025-01-23 00:00:00,0.16,0.03,1.0,comfort,0.16,0.0,0.0588405386792374,0.0202397379707021,0,0.9996385542168674,1
2025-01-23 00:00:00,0.16,0.03,1.0,comfort,0.16,0.0,0.0588682791113019,0.0202426913588606,0,0.998695652173913,1
2025-01-23 00:00:00,0.16,0.03,1.0,comfort,0.16,0.0,0.0637478761520042,0.0207621981958375,0,0.9985714285714286,1
2025-01-23 00:00:00,0.16,0.03,1.0,comfort,0.16,0.0,0.063746193470968,0.0207620190490154,0,0.9985,1
2025-01-23 00:00:00,0.18,0.04,1.0,comfort,0.18,0.0,0.0735506733490467,0.0235527632718416,0,0.999,1
2025-01-23 00:00:00,0.16,0.03,1.0,comfort,0.16,0.0,0.0637598528817328,0.0207634732996886,0,0.9985,1
2025-01-23 00:00:00,0.16,0.03,1.0,comfort,0.16,0.0,0.0637439169025071,0.0207617766739032,0,0.9985,1
2025-01-24 00:00:00,0.17,0.03,1.0,comfort,0.17,0.0,0.0637439169025071,0.0216352312696713,0,0.9986363636363637,1
2025-01-24 00:00:00,0.17,0.03,1.0,comfort,0.17,0.0,0.0686472951257769,0.0221572699728724,0,0.998695652173913,1
2025-01-24 00:00:00,0.17,0.03,1.0,comfort,0.17,0.0,0.0686472951257769,0.0221572699728724,0,0.998695652173913,1
2025-01-24 00:00:00,0.17,0.03,1.0,comfort,0.17,0.0,0.0686493301246443,0.0221574866292512,0,0.9986363636363637,1
2025-01-24 00:00:00,0.18,0.02,1.0,comfort,0.18,0.0,0.0735506733490467,0.0235527632718416,0,0.9991304347826088,1
2025-01-24 00:00:00,0.16,0.02,1.0,comfort,0.16,0.0,0.063748074114479,0.0207622192719342,0,0.999,1
2025-01-24 00:00:00,0.16,0.02,1.0,comfort,0.16,0.0,0.0637439169025071,0.0207617766739032,0,0.9990476190476192,1
2025-01-24 00:00:00,0.18,0.02,1.0,comfort,0.18,0.0,0.0784540515723165,0.0240748019750427,0,0.9992,1
2025-01-24 00:00:00,0.18,0.02,1.0,comfort,0.18,0.0,0.0784540515723165,0.0240748019750427,0,0.9992,1
2025-01-24 00:00:00,0.17,0.03,1.0,comfort,0.17,0.0,0.0735764160847189,0.0226820493792654,0,0.9985,1
2025-01-24 00:00:00,0.19,0.03,1.0,comfort,0.19,0.0,0.0833574297955863,0.0254702952740119,0,0.9986363636363637,1
2025-01-24 00:00:00,0.18,0.03,1.0,comfort,0.18,0.0,0.0784540515723165,0.0240748019750427,0,0.9986363636363637,1
2025-01-25 00:00:00,0.19,0.03,1.0,comfort,0.19,0.0,0.0784540515723165,0.0249482565708107,0,0.998695652173913,1
2025-01-25 00:00:00,0.19,0.04,1.0,comfort,0.19,0.0,0.0784682642628187,0.0249497697264722,0,0.9983333333333334,1
2025-01-25 00:00:00,0.17,0.04,1.0,comfort,0.17,0.0,0.0686472951257769,0.0221572699728724,0,0.9983333333333334,1
2025-01-25 00:00:00,0.17,0.04,1.0,comfort,0.17,0.0,0.0686497823466148,0.0221575347751132,0,0.9982608695652174,1
2025-01-25 00:00:00,0.17,0.04,1.0,comfort,0.17,0.0,0.0637464364249144,0.0216354995109021,0,0.9981818181818182,1
2025-01-25 00:00:00,0.17,0.04,1.0,comfort,0.17,0.0,0.0637439169025071,0.0216352312696713,0,0.9981818181818182,1
2025-01-25 00:00:00,0.17,0.04,1.0,comfort,0.17,0.0,0.0637439169025071,0.0216352312696713,0,0.9981818181818182,1
2025-01-25 00:00:00,0.18,0.04,1.0,comfort,0.18,0.0,0.0686472951257769,0.0230307245686404,0,0.9981818181818182,1
2025-01-25 00:00:00,0.19,0.04,1.0,comfort,0.19,0.0,0.0735573597738966,0.0244269297385685,0,0.998,1
2025-01-25 00:00:00,0.19,0.04,1.0,comfort,0.19,0.0,0.0735506733490467,0.0244262178676096,0,0.998,1
2025-01-25 00:00:00,0.19,0.03,1.0,comfort,0.19,0.0,0.0735506733490467,0.0244262178676096,0,0.998695652173913,1
2025-01-25 00:00:00,0.18,0.04,1.0,comfort,0.18,0.0,0.0686622184508043,0.0230323133820849,0,0.9982608695652174,1
2025-01-26 00:00:00,0.2,0.06,1.0,comfort,0.2,0.0,0.0784669900216013,0.0258230886600085,0,0.9979310344827588,1
2025-01-26 00:00:00,0.19,0.07,1.0,comfort,0.19,0.0,0.0784644219354554,0.0249493606526658,0,0.9976666666666668,1
2025-01-26 00:00:00,0.19,0.03,1.0,comfort,0.19,0.0,0.0735506733490467,0.0244262178676096,0,0.9984210526315788,1
2025-01-26 00:00:00,0.19,0.03,1.0,comfort,0.19,0.0,0.0637439169025071,0.0233821404612073,0,0.9984210526315788,1
2025-01-26 00:00:00,0.19,0.03,1.0,comfort,0.19,0.0,0.058843119404618,0.0228603765152184,0,0.9983333333333332,1
2025-01-26 00:00:00,0.18,0.02,1.0,comfort,0.18,0.0,0.0735506733490467,0.0235527632718416,0,0.9997368421052631,1
2025-01-26 00:00:00,0.18,0.03,1.0,comfort,0.18,0.0,0.0735506733490467,0.0235527632718416,0,0.9997872340425532,1
2025-01-26 00:00:00,0.18,0.03,1.0,comfort,0.18,0.0,0.0735524423754177,0.0235529516114292,0,0.9997391304347826,1
2025-01-26 00:00:00,0.18,0.03,1.0,comfort,0.18,0.0,0.0784552437824712,0.0240749289038283,0,0.9997087378640775,1
2025-01-26 00:00:00,0.17,0.05,1.0,comfort,0.17,0.0,0.0686633007101803,0.0221589740091807,0,0.9992424242424244,1
2025-01-26 00:00:00,0.18,0.07,1.0,comfort,0.18,0.0,0.0735696182194548,0.0235547802395585,0,0.9987272727272728,1
2025-01-26 00:00:00,0.18,0.07,1.0,comfort,0.18,0.0,0.0735533736360053,0.0235530507581904,0,0.998653846153846,1
2025-01-27 00:00:00,0.21,0.05,1.0,comfort,0.21,0.0,0.0784712942210137,0.0266970015028416,0,0.9982142857142856,1
2025-01-27 00:00:00,0.22,0.05,1.0,comfort,0.22,0.0,0.0735506733490467,0.0270465816549137,0,0.9982142857142856,1
2025-01-27 00:00:00,0.24,0.05,1.0,comfort,0.24,0.0,0.0833777278710235,0.0298397292896916,0,0.9977272727272728,1
2025-01-27 00:00:00,0.25,0.09,1.0,comfort,0.25,0.0,0.0981326456672681,0.0322840678355569,0,0.9964,1
2025-01-27 00:00:00,0.24,0.09,1.0,comfort,0.24,0.0,0.093171173556094,0.0308823895644064,0,0.99625,1
2025-01-27 00:00:00,0.24,0.1,1.0,comfort,0.24,0.0,0.0931920342325787,0.0308846104986285,0,0.9956521739130434,1
2025-01-27 00:00:00,0.24,0.1,1.0,comfort,0.24,0.0,0.0735579412021444,0.0287942646192311,0,0.9954545454545454,1
2025-01-27 00:00:00,0.24,0.05,1.0,comfort,0.24,0.0,0.0735506733490467,0.0287934908464497,0,0.9977272727272728,1
2025-01-27 00:00:00,0.24,0.05,1.0,comfort,0.24,0.0,0.0686472951257769,0.0282714521432486,0,0.9978260869565218,1
2025-01-27 00:00:00,0.24,0.05,1.0,comfort,0.24,0.0,0.0686472951257769,0.0282714521432486,0,0.9978260869565218,1
2025-01-27 00:00:00,0.23,0.05,1.0,comfort,0.23,0.0,0.0882608080188561,0.0294861523602851,0,0.9980769230769232,1
2025-01-27 00:00:00,0.24,0.05,1.0,comfort,0.24,0.0,0.0931758707136445,0.0308828896478029,0,0.9978260869565218,1
2025-01-28 00:00:00,0.26,0.55,1.0,stress,0.0,0.0,0.1032754443574219,0.0109952315709634,0,0.9919117647058824,2
2025-01-28 00:00:00,0.24,0.13,1.0,comfort,0.24,0.0,0.0931641862421258,0.0308816456592543,0,0.9983116883116884,1
2025-01-28 00:00:00,0.2,0.08,1.0,comfort,0.2,0.0,0.0735506733490467,0.0252996724633776,0,0.999,1
2025-01-28 00:00:00,0.19,0.04,1.0,comfort,0.19,0.0,0.0,0.0165956373195924,0,0.9995121951219512,1
2025-01-28 00:00:00,0.2,0.09,1.0,comfort,0.2,0.0,0.0343299860762014,0.0211240376682872,0,0.9991428571428572,1
2025-01-28 00:00:00,0.2,0.09,1.0,comfort,0.2,0.0,0.0588405386792374,0.0237335563537742,0,0.9992682926829268,1
2025-01-28 00:00:00,0.2,0.09,1.0,comfort,0.2,0.0,0.0784750732694056,0.0258239492438773,0,0.9987323943661972,1
2025-01-28 00:00:00,0.19,0.09,1.0,comfort,0.19,0.0,0.0490394798200699,0.0218166309458717,0,0.9985,1
2025-01-28 00:00:00,0.25,0.09,1.0,comfort,0.25,0.0,0.0784687617069863,0.0301905502615285,0,0.998125,1
2025-01-28 00:00:00,0.25,0.09,1.0,comfort,0.25,0.0,0.0785217181917976,0.0301961882795231,0,0.9964,1
2025-01-28 00:00:00,0.19,0.09,1.0,comfort,0.19,0.0,0.0490337822326978,0.0218160243516039,0,0.9992436974789916,1
2025-01-28 00:00:00,0.22,0.09,1.0,comfort,0.22,0.0,0.0637684303016863,0.0260051140702579,0,0.9984745762711864,1
2025-01-29 00:00:00,0.3,1.0,1.0,stress,0.0,0.0,0.1037504967180598,0.0110458080729193,0,0.9833333333333332,2
2025-01-29 00:00:00,0.55,1.15,1.0,stress,0.0,0.0,0.2257344104912596,0.0240328389030837,0,0.9817460317460318,2
2025-01-29 00:00:00,0.85,1.5,1.0,stress,0.0,0.0,0.3739137220844687,0.039808765650536,0,0.975,2
2025-01-29 00:00:00,0.85,1.0,1.0,stress,0.0,0.0,0.0,0.0,0,0.9830508474576272,2
2025-01-29 00:00:00,0.12,1.0,1.0,stress,0.0,0.0,0.0,0.0,0,0.9852941176470588,2
2025-01-29 00:00:00,0.43,1.0,1.0,stress,0.0,0.0,0.0,0.0,0,0.9838709677419356,2
2025-01-29 00:00:00,0.43,1.0,1.0,stress,0.0,0.0,0.0,0.0,0,0.9830508474576272,2
2025-01-29 00:00:00,0.47,0.77,1.0,stress,0.0,0.0,0.0,0.0,0,0.9846,2
2025-01-29 00:00:00,0.48,0.56,1.0,stress,0.0,0.0,0.0,0.0,0,0.9885714285714284,2
2025-01-29 00:00:00,0.58,0.56,1.0,stress,0.0,0.0,0.0,0.0,0,0.9856410256410256,2
2025-01-29 00:00:00,0.52,0.51,1.0,stress,0.0,0.0,0.0,0.0,0,0.9854285714285714,2
2025-01-29 00:00:00,0.78,1.3,1.0,stress,0.0,0.0,0.1082013684562872,0.0115196706232958,0,0.9793650793650794,2
2025-01-30 00:00:00,0.56,0.37,1.0,stress,0.0,0.0,0.0,0.0,0,0.9823809523809524,2
2025-01-30 00:00:00,2.17,0.42,1.0,stress,0.2339999999999999,0.1591035847462855,0.814559803822354,0.2354286651937165,1,0.9809090909090908,3
2025-01-30 00:00:00,3.07,0.46,1.0,stress,0.414,0.2928932188134524,0.8686869436510415,0.3647732886775812,1,0.979090909090909,3
2025-01-30 00:00:00,0.6,0.23,1.0,stress,0.0,0.0,0.112777699135205,0.0120068901736263,0,0.99,2
2025-01-30 00:00:00,0.6,0.23,1.0,stress,0.0,0.0,0.0882608080188561,0.0093966966576205,0,0.99,2
2025-01-30 00:00:00,0.48,0.32,1.0,stress,0.0,0.0,0.0098361767158791,0.0010472096386214,0,0.984,2
2025-01-30 00:00:00,0.76,0.22,1.0,stress,0.0,0.0,0.2598790458332985,0.0276680512696606,0,0.9926666666666668,2
2025-01-30 00:00:00,0.34,0.23,1.0,stress,0.0,0.0,0.0539461499827102,0.0057433828061684,0,0.9923333333333332,2
2025-01-30 00:00:00,0.4,0.23,1.0,stress,0.0,0.0,0.0392270257861582,0.0041763096256091,0,0.9923333333333332,2
2025-01-30 00:00:00,0.54,0.5,1.0,stress,0.0,0.0,0.1574603581351127,0.0167640343908912,0,0.9852941176470588,2
2025-01-30 00:00:00,0.6,0.23,1.0,stress,0.0,0.0,0.181424994260982,0.0193154320184423,0,0.99,2
2025-01-30 00:00:00,0.47,0.2,1.0,stress,0.0,0.0,0.1176810773584747,0.0125289288768274,0,0.99375,2
2025-01-31 00:00:00,0.47,0.3,1.0,stress,0.0,0.0,0.0,0.0,0,0.9842105263157894,2
2025-01-31 00:00:00,0.43,0.4,1.0,stress,0.0,0.0,0.0983829864563662,0.0104743555010708,0,0.977777777777778,2
2025-01-31 00:00:00,0.42,0.4,1.0,stress,0.0,0.0,0.1078743209119352,0.0114848514704251,0,0.977777777777778,2
2025-01-31 00:00:00,0.48,0.3,1.0,stress,0.0,0.0,0.0882608080188561,0.0093966966576205,0,0.985,2
2025-01-31 00:00:00,0.41,0.35,1.0,stress,0.0,0.0,0.0049170788388936,0.0005234973407542,0,0.9794117647058824,2
2025-01-31 00:00:00,0.37,0.3,1.0,stress,0.0,0.0,0.0,0.0,0,0.9833333333333332,2
2025-01-31 00:00:00,0.4,0.34,1.0,stress,0.0,0.0,0.0491155052030856,0.0052290876770647,0,0.98,2
2025-01-31 00:00:00,0.37,0.34,1.0,stress,0.0,0.0,0.0098067564465395,0.0010440774064022,0,0.98,2
2025-01-31 00:00:00,0.37,0.31,1.0,stress,0.0,0.0,0.0343236475628884,0.003654270922408,0,0.981764705882353,2
2025-01-31 00:00:00,0.37,0.27,1.0,stress,0.0,0.0,0.0147101346698093,0.0015661161096034,0,0.9841176470588237,2
2025-01-31 00:00:00,0.42,0.4,1.0,stress,0.0,0.0,0.0393770114729876,0.0041922778682953,0,0.9764705882352942,2
2025-01-31 00:00:00,0.37,0.28,1.0,stress,0.0,0.0,0.0294202693396187,0.0031322322192068,0,0.9844444444444445,2
2025-02-01 00:00:00,0.12,0.04,2.0,comfort,0.12,0.0,0.0,0.0104814551492163,0,0.9990476190476192,1
2025-02-01 00:00:00,0.12,0.04,2.0,comfort,0.12,0.0,0.0,0.0104814551492163,0,0.9990476190476192,1
2025-02-01 00:00:00,0.11,0.04,2.0,comfort,0.11,0.0,0.0,0.0096080005534482,0,0.9991111111111112,1
2025-02-01 00:00:00,0.13,0.05,2.0,comfort,0.13,0.0,0.044130404009428,0.0160532580737946,0,0.9993055555555556,1
2025-02-01 00:00:00,0.1,0.04,2.0,comfort,0.1,0.0,0.0294228453897722,0.0118670524363507,0,0.9991304347826088,1
2025-02-01 00:00:00,0.11,0.05,2.0,comfort,0.11,0.0,0.0343246148154365,0.0132623744545054,0,0.999074074074074,1
2025-02-01 00:00:00,0.12,0.05,2.0,comfort,0.12,0.0,0.0343236475628884,0.0141357260716243,0,0.99921875,1
2025-02-01 00:00:00,0.13,0.05,2.0,comfort,0.13,0.0,0.044130404009428,0.0160532580737946,0,0.9992537313432835,1
2025-02-01 00:00:00,0.11,0.04,2.0,comfort,0.11,0.0,0.0294220830486305,0.012740425869385,0,0.9991304347826088,1
2025-02-01 00:00:00,0.13,0.05,2.0,comfort,0.13,0.0,0.0392270257861582,0.0155312193705934,0,0.9992537313432835,1
2025-02-01 00:00:00,0.11,0.04,2.0,comfort,0.11,0.0,0.0294202693396187,0.0127402327726551,0,0.9992592592592592,1
2025-02-01 00:00:00,0.13,0.05,2.0,comfort,0.13,0.0,0.0441305259840107,0.016053271059832,0,0.9992537313432835,1
2025-02-02 00:00:00,0.31,0.06,2.0,comfort,0.31,0.0,0.1278652231637904,0.0406902775517326,0,0.9933333333333332,1
2025-02-02 00:00:00,0.32,0.06,2.0,comfort,0.32,0.0,0.1372945902515539,0.0425676307542088,0,0.9933333333333332,1
2025-02-02 00:00:00,0.32,0.08,2.0,comfort,0.32,0.0,0.1325383133749822,0.0420612532121037,0,0.991111111111111,1
2025-02-02 00:00:00,0.33,0.09,2.0,comfort,0.33,0.0,0.1324647627016332,0.0429268772273237,0,0.99,1
2025-02-02 00:00:00,0.33,0.11,2.0,comfort,0.33,0.0,0.1324574076342983,0.0429260941692689,0,0.989,1
2025-02-02 00:00:00,0.32,0.08,2.0,comfort,0.32,0.0,0.1176810773584748,0.0404794759414042,0,0.992,1
2025-02-02 00:00:00,0.27,0.09,2.0,comfort,0.27,0.0,0.088268831728676,0.0329808249885079,0,0.9918181818181818,1
2025-02-02 00:00:00,0.28,0.08,2.0,comfort,0.28,0.0,0.0833574297955863,0.0333313866359241,0,0.9927272727272728,1
2025-02-02 00:00:00,0.27,0.08,2.0,comfort,0.27,0.0,0.0931641862421258,0.0335020094465584,0,0.9927272727272728,1
2025-02-02 00:00:00,0.27,0.09,2.0,comfort,0.27,0.0,0.0883009265679556,0.0329842419691107,0,0.9918181818181818,1
2025-02-02 00:00:00,0.31,0.16,2.0,stress,0.0,0.0,0.113136537268817,0.0120450939150878,0,0.9854545454545456,2
2025-02-02 00:00:00,0.29,0.08,2.0,comfort,0.29,0.0,0.1029709426886654,0.0362929960444967,0,0.992,1
2025-02-03 00:00:00,0.13,0.1,2.0,comfort,0.13,0.0,0.0196135128930791,0.0134430645577889,0,0.996969696969697,1
2025-02-03 00:00:00,0.12,0.04,2.0,comfort,0.12,0.0,0.0,0.0104814551492163,0,0.9986666666666668,1
2025-02-03 00:00:00,0.15,0.03,2.0,comfort,0.15,0.0,0.0343236475628884,0.0167560898589283,0,0.9995081967213114,1
2025-02-03 00:00:00,0.15,0.05,2.0,comfort,0.15,0.0,0.0245210777439302,0.0157124581822931,0,0.9991666666666668,1
2025-02-03 00:00:00,0.13,0.03,2.0,comfort,0.13,0.0,0.044130404009428,0.0160532580737946,0,0.9993478260869564,1
2025-02-03 00:00:00,0.15,0.05,2.0,comfort,0.15,0.0,0.0588590698410845,0.0193682562971234,0,0.9987179487179488,1
2025-02-03 00:00:00,0.15,0.05,2.0,comfort,0.15,0.0,0.0490354812549512,0.0183223868551233,0,0.9986486486486488,1
2025-02-03 00:00:00,0.15,0.05,2.0,comfort,0.15,0.0,0.0588405386792374,0.0193662833749341,0,0.9986486486486488,1
2025-02-03 00:00:00,0.15,0.05,2.0,comfort,0.15,0.0,0.0490337822326978,0.0183222059685318,0,0.9986486486486488,1
2025-02-03 00:00:00,0.15,0.05,2.0,comfort,0.15,0.0,0.0490337822326978,0.0183222059685318,0,0.9989795918367348,1
2025-02-03 00:00:00,0.15,0.05,2.0,comfort,0.15,0.0,0.0490337822326978,0.0183222059685318,0,0.999122807017544,1
2025-02-03 00:00:00,0.15,0.05,2.0,comfort,0.15,0.0,0.0490463274255205,0.0183235415938689,0,0.9986111111111112,1
2025-02-04 00:00:00,0.16,0.05,2.0,comfort,0.16,0.0,0.0539371604559676,0.0197176992675009,0,0.9991935483870968,1
2025-02-04 00:00:00,0.12,0.05,2.0,comfort,0.12,0.0,0.0343236475628884,0.0141357260716243,0,0.9992753623188406,1
2025-02-04 00:00:00,0.13,0.08,2.0,comfort,0.13,0.0,0.0392369528038321,0.0155322762516247,0,0.9987692307692309,1
2025-02-04 00:00:00,0.17,0.16,2.0,stress,0.0,0.0,0.0588654621441724,0.0062671179178561,0,0.997922077922078,2
2025-02-04 00:00:00,0.15,0.11,2.0,comfort,0.15,0.0,0.0490337822326978,0.0183222059685318,0,0.9986075949367088,1
2025-02-04 00:00:00,0.15,0.13,2.0,comfort,0.15,0.0,0.0343340750001227,0.0167572000171833,0,0.998,1
2025-02-04 00:00:00,0.14,0.17,2.0,stress,0.0,0.0,0.0,0.0,0,0.9977922077922078,2
2025-02-04 00:00:00,0.15,0.17,2.0,stress,0.0,0.0,0.0196187511060951,0.0020887124997309,0,0.997258064516129,2
2025-02-04 00:00:00,0.15,0.2,2.0,stress,0.0,0.0,0.0098129252126914,0.0010447341647708,0,0.996,2
2025-02-04 00:00:00,0.18,0.36,2.0,stress,0.0,0.0,0.0049162024432383,0.0005234040351941,0,0.9907692307692308,2
2025-02-04 00:00:00,0.12,0.05,2.0,comfort,0.12,0.0,0.0,0.0104814551492163,0,0.9993055555555556,1
2025-02-04 00:00:00,0.17,0.16,2.0,stress,0.0,0.0,0.0,0.0,0,0.9972413793103448,2
2025-02-09 00:00:00,0.29,0.07,2.0,comfort,0.29,0.0,0.0,0.0253301832772727,0,0.9958823529411764,1
2025-02-09 00:00:00,0.28,0.07,2.0,comfort,0.28,0.0,0.112777699135205,0.036463618855131,0,0.9965,1
2025-02-09 00:00:00,0.25,0.09,2.0,comfort,0.25,0.0,0.0441699915777306,0.0265389279178353,0,0.9947058823529412,1
2025-02-09 00:00:00,0.24,0.06,2.0,comfort,0.24,0.0,0.0834146358748578,0.0298436587043894,0,0.9933333333333332,1
2025-02-09 00:00:00,0.23,0.06,2.0,comfort,0.23,0.0,0.0784540515723165,0.0284420749538828,0,0.9964705882352942,1
2025-02-09 00:00:00,0.23,0.05,2.0,comfort,0.23,0.0,0.0686472951257769,0.0273979975474806,0,0.9976190476190476,1
2025-02-09 00:00:00,0.23,0.06,2.0,comfort,0.23,0.0,0.0833832309048087,0.0289668605750223,0,0.997,1
2025-02-09 00:00:00,0.23,0.06,2.0,comfort,0.23,0.0,0.0834247569504212,0.0289712816500472,0,0.9953846153846152,1
2025-02-09 00:00:00,0.24,0.1,2.0,comfort,0.24,0.0,0.0933075157594214,0.0308969052521171,0,0.9923076923076924,1
2025-02-09 00:00:00,0.24,0.12,2.0,comfort,0.24,0.0,0.088362647412724,0.0303704492983504,0,0.99,1
2025-02-09 00:00:00,0.26,0.16,2.0,stress,0.0,0.0,0.0982310104061713,0.0104581753541295,0,0.9866666666666668,2
2025-02-09 00:00:00,0.23,0.05,2.0,comfort,0.23,0.0,0.0637439169025071,0.0268759588442794,0,0.9976190476190476,1
2025-02-10 00:00:00,0.51,0.12,2.0,comfort,0.51,0.0,0.1918867019416297,0.06497542326437,0,0.9907692307692308,2
2025-02-10 00:00:00,0.5,0.1,2.0,comfort,0.5,0.0,0.1667148595911726,0.0614220456972401,0,0.9933333333333334,2
2025-02-10 00:00:00,0.47,0.06,2.0,comfort,0.47,0.0,0.2059418853773309,0.0629779915355452,0,0.9966666666666668,2
2025-02-10 00:00:00,0.47,0.08,2.0,comfort,0.47,0.0,0.1717135812798949,0.0593338713656994,0,0.9955555555555556,2
2025-02-10 00:00:00,0.43,0.05,2.0,comfort,0.43,0.0,0.1618114813679028,0.0547858248236628,0,0.9970588235294118,2
2025-02-10 00:00:00,0.43,0.08,2.0,comfort,0.43,0.0,0.1816419927835294,0.0568970824080973,0,0.9946666666666668,2
2025-02-10 00:00:00,0.43,0.1,2.0,comfort,0.43,0.0,0.1716653487032542,0.055834917896037,0,0.9941176470588234,2
2025-02-10 00:00:00,0.75,0.08,2.0,comfort,0.75,0.0,0.3432364756288848,0.1020518039066819,0,0.9952941176470588,2
2025-02-10 00:00:00,0.78,0.09,2.0,comfort,0.78,0.0,0.3435321204923467,0.1047036435569731,0,0.9935714285714284,2
2025-02-10 00:00:00,0.79,0.09,2.0,comfort,0.79,0.0,0.3383330974056151,0.1050235835865529,0,0.994375,2
2025-02-10 00:00:00,0.54,0.09,2.0,comfort,0.54,0.0,0.22555539827041,0.071180328518726,0,0.994375,2
2025-02-10 00:00:00,0.55,0.09,2.0,comfort,0.55,0.0,0.2255976899075858,0.0720582856983091,0,0.994,2
2025-02-11 00:00:00,0.19,0.04,2.0,comfort,0.19,0.0,0.0490337822326978,0.0218160243516039,0,0.9975,1
2025-02-11 00:00:00,0.19,0.04,2.0,comfort,0.19,0.0,0.0490337822326978,0.0218160243516039,0,0.9986666666666668,1
2025-02-11 00:00:00,0.19,0.04,2.0,comfort,0.19,0.0,0.0490337822326978,0.0218160243516039,0,0.9992592592592592,1
2025-02-11 00:00:00,0.18,0.06,2.0,comfort,0.18,0.0,0.0687042469558072,0.0230367879515043,0,0.9976,1
2025-02-11 00:00:00,0.19,0.04,2.0,comfort,0.19,0.0,0.0735849969966096,0.024429872138532,0,0.9966666666666668,1
2025-02-11 00:00:00,0.17,0.04,2.0,comfort,0.17,0.0,0.0637439169025071,0.0216352312696713,0,0.9973333333333334,1
2025-02-11 00:00:00,0.18,0.04,2.0,comfort,0.18,0.0,0.058846142540064,0.0219872437778989,0,0.9971428571428572,1
2025-02-11 00:00:00,0.18,0.04,2.0,comfort,0.18,0.0,0.0686636397198545,0.0230324646976511,0,0.9966666666666668,1
2025-02-11 00:00:00,0.15,0.04,2.0,comfort,0.15,0.0,0.0539371604559676,0.0188442446717329,0,0.9966666666666668,1
2025-02-11 00:00:00,0.17,0.04,2.0,comfort,0.17,0.0,0.0637439169025071,0.0216352312696713,0,0.9976470588235294,1
2025-02-11 00:00:00,0.18,0.06,2.0,comfort,0.18,0.0,0.0686646011665649,0.0230325670581811,0,0.9971428571428572,1
2025-02-11 00:00:00,0.19,0.04,2.0,comfort,0.19,0.0,0.0735506733490467,0.0244262178676096,0,0.9971428571428572,1
2025-02-12 00:00:00,0.22,0.04,2.0,comfort,0.22,0.0,0.0882608080188561,0.0286126977645171,0,0.99875,1
2025-02-12 00:00:00,0.22,0.04,2.0,comfort,0.22,0.0,0.0784703961663941,0.0275703604871255,0,0.9983333333333334,1
2025-02-12 00:00:00,0.23,0.06,2.0,comfort,0.23,0.0,0.0931797136064995,0.0300098441860464,0,0.998,1
2025-02-12 00:00:00,0.22,0.04,2.0,comfort,0.22,0.0,0.0882608080188561,0.0286126977645171,0,0.9983333333333334,1
2025-02-12 00:00:00,0.22,0.04,2.0,comfort,0.22,0.0,0.0882608080188561,0.0286126977645171,0,0.9983333333333334,1
2025-02-12 00:00:00,0.23,0.04,2.0,comfort,0.23,0.0,0.0833574297955863,0.028964113657084,0,0.9986666666666668,1
2025-02-12 00:00:00,0.24,0.04,2.0,comfort,0.24,0.0,0.0980675644653956,0.0314036843624554,0,0.9986666666666668,1
2025-02-12 00:00:00,0.24,0.05,2.0,comfort,0.24,0.0,0.0980722343494178,0.0314041815421728,0,0.9985714285714288,1
2025-02-12 00:00:00,0.24,0.05,2.0,comfort,0.24,0.0,0.0980718098145067,0.0314041363440167,0,0.9984848484848484,1
2025-02-12 00:00:00,0.24,0.06,2.0,comfort,0.24,0.0,0.0980852091976385,0.0314055629108192,0,0.998125,1
2025-02-12 00:00:00,0.24,0.04,2.0,comfort,0.24,0.0,0.0931641862421258,0.0308816456592543,0,0.9986666666666668,1
2025-02-12 00:00:00,0.22,0.06,2.0,comfort,0.22,0.0,0.0833980398254867,0.0280949826126271,0,0.9976923076923078,1
2025-02-13 00:00:00,0.46,0.08,2.0,comfort,0.46,0.0,0.1961351289307913,0.0610604595333749,0,0.9982222222222222,2
2025-02-13 00:00:00,0.43,0.07,2.0,comfort,0.43,0.0,0.1912709266564512,0.0579222279145921,0,0.9978125,2
2025-02-13 00:00:00,0.42,0.07,2.0,comfort,0.42,0.0,0.1765216160377122,0.0554784863374982,0,0.9978125,2
2025-02-13 00:00:00,0.43,0.08,2.0,comfort,0.43,0.0,0.1716182378144424,0.0558299022300651,0,0.9981818181818182,2
2025-02-13 00:00:00,0.43,0.08,2.0,comfort,0.43,0.0,0.176542189652635,0.0563541313054475,0,0.997948717948718,2
2025-02-13 00:00:00,0.43,0.08,2.0,comfort,0.43,0.0,0.1765216160377122,0.0563519409332662,0,0.9983333333333334,2
2025-02-13 00:00:00,0.41,0.09,2.0,comfort,0.41,0.0,0.1619678991332251,0.0530555686667589,0,0.9964,2
2025-02-13 00:00:00,0.47,0.09,2.0,comfort,0.47,0.0,0.1912317507075215,0.0614118754259418,0,0.9980434782608696,2
2025-02-13 00:00:00,0.41,0.1,2.0,comfort,0.41,0.0,0.1620209408941794,0.0530612157636874,0,0.9954545454545454,2
2025-02-13 00:00:00,0.43,0.07,2.0,comfort,0.43,0.0,0.1667148595911726,0.0553078635268639,0,0.9978125,2
2025-02-13 00:00:00,0.47,0.09,2.0,comfort,0.47,0.0,0.1863283724842517,0.0608898367227406,0,0.998235294117647,2
2025-02-14 00:00:00,0.46,0.06,2.0,comfort,0.46,0.0,0.1765776876098653,0.0589782743866822,0,0.9976,2
2025-02-14 00:00:00,0.46,0.06,2.0,comfort,0.46,0.0,0.1912317507075215,0.0605384208301737,0,0.9976,2
2025-02-14 00:00:00,0.44,0.07,2.0,comfort,0.44,0.0,0.1717284347881969,0.0567150889587945,0,0.9963157894736842,2
2025-02-14 00:00:00,0.44,0.07,2.0,comfort,0.44,0.0,0.1863283724842517,0.0582694729354365,0,0.9972,2
2025-02-14 00:00:00,0.46,0.06,2.0,comfort,0.46,0.0,0.1961351289307913,0.0610604595333749,0,0.9976,2
2025-02-14 00:00:00,0.45,0.05,2.0,comfort,0.45,0.0,0.1864153257247444,0.0591521850175413,0,0.9966666666666666,2
2025-02-14 00:00:00,0.46,0.05,2.0,comfort,0.46,0.0,0.1912317507075215,0.0605384208301737,0,0.996875,2
2025-02-14 00:00:00,0.46,0.05,2.0,comfort,0.46,0.0,0.1961351289307913,0.0610604595333749,0,0.9975,2
2025-02-14 00:00:00,0.46,0.05,2.0,comfort,0.46,0.0,0.2010385071540611,0.061582498236576,0,0.9977272727272728,2
2025-02-14 00:00:00,0.42,0.07,2.0,comfort,0.42,0.0,0.1814377906947465,0.0560018874144311,0,0.9975862068965518,2
2025-02-14 00:00:00,0.46,0.05,2.0,comfort,0.46,0.0,0.2010385071540611,0.061582498236576,0,0.9976190476190476,2
2025-02-14 00:00:00,0.46,0.06,2.0,comfort,0.46,0.0,0.2010504737318679,0.0615837722596017,0,0.9975,2
2025-02-15 00:00:00,0.49,0.1,2.0,comfort,0.49,0.0,0.2059873137343994,0.0647297372621256,0,0.9970588235294118,2
2025-02-15 00:00:00,0.45,0.11,2.0,comfort,0.45,0.0,0.1963157137042314,0.060206230915423,0,0.9952173913043478,2
2025-02-15 00:00:00,0.46,0.12,2.0,comfort,0.46,0.0,0.1962010241322107,0.0610674750732598,0,0.9945454545454544,2
2025-02-15 00:00:00,0.46,0.09,2.0,comfort,0.46,0.0,0.1765216160377122,0.0589723047205703,0,0.9955,2
2025-02-15 00:00:00,0.48,0.09,2.0,comfort,0.48,0.0,0.181446478799776,0.0612435399690992,0,0.9952631578947368,2
2025-02-15 00:00:00,0.47,0.09,2.0,comfort,0.47,0.0,0.1716182378144424,0.0593237206131372,0,0.9952631578947368,2
2025-02-15 00:00:00,0.49,0.08,2.0,comfort,0.49,0.0,0.1961351289307913,0.063680823320679,0,0.9961904761904764,2
2025-02-15 00:00:00,0.49,0.09,2.0,comfort,0.49,0.0,0.1962807194326587,0.0636963236295135,0,0.9947058823529412,2
2025-02-15 00:00:00,0.49,0.1,2.0,comfort,0.49,0.0,0.1963164303104752,0.0637001255920578,0,0.9928571428571428,2
2025-02-15 00:00:00,0.49,0.1,2.0,comfort,0.49,0.0,0.2010385071540611,0.0642028620238801,0,0.9970588235294118,2
2025-02-15 00:00:00,0.49,0.1,2.0,comfort,0.49,0.0,0.1963915147202433,0.0637081194620228,0,0.9944444444444444,2
2025-02-15 00:00:00,0.49,0.1,2.0,comfort,0.49,0.0,0.1912317507075215,0.0631587846174778,0,0.9944444444444444,2
2025-02-16 00:00:00,0.1,0.08,2.0,comfort,0.1,0.0,0.0,0.0087345459576802,0,0.9971428571428572,1
2025-02-16 00:00:00,0.1,0.08,2.0,comfort,0.1,0.0,0.0,0.0087345459576802,0,0.995,1
2025-02-16 00:00:00,0.13,0.09,2.0,comfort,0.13,0.0,0.0147101346698093,0.0129210258545877,0,0.99625,1
2025-02-16 00:00:00,0.1,0.08,2.0,comfort,0.1,0.0,0.009837402560435,0.0097818861059775,0,0.99,1
2025-02-16 00:00:00,0.1,0.06,2.0,comfort,0.1,0.0,0.0098067564465395,0.0097786233640825,0,0.9976,1
2025-02-16 00:00:00,0.09,0.08,2.0,comfort,0.09,0.0,0.0,0.0078610913619122,0,0.9942857142857144,1
2025-02-16 00:00:00,0.11,0.06,2.0,comfort,0.11,0.0,0.0147101346698093,0.0111741166630517,0,0.9972727272727272,1
2025-02-16 00:00:00,0.51,0.08,2.0,comfort,0.51,0.0,0.2206520200471402,0.0680379260282207,0,0.9973333333333334,2
2025-02-16 00:00:00,0.52,0.07,2.0,comfort,0.52,0.0,0.2158205580378117,0.0683969984884346,0,0.9966666666666668,2
2025-02-16 00:00:00,0.54,0.08,2.0,comfort,0.54,0.0,0.2354406087685219,0.0722327585443795,0,0.996,2
2025-02-16 00:00:00,0.51,0.08,2.0,comfort,0.51,0.0,0.2108452636006006,0.0669938486218185,0,0.9968,2
2025-02-16 00:00:00,0.51,0.11,2.0,comfort,0.51,0.0,0.2162510279469746,0.0675693739190104,0,0.9921428571428572,2
2025-02-17 00:00:00,0.15,0.04,2.0,comfort,0.15,0.0,0.0343236475628884,0.0167560898589283,0,0.9991836734693876,1
2025-02-17 00:00:00,0.12,0.04,2.0,comfort,0.12,0.0,0.0196135128930791,0.0125696099620208,0,0.9994444444444444,1
2025-02-17 00:00:00,0.13,0.04,2.0,comfort,0.13,0.0,0.0098077330103366,0.0123990911213589,0,0.999245283018868,1
2025-02-17 00:00:00,0.13,0.04,2.0,comfort,0.13,0.0,0.0441310570675709,0.0160533276017018,0,0.99921568627451,1
2025-02-17 00:00:00,0.1,0.03,2.0,comfort,0.1,0.0,0.0294202693396187,0.0118667781768871,0,0.9996296296296296,1
2025-02-17 00:00:00,0.1,0.04,2.0,comfort,0.1,0.0,0.0294246278980393,0.0118672422112899,0,0.9993333333333332,1
2025-02-17 00:00:00,0.12,0.1,2.0,comfort,0.12,0.0,0.0392466392990513,0.0146598529296382,0,0.9983333333333332,1
2025-02-17 00:00:00,0.13,0.04,2.0,comfort,0.13,0.0,0.0490337822326978,0.0165752967769957,0,0.9991489361702128,1
2025-02-17 00:00:00,0.11,0.09,2.0,comfort,0.11,0.0,0.0343419048222304,0.0132642152369852,0,0.9980851063829786,1
2025-02-17 00:00:00,0.11,0.09,2.0,comfort,0.11,0.0,0.0049043412435427,0.0101301417847089,0,0.9976923076923075,1
2025-02-17 00:00:00,0.1,0.09,2.0,comfort,0.1,0.0,0.0295754531778936,0.01188329984134,0,0.9871428571428572,1
2025-02-17 00:00:00,0.13,0.04,2.0,comfort,0.13,0.0,0.0196135128930791,0.0134430645577889,0,0.9994366197183098,1
2025-02-18 00:00:00,0.1,0.03,2.0,comfort,0.1,0.0,0.0049033782232697,0.0092565846608814,0,0.9996470588235294,1
2025-02-18 00:00:00,0.09,0.03,2.0,comfort,0.09,0.0,0.0,0.0078610913619122,0,0.9997321428571428,1
2025-02-18 00:00:00,0.11,0.05,2.0,comfort,0.11,0.0,0.0343279890956903,0.0132627336976247,0,0.9994791666666668,1
2025-02-18 00:00:00,0.1,0.04,2.0,comfort,0.1,0.0,0.0343242434595475,0.0123888803222917,0,0.9994444444444444,1
2025-02-18 00:00:00,0.11,0.04,2.0,comfort,0.11,0.0,0.0392270257861582,0.0137843101790574,0,0.9994736842105262,1
2025-02-18 00:00:00,0.11,0.05,2.0,comfort,0.11,0.0,0.029425661212289,0.0127408068189735,0,0.9991071428571427,1
2025-02-18 00:00:00,0.12,0.05,2.0,comfort,0.12,0.0,0.0392270257861582,0.0146577647748254,0,0.9992753623188406,1
2025-02-18 00:00:00,0.12,0.05,2.0,comfort,0.12,0.0,0.0392270257861582,0.0146577647748254,0,0.9992857142857144,1
2025-02-18 00:00:00,0.09,0.03,2.0,comfort,0.09,0.0,0.0196135128930791,0.0099492461747168,0,0.9995774647887324,1
2025-02-18 00:00:00,0.11,0.06,2.0,comfort,0.11,0.0,0.0294249501858099,0.012740731119461,0,0.9992592592592592,1
2025-02-18 00:00:00,0.11,0.06,2.0,comfort,0.11,0.0,0.0294214634652134,0.0127403599053682,0,0.9991780821917808,1
2025-02-18 00:00:00,0.11,0.1,2.0,comfort,0.11,0.0,0.0392410797258498,0.0137858064332963,0,0.9984615384615384,1
2025-02-19 00:00:00,0.1,0.06,2.0,comfort,0.1,0.0,0.0196135128930791,0.0108227007704848,0,0.9986363636363637,1
2025-02-19 00:00:00,0.1,0.05,2.0,comfort,0.1,0.0,0.0196135128930791,0.0108227007704848,0,0.9989130434782608,1
2025-02-19 00:00:00,0.11,0.04,2.0,comfort,0.11,0.0,0.0049033782232697,0.0101300392566494,0,0.9992,1
2025-02-19 00:00:00,0.11,0.04,2.0,comfort,0.11,0.0,0.0245168911163489,0.012218194069454,0,0.9992307692307691,1
2025-02-19 00:00:00,0.12,0.04,2.0,comfort,0.12,0.0,0.0343236475628884,0.0141357260716243,0,0.9992857142857144,1
2025-02-19 00:00:00,0.12,0.04,2.0,comfort,0.12,0.0,0.0392270257861582,0.0146577647748254,0,0.9993846153846152,1
2025-02-19 00:00:00,0.1,0.03,2.0,comfort,0.1,0.0,0.0294202693396187,0.0118667781768871,0,0.9994545454545456,1
2025-02-19 00:00:00,0.12,0.14,2.0,comfort,0.12,0.0,0.0392747507362926,0.0146628458169038,0,0.9970212765957448,1
2025-02-19 00:00:00,0.1,0.03,2.0,comfort,0.1,0.0,0.0294202693396187,0.0118667781768871,0,0.9994736842105264,1
2025-02-19 00:00:00,0.13,0.03,2.0,comfort,0.13,0.0,0.0490337822326978,0.0165752967769957,0,0.9995,1
2025-02-19 00:00:00,0.11,0.12,2.0,comfort,0.11,0.0,0.0,0.0096080005534482,0,0.998,1
2025-02-19 00:00:00,0.13,0.04,2.0,comfort,0.13,0.0,0.0490337822326978,0.0165752967769957,0,0.999,1
2025-02-20 00:00:00,0.13,0.13,2.0,comfort,0.13,0.0,0.0490954057698281,0.0165818575336711,0,0.9964864864864864,1
2025-02-20 00:00:00,0.14,0.11,2.0,comfort,0.14,0.0,0.009809505086985,0.0132727343814627,0,0.995925925925926,1
2025-02-20 00:00:00,0.14,0.1,2.0,comfort,0.14,0.0,0.0490337822326978,0.0174487513727637,0,0.996969696969697,1
2025-02-20 00:00:00,0.14,0.08,2.0,comfort,0.14,0.0,0.0049033782232697,0.0127504030439535,0,0.997837837837838,1
2025-02-20 00:00:00,0.14,0.12,2.0,comfort,0.14,0.0,0.0147295361447252,0.0137965460305219,0,0.9952,1
2025-02-20 00:00:00,0.13,0.07,2.0,comfort,0.13,0.0,0.0147101346698093,0.0129210258545877,0,0.9982051282051282,1
2025-02-20 00:00:00,0.14,0.14,2.0,comfort,0.14,0.0,0.0294582233729815,0.0153646373403061,0,0.995625,1
2025-02-20 00:00:00,0.11,0.06,2.0,comfort,0.11,0.0,0.0,0.0096080005534482,0,0.9985,1
2025-02-20 00:00:00,0.11,0.06,2.0,comfort,0.11,0.0,0.0196135128930791,0.0116961553662528,0,0.9991428571428572,1
2025-02-20 00:00:00,0.11,0.05,2.0,comfort,0.11,0.0,0.0,0.0096080005534482,0,0.9992857142857144,1
2025-02-20 00:00:00,0.11,0.05,2.0,comfort,0.11,0.0,0.0245168911163489,0.012218194069454,0,0.9992957746478872,1
2025-02-20 00:00:00,0.13,0.07,2.0,comfort,0.13,0.0,0.0343371219345718,0.0150106152178593,0,0.9985106382978725,1
2025-02-21 00:00:00,0.11,0.04,2.0,comfort,0.11,0.0,0.0294202693396187,0.0127402327726551,0,0.99875,1
2025-02-21 00:00:00,0.11,0.04,2.0,comfort,0.11,0.0,0.0294202693396187,0.0127402327726551,0,0.99875,1
2025-02-21 00:00:00,0.11,0.04,2.0,comfort,0.11,0.0,0.019614330122783,0.0116962423727033,0,0.9986666666666668,1
2025-02-21 00:00:00,0.13,0.03,2.0,comfort,0.13,0.0,0.044130404009428,0.0160532580737946,0,0.999,1
2025-02-21 00:00:00,0.13,0.03,2.0,comfort,0.13,0.0,0.0441384277192479,0.0160541123189453,0,0.9986363636363637,1
2025-02-21 00:00:00,0.14,0.03,2.0,comfort,0.14,0.0,0.0490371254451227,0.0174491073082432,0,0.9985,1
2025-02-21 00:00:00,0.13,0.03,2.0,comfort,0.13,0.0,0.0490337822326978,0.0165752967769957,0,0.9986363636363637,1
2025-02-21 00:00:00,0.17,0.03,2.0,comfort,0.17,0.0,0.0686472951257769,0.0221572699728724,0,0.998695652173913,1
2025-02-21 00:00:00,0.14,0.14,2.0,comfort,0.14,0.0,0.0540530080962513,0.0179831238077614,0,0.9944,1
2025-02-21 00:00:00,0.14,0.03,2.0,comfort,0.14,0.0,0.0539371604559676,0.0179707900759649,0,0.9985,1
2025-02-21 00:00:00,0.14,0.03,2.0,comfort,0.14,0.0,0.0539371604559676,0.0179707900759649,0,0.9985,1
2025-02-21 00:00:00,0.14,0.03,2.0,comfort,0.14,0.0,0.0,0.0122283643407523,0,0.9985714285714286,1
2025-02-22 00:00:00,0.13,0.06,2.0,comfort,0.13,0.0,0.0490761798639516,0.0165798106454821,0,0.996842105263158,1
2025-02-22 00:00:00,0.13,0.06,2.0,comfort,0.13,0.0,0.0490337822326978,0.0165752967769957,0,0.996842105263158,1
2025-02-22 00:00:00,0.13,0.06,2.0,comfort,0.13,0.0,0.0490337822326978,0.0165752967769957,0,0.9972727272727272,1
2025-02-22 00:00:00,0.14,0.06,2.0,comfort,0.14,0.0,0.0392270257861582,0.0164046739663615,0,0.9976,1
2025-02-22 00:00:00,0.14,0.06,2.0,comfort,0.14,0.0,0.0392289871374475,0.0164048827818427,0,0.9975,1
2025-02-22 00:00:00,0.13,0.06,2.0,comfort,0.13,0.0,0.0343275479773842,0.0150095959254517,0,0.9972727272727272,1
2025-02-22 00:00:00,0.14,0.05,2.0,comfort,0.14,0.0,0.0392270257861582,0.0164046739663615,0,0.9979166666666668,1
2025-02-22 00:00:00,0.13,0.05,2.0,comfort,0.13,0.0,0.0343236475628884,0.0150091806673923,0,0.998,1
2025-02-22 00:00:00,0.12,0.04,2.0,comfort,0.12,0.0,0.0294202693396187,0.0136136873684231,0,0.9984615384615384,1
2025-02-22 00:00:00,0.12,0.05,2.0,comfort,0.12,0.0,0.0343290259122216,0.0141362986781791,0,0.998148148148148,1
2025-02-22 00:00:00,0.14,0.05,2.0,comfort,0.14,0.0,0.044130404009428,0.0169267126695626,0,0.9982142857142856,1
2025-02-22 00:00:00,0.11,0.05,2.0,comfort,0.11,0.0,0.0343236475628884,0.0132622714758562,0,0.9982758620689656,1
2025-02-23 00:00:00,0.13,0.09,2.0,comfort,0.13,0.0,0.0392814701926373,0.0155370158003324,0,0.9955,1
2025-02-23 00:00:00,0.14,0.09,2.0,comfort,0.14,0.0,0.044130404009428,0.0169267126695626,0,0.9955,1
2025-02-23 00:00:00,0.14,0.09,2.0,comfort,0.14,0.0,0.044130404009428,0.0169267126695626,0,0.9957142857142858,1
2025-02-23 00:00:00,0.14,0.09,2.0,comfort,0.14,0.0,0.0245256471488904,0.014839490068728,0,0.995,1
2025-02-23 00:00:00,0.14,0.09,2.0,comfort,0.14,0.0,0.0245168911163489,0.014838557856758,0,0.9955,1
2025-02-23 00:00:00,0.14,0.1,2.0,comfort,0.14,0.0,0.0245168911163489,0.014838557856758,0,0.9958333333333332,1
2025-02-23 00:00:00,0.14,0.1,2.0,comfort,0.14,0.0,0.0245168911163489,0.014838557856758,0,0.9958333333333332,1
2025-02-23 00:00:00,0.64,0.15,2.0,stress,0.0,0.0,0.2700033670832473,0.0287459382478734,0,0.9934782608695653,2
2025-02-23 00:00:00,0.64,0.14,2.0,comfort,0.64,0.0,0.2647824240565683,0.0840911841020154,0,0.9948148148148148,2
2025-02-23 00:00:00,0.14,0.12,2.0,comfort,0.14,0.0,0.0196135128930791,0.0143165191535569,0,0.9966666666666668,1
2025-02-23 00:00:00,0.14,0.12,2.0,comfort,0.14,0.0,0.0,0.0122283643407523,0,0.9966666666666668,1
2025-02-23 00:00:00,0.13,0.09,2.0,comfort,0.13,0.0,0.0,0.0113549097449843,0,0.995,1
2025-02-24 00:00:00,0.13,0.15,2.0,stress,0.0,0.0,0.0049064428346593,0.0005223649773906,0,0.99375,2
2025-02-24 00:00:00,0.13,0.12,2.0,comfort,0.13,0.0,0.0049033782232697,0.0118769484481854,0,0.994,1
2025-02-24 00:00:00,0.15,0.12,2.0,comfort,0.15,0.0,0.0294202693396187,0.0162340511557272,0,0.9942857142857142,1
2025-02-24 00:00:00,0.17,0.16,2.0,stress,0.0,0.0,0.0098067564465395,0.0010440774064022,0,0.996279069767442,2
2025-02-24 00:00:00,0.17,0.13,2.0,comfort,0.17,0.0,0.0245168911163489,0.0174589216440621,0,0.997936507936508,1
2025-02-24 00:00:00,0.15,0.18,2.0,stress,0.0,0.0,0.0147264792638869,0.0015678562386141,0,0.9957142857142858,2
2025-02-24 00:00:00,0.15,0.18,2.0,stress,0.0,0.0,0.0,0.0,0,0.9967272727272728,2
2025-02-24 00:00:00,0.15,0.18,2.0,stress,0.0,0.0,0.0098083611885035,0.0010442482554324,0,0.9964,2
2025-02-24 00:00:00,0.18,0.1,2.0,comfort,0.18,0.0,0.0,0.0157221827238244,0,0.9956521739130434,1
2025-02-24 00:00:00,0.14,0.13,2.0,comfort,0.14,0.0,0.0,0.0122283643407523,0,0.995,1
2025-02-24 00:00:00,0.16,0.18,2.0,stress,0.0,0.0,0.0,0.0,0,0.996842105263158,2
2025-02-24 00:00:00,0.22,0.13,2.0,comfort,0.22,0.0,0.0588432484408871,0.0254807540403831,0,0.99675,1
2025-02-25 00:00:00,0.15,0.05,2.0,comfort,0.15,0.0,0.0098067564465395,0.0141458963429226,0,0.9983333333333332,1
2025-02-25 00:00:00,0.15,0.05,2.0,comfort,0.15,0.0,0.0,0.0131018189365203,0,0.9982142857142856,1
2025-02-25 00:00:00,0.15,0.05,2.0,comfort,0.15,0.0,0.0098070807440411,0.0141459308692919,0,0.998148148148148,1
2025-02-25 00:00:00,0.15,0.05,2.0,comfort,0.15,0.0,0.0490355284500138,0.0183223918797509,0,0.9980769230769232,1
2025-02-25 00:00:00,0.12,0.06,2.0,comfort,0.12,0.0,0.03433354861507,0.0141367801882365,0,0.9975,1
2025-02-25 00:00:00,0.12,0.06,2.0,comfort,0.12,0.0,0.0343275479773842,0.0141361413296836,0,0.9972727272727272,1
2025-02-25 00:00:00,0.14,0.06,2.0,comfort,0.14,0.0,0.0441364217917929,0.0169273533534256,0,0.997,1
2025-02-25 00:00:00,0.17,0.05,2.0,comfort,0.17,0.0,0.0539371604559676,0.020591153863269,0,0.9984375,1
2025-02-25 00:00:00,0.17,0.07,2.0,comfort,0.17,0.0,0.0539522281286328,0.0205927580447007,0,0.997878787878788,1
2025-02-25 00:00:00,0.17,0.09,2.0,comfort,0.17,0.0,0.0539371604559676,0.020591153863269,0,0.9979545454545454,1
2025-02-25 00:00:00,0.17,0.07,2.0,comfort,0.17,0.0,0.0588405386792374,0.0211131925664701,0,0.9983333333333332,1
2025-02-25 00:00:00,0.15,0.07,2.0,comfort,0.15,0.0,0.0392324739841841,0.017278708605133,0,0.9980555555555556,1
2025-02-26 00:00:00,0.17,0.22,2.0,stress,0.0,0.0,0.0395484694696837,0.004210532162819,0,0.9816666666666666,2
2025-02-26 00:00:00,0.17,0.18,2.0,stress,0.0,0.0,0.0490337822326978,0.0052203870320114,0,0.9861538461538462,2
2025-02-26 00:00:00,0.15,0.12,2.0,comfort,0.15,0.0,0.0392270257861582,0.0172781285621295,0,0.9914285714285714,1
2025-02-26 00:00:00,0.15,0.13,2.0,comfort,0.15,0.0,0.0,0.0131018189365203,0,0.99,1
2025-02-26 00:00:00,0.16,0.1,2.0,comfort,0.16,0.0,0.0,0.0139752735322884,0,0.9933333333333334,1
2025-02-26 00:00:00,0.16,0.09,2.0,comfort,0.16,0.0,0.0196135128930791,0.0160634283450929,0,0.994,1
2025-02-26 00:00:00,0.16,0.08,2.0,comfort,0.16,0.0,0.0147101346698093,0.0155413896418918,0,0.9946666666666668,1
2025-02-26 00:00:00,0.16,0.07,2.0,comfort,0.16,0.0,0.0294202693396187,0.0171075057514952,0,0.9953333333333332,1
2025-02-26 00:00:00,0.16,0.07,2.0,comfort,0.16,0.0,0.0343236475628884,0.0176295444546964,0,0.995625,1
2025-02-26 00:00:00,0.14,0.07,2.0,comfort,0.14,0.0,0.0294202693396187,0.0153605965599592,0,0.9961111111111112,1
2025-02-26 00:00:00,0.14,0.06,2.0,comfort,0.14,0.0,0.0343236475628884,0.0158826352631603,0,0.997,1
2025-02-26 00:00:00,0.14,0.07,2.0,comfort,0.14,0.0,0.0343472450705879,0.0158851475744195,0,0.995625,1
2025-02-27 00:00:00,0.12,0.05,2.0,comfort,0.12,0.0,0.0245168911163489,0.013091648665222,0,0.9979166666666668,1
2025-02-27 00:00:00,0.13,0.05,2.0,comfort,0.13,0.0,0.0343287552485377,0.0150097244577081,0,0.9976190476190476,1
2025-02-27 00:00:00,0.14,0.05,2.0,comfort,0.14,0.0,0.0343256906371481,0.0158828527792867,0,0.9975,1
2025-02-27 00:00:00,0.15,0.05,2.0,comfort,0.15,0.0,0.0490600503303224,0.0183250026044418,0,0.9964285714285712,1
2025-02-27 00:00:00,0.15,0.06,2.0,comfort,0.15,0.0,0.0490512942977809,0.0183240703924718,0,0.9957142857142856,1
2025-02-27 00:00:00,0.15,0.06,2.0,comfort,0.15,0.0,0.0490337822326978,0.0183222059685318,0,0.9957142857142856,1
2025-02-27 00:00:00,0.15,0.04,2.0,comfort,0.15,0.0,0.0490337822326978,0.0183222059685318,0,0.996923076923077,1
2025-02-27 00:00:00,0.15,0.05,2.0,comfort,0.15,0.0,0.0441473772417393,0.0178019743223802,0,0.996153846153846,1
2025-02-27 00:00:00,0.15,0.05,2.0,comfort,0.15,0.0,0.044130404009428,0.0178001672653306,0,0.996153846153846,1
2025-02-27 00:00:00,0.15,0.05,2.0,comfort,0.15,0.0,0.0539371604559676,0.0188442446717329,0,0.996153846153846,1
2025-02-27 00:00:00,0.18,0.05,2.0,comfort,0.18,0.0,0.0637439169025071,0.0225086858654393,0,0.996153846153846,1
2025-02-27 00:00:00,0.14,0.04,2.0,comfort,0.14,0.0,0.044130404009428,0.0169267126695626,0,0.996923076923077,1
2025-02-28 00:00:00,0.14,0.1,2.0,comfort,0.14,0.0,0.0441544494218691,0.0169292726670495,0,0.9958333333333332,1
2025-02-28 00:00:00,0.14,0.06,2.0,comfort,0.14,0.0,0.044130404009428,0.0169267126695626,0,0.9971428571428572,1
2025-02-28 00:00:00,0.15,0.06,2.0,comfort,0.15,0.0,0.0539410131102858,0.0188446548449997,0,0.997,1
2025-02-28 00:00:00,0.16,0.06,2.0,comfort,0.16,0.0,0.0294225919924613,0.0171077530329862,0,0.996842105263158,1
2025-02-28 00:00:00,0.15,0.05,2.0,comfort,0.15,0.0,0.044130404009428,0.0178001672653306,0,0.996875,1
2025-02-28 00:00:00,0.15,0.05,2.0,comfort,0.15,0.0,0.044130404009428,0.0178001672653306,0,0.996875,1
2025-02-28 00:00:00,0.15,0.05,2.0,comfort,0.15,0.0,0.044130404009428,0.0178001672653306,0,0.996875,1
2025-02-28 00:00:00,0.15,0.05,2.0,comfort,0.15,0.0,0.0490337822326978,0.0183222059685318,0,0.9972222222222222,1
2025-02-28 00:00:00,0.15,0.05,2.0,comfort,0.15,0.0,0.0490337822326978,0.0183222059685318,0,0.9972222222222222,1
2025-02-28 00:00:00,0.14,0.05,2.0,comfort,0.14,0.0,0.044130404009428,0.0169267126695626,0,0.9976190476190476,1
2025-02-28 00:00:00,0.14,0.05,2.0,comfort,0.14,0.0,0.044130404009428,0.0169267126695626,0,0.998,1
2025-02-28 00:00:00,0.14,0.05,2.0,comfort,0.14,0.0,0.0441364217917929,0.0169273533534256,0,0.9977272727272728,1
2025-03-01 00:00:00,0.12,0.03,3.0,comfort,0.12,0.0,0.0343236475628884,0.0141357260716243,0,0.9991666666666666,1
2025-03-01 00:00:00,0.13,0.03,3.0,comfort,0.13,0.0,0.0392342174075524,0.0155319850273581,0,0.9988,1
2025-03-01 00:00:00,0.11,0.06,3.0,comfort,0.11,0.0,0.0294293628774145,0.0127412009171592,0,0.998181818181818,1
2025-03-01 00:00:00,0.12,0.05,3.0,comfort,0.12,0.0,0.044130404009428,0.0151798034780266,0,0.9987804878048782,1
2025-03-01 00:00:00,0.12,0.06,3.0,comfort,0.12,0.0,0.0441383350191344,0.0151806478538494,0,0.9984210526315788,1
2025-03-01 00:00:00,0.12,0.06,3.0,comfort,0.12,0.0,0.0294202693396187,0.0136136873684231,0,0.9985365853658535,1
2025-03-01 00:00:00,0.13,0.03,3.0,comfort,0.13,0.0,0.0392270257861582,0.0155312193705934,0,0.9988,1
2025-03-01 00:00:00,0.11,0.03,3.0,comfort,0.11,0.0,0.0245168911163489,0.012218194069454,0,0.9991428571428572,1
2025-03-01 00:00:00,0.12,0.03,3.0,comfort,0.12,0.0,0.0294202693396187,0.0136136873684231,0,0.9991666666666666,1
2025-03-01 00:00:00,0.11,0.03,3.0,comfort,0.11,0.0,0.0392270257861582,0.0137843101790574,0,0.99925,1
2025-03-01 00:00:00,0.11,0.09,3.0,comfort,0.11,0.0,0.0392490909881629,0.0137866593532218,0,0.998125,1
2025-03-01 00:00:00,0.11,0.03,3.0,comfort,0.11,0.0,0.0392270257861582,0.0137843101790574,0,0.9992307692307691,1
2025-03-02 00:00:00,0.38,0.12,3.0,comfort,0.38,0.0,0.1723443149744266,0.0515399311361221,0,0.9907692307692308,2
2025-03-02 00:00:00,0.88,0.19,3.0,stress,0.0,0.0,0.3884097904681084,0.0413520911693789,0,0.9853846153846154,2
2025-03-02 00:00:00,0.33,0.08,3.0,comfort,0.33,0.0,0.1471013466980935,0.0444851627563791,0,0.9942857142857144,1
2025-03-02 00:00:00,0.34,0.09,3.0,comfort,0.34,0.0,0.1079128474551181,0.041186409459206,0,0.9935714285714284,1
2025-03-02 00:00:00,0.33,0.07,3.0,comfort,0.33,0.0,0.0686472951257769,0.0361325435051608,0,0.9946153846153846,1
2025-03-02 00:00:00,0.31,0.06,3.0,comfort,0.31,0.0,0.112777699135205,0.0390839826424351,0,0.9982857142857142,1
2025-03-02 00:00:00,0.32,0.06,3.0,comfort,0.32,0.0,0.1130193656333519,0.0399831662885751,0,0.994,1
2025-03-02 00:00:00,0.32,0.06,3.0,comfort,0.32,0.0,0.1225844555817445,0.0410015146446054,0,0.994,1
2025-03-02 00:00:00,0.35,0.1,3.0,comfort,0.35,0.0,0.1423182898327639,0.0457228432713541,0,0.9923076923076924,1
2025-03-02 00:00:00,0.34,0.08,3.0,comfort,0.34,0.0,0.1372945902515539,0.0443145399457449,0,0.9942857142857144,1
2025-03-02 00:00:00,0.32,0.06,3.0,comfort,0.32,0.0,0.1275060463527008,0.0415254923487041,0,0.994,1
2025-03-02 00:00:00,0.31,0.06,3.0,comfort,0.31,0.0,0.1029709426886654,0.0380399052360328,0,0.9945454545454544,1
2025-03-03 00:00:00,0.16,0.04,3.0,comfort,0.16,0.0,0.0392270257861582,0.0181515831578975,0,0.998095238095238,1
2025-03-03 00:00:00,0.15,0.03,3.0,comfort,0.15,0.0,0.044130404009428,0.0178001672653306,0,0.9985714285714286,1
2025-03-03 00:00:00,0.14,0.05,3.0,comfort,0.14,0.0,0.039248040264258,0.0164069112750895,0,0.9975,1
2025-03-03 00:00:00,0.13,0.05,3.0,comfort,0.13,0.0,0.044130404009428,0.0160532580737946,0,0.9975,1
2025-03-03 00:00:00,0.19,0.05,3.0,comfort,0.19,0.0,0.0784540515723165,0.0249482565708107,0,0.9978260869565218,1
2025-03-03 00:00:00,0.19,0.11,3.0,comfort,0.19,0.0,0.0687299952186368,0.0239129838389135,0,0.9954166666666668,1
2025-03-03 00:00:00,0.17,0.1,3.0,comfort,0.17,0.0,0.0588405386792374,0.0211131925664701,0,0.996,1
2025-03-03 00:00:00,0.17,0.1,3.0,comfort,0.17,0.0,0.0588405386792374,0.0211131925664701,0,0.996551724137931,1
2025-03-03 00:00:00,0.16,0.12,3.0,comfort,0.16,0.0,0.0245191967800902,0.0165857125210385,0,0.9963636363636365,1
2025-03-03 00:00:00,0.15,0.03,3.0,comfort,0.15,0.0,0.0245168911163489,0.0157120124525261,0,0.9985714285714286,1
2025-03-03 00:00:00,0.15,0.03,3.0,comfort,0.15,0.0,0.0245168911163489,0.0157120124525261,0,0.9985714285714286,1
2025-03-03 00:00:00,0.13,0.05,3.0,comfort,0.13,0.0,0.0049060050330322,0.0118772281117764,0,0.9975,1
2025-03-04 00:00:00,0.2,0.2,3.0,stress,0.0,0.0,0.0834565438127213,0.0088852101391823,0,0.995121951219512,2
2025-03-04 00:00:00,0.14,0.12,3.0,comfort,0.14,0.0,0.0539371604559676,0.0179707900759649,0,0.9973913043478262,1
2025-03-04 00:00:00,0.17,0.11,3.0,comfort,0.17,0.0,0.0588405386792374,0.0211131925664701,0,0.9979245283018868,1
2025-03-04 00:00:00,0.13,0.11,3.0,comfort,0.13,0.0,0.0,0.0113549097449843,0,0.9978,1
2025-03-04 00:00:00,0.14,0.08,3.0,comfort,0.14,0.0,0.0098104975425173,0.0132728400433504,0,0.997037037037037,1
2025-03-04 00:00:00,0.15,0.12,3.0,comfort,0.15,0.0,0.0196236828627273,0.0151910564962649,0,0.996,1
2025-03-04 00:00:00,0.13,0.09,3.0,comfort,0.13,0.0,0.0098067564465395,0.0123989871513866,0,0.9982,1
2025-03-04 00:00:00,0.13,0.04,3.0,comfort,0.13,0.0,0.0245168911163489,0.01396510326099,0,0.99875,1
2025-03-04 00:00:00,0.12,0.05,3.0,comfort,0.12,0.0,0.0,0.0104814551492163,0,0.9989130434782608,1
2025-03-04 00:00:00,0.13,0.05,3.0,comfort,0.13,0.0,0.0196148128342836,0.0134432029561725,0,0.9987804878048782,1
2025-03-04 00:00:00,0.14,0.06,3.0,comfort,0.14,0.0,0.0490459125411944,0.0174500428273954,0,0.9982857142857142,1
2025-03-04 00:00:00,0.15,0.04,3.0,comfort,0.15,0.0,0.0490337822326978,0.0183222059685318,0,0.9985714285714286,1
2025-03-09 00:00:00,0.27,0.18,3.0,stress,0.0,0.0,0.1086063252324091,0.0115627843911173,0,0.985,2
2025-03-09 00:00:00,0.28,0.19,3.0,stress,0.0,0.0,0.1080900695537591,0.011507821173366,0,0.981,2
2025-03-09 00:00:00,0.26,0.07,3.0,comfort,0.26,0.0,0.1078743209119352,0.0341946709603938,0,0.9936363636363637,1
2025-03-09 00:00:00,0.25,0.07,3.0,comfort,0.25,0.0,0.0343236475628884,0.0254906358166086,0,0.99890625,1
2025-03-09 00:00:00,0.24,0.05,3.0,comfort,0.24,0.0,0.0245168911163489,0.0235731038144383,0,0.9991666666666668,1
2025-03-09 00:00:00,0.25,0.12,3.0,comfort,0.25,0.0,0.0884762064193783,0.0312559939662832,0,0.9942857142857142,1
2025-03-09 00:00:00,0.26,0.1,3.0,comfort,0.26,0.0,0.0931641862421258,0.0326285548507904,0,0.9958333333333332,1
2025-03-09 00:00:00,0.24,0.05,3.0,comfort,0.24,0.0,0.0931641862421258,0.0308816456592543,0,0.9975,1
2025-03-09 00:00:00,0.24,0.05,3.0,comfort,0.24,0.0,0.0588444097673084,0.0272277868726646,0,0.9973684210526316,1
2025-03-09 00:00:00,0.28,0.19,3.0,stress,0.0,0.0,0.0887896582045561,0.0094530007509536,0,0.9853846153846154,2
2025-03-09 00:00:00,0.36,0.1,3.0,comfort,0.36,0.0,0.1520047249213633,0.0476275652468843,0,0.9888888888888888,1
2025-03-09 00:00:00,0.24,0.05,3.0,comfort,0.24,0.0,0.0931641862421258,0.0308816456592543,0,0.9975,1
2025-03-10 00:00:00,0.59,0.33,3.0,stress,0.0,0.0,0.1966604908832845,0.0209374808462458,0,0.9921428571428572,2
2025-03-10 00:00:00,0.6,0.3,3.0,stress,0.0,0.0,0.2451689111634891,0.0261019351600571,0,0.998076923076923,2
2025-03-10 00:00:00,0.61,0.41,3.0,stress,0.0,0.0,0.2747942422949578,0.029255999305544,0,0.9965833333333334,2
2025-03-10 00:00:00,0.64,0.75,3.0,stress,0.0,0.0,0.1523208256561429,0.0162168534988179,0,0.9924242424242424,2
2025-03-10 00:00:00,0.74,0.8,3.0,stress,0.0,0.0,0.2159010689371781,0.0229859311102756,0,0.9910112359550562,2
2025-03-10 00:00:00,1.41,1.0,3.0,stress,0.0819999999999999,0.1591035847462855,0.4923611070258479,0.1878492355570383,1,0.9827586206896552,2
2025-03-10 00:00:00,1.34,0.62,3.0,stress,0.068,0.2928932188134524,0.2892993151729173,0.2728671919131212,1,0.9880769230769232,3
2025-03-10 00:00:00,1.17,0.58,3.0,stress,0.0339999999999999,0.4053964424986395,0.1814628529954635,0.3491155352453826,1,0.9876595744680852,3
2025-03-10 00:00:00,0.83,1.34,3.0,stress,0.0,0.0,0.0,0.0,0,0.9708695652173912,2
2025-03-10 00:00:00,0.62,1.02,3.0,stress,0.0,0.0,0.0,0.0,0,0.9778260869565216,2
2025-03-10 00:00:00,0.54,0.95,3.0,stress,0.0,0.0,0.0,0.0,0,0.977906976744186,2
2025-03-10 00:00:00,0.48,0.93,3.0,stress,0.0,0.0,0.0,0.0,0,0.9755263157894736,2
2025-03-11 00:00:00,0.18,0.05,3.0,comfort,0.18,0.0,0.0,0.0157221827238244,0,0.9972222222222222,1
2025-03-11 00:00:00,0.21,0.04,3.0,comfort,0.21,0.0,0.0,0.0183425465111285,0,0.9991836734693876,1
2025-03-11 00:00:00,0.21,0.04,3.0,comfort,0.21,0.0,0.0,0.0183425465111285,0,0.9992592592592592,1
2025-03-11 00:00:00,0.21,0.04,3.0,comfort,0.21,0.0,0.0784540515723165,0.0266951657623468,0,0.9992857142857144,1
2025-03-11 00:00:00,0.21,0.03,3.0,comfort,0.21,0.0,0.0833614528375648,0.0272176327791558,0,0.9991891891891892,1
2025-03-11 00:00:00,0.18,0.05,3.0,comfort,0.18,0.0,0.0686974734311821,0.0230360668074582,0,0.9977272727272728,1
2025-03-11 00:00:00,0.25,0.05,3.0,comfort,0.25,0.0,0.1029709426886654,0.0327991776614246,0,0.9984848484848484,1
2025-03-11 00:00:00,0.21,0.06,3.0,comfort,0.21,0.0,0.0882998567399796,0.0277434004951491,0,0.9976,1
2025-03-11 00:00:00,0.21,0.05,3.0,comfort,0.21,0.0,0.0784540515723165,0.0266951657623468,0,0.9987804878048782,1
2025-03-11 00:00:00,0.19,0.05,3.0,comfort,0.19,0.0,0.0686505997131546,0.023904530987668,0,0.9986842105263158,1
2025-03-11 00:00:00,0.21,0.03,3.0,comfort,0.21,0.0,0.0735506733490467,0.0261731270591456,0,0.9992857142857142,1
2025-03-11 00:00:00,0.27,0.05,3.0,comfort,0.27,0.0,0.1078944217170741,0.0350702655905973,0,0.9989130434782608,1
2025-03-12 00:00:00,0.24,0.04,3.0,comfort,0.24,0.0,0.0931653114134573,0.0308817654507442,0,0.9988888888888888,1
2025-03-12 00:00:00,0.26,0.05,3.0,comfort,0.26,0.0,0.112777699135205,0.0347167096635949,0,0.9989795918367348,1
2025-03-12 00:00:00,0.27,0.04,3.0,comfort,0.27,0.0,0.1078743209119352,0.0350681255561618,0,0.99921568627451,1
2025-03-12 00:00:00,0.26,0.04,3.0,comfort,0.26,0.0,0.1078760475917417,0.0341948547915498,0,0.9991836734693876,1
2025-03-12 00:00:00,0.26,0.04,3.0,comfort,0.26,0.0,0.1029861198117374,0.033674248091274,0,0.9988888888888888,1
2025-03-12 00:00:00,0.25,0.08,3.0,comfort,0.25,0.0,0.1029709426886654,0.0327991776614246,0,0.9989333333333332,1
2025-03-12 00:00:00,0.24,0.08,3.0,comfort,0.24,0.0,0.0980675644653956,0.0314036843624554,0,0.999252336448598,1
2025-03-12 00:00:00,0.24,0.08,3.0,comfort,0.24,0.0,0.0980776025338545,0.0314047530665207,0,0.9990476190476192,1
2025-03-12 00:00:00,0.26,0.07,3.0,comfort,0.26,0.0,0.0882642074197251,0.0321068780651776,0,0.9989705882352942,1
2025-03-12 00:00:00,0.25,0.08,3.0,comfort,0.25,0.0,0.0833635590183654,0.030711675396999,0,0.9988235294117648,1
2025-03-12 00:00:00,0.23,0.04,3.0,comfort,0.23,0.0,0.0735506733490467,0.0279200362506817,0,0.9988571428571428,1
2025-03-12 00:00:00,0.23,0.04,3.0,comfort,0.23,0.0,0.0784567685957476,0.028442364222082,0,0.9987878787878788,1
2025-03-13 00:00:00,0.3,0.41,3.0,stress,0.0,0.0,0.1083003699975571,0.0115302108333033,0,0.9908888888888888,2
2025-03-13 00:00:00,0.29,0.4,3.0,stress,0.0,0.0,0.1225844555817445,0.0130509675800285,0,0.9914893617021276,2
2025-03-13 00:00:00,0.27,0.26,3.0,stress,0.0,0.0,0.112777699135205,0.0120068901736263,0,0.9942222222222222,2
2025-03-13 00:00:00,0.26,0.26,3.0,stress,0.0,0.0,0.0,0.0,0,0.9940909090909092,2
2025-03-13 00:00:00,0.42,0.49,3.0,stress,0.0,0.0,0.0098378483220916,0.0010473876063612,0,0.98775,2
2025-03-13 00:00:00,0.32,0.47,3.0,stress,0.0,0.0,0.0294202693396187,0.0031322322192068,0,0.989318181818182,2
2025-03-13 00:00:00,0.25,0.16,3.0,stress,0.0,0.0,0.0,0.0,0,0.9956756756756756,2
2025-03-13 00:00:00,0.24,0.12,3.0,comfort,0.24,0.0,0.0,0.0209629102984326,0,0.9963636363636365,1
2025-03-13 00:00:00,0.21,0.15,3.0,stress,0.0,0.0,0.0,0.0,0,0.9953125,2
2025-03-13 00:00:00,0.26,0.09,3.0,comfort,0.26,0.0,0.0490337822326978,0.0279302065219801,0,0.9971875,1
2025-03-13 00:00:00,0.26,0.18,3.0,stress,0.0,0.0,0.0687091767019119,0.0073151300736424,0,0.9953846153846154,2
2025-03-14 00:00:00,0.42,0.39,3.0,stress,0.0,0.0,0.1327650698031413,0.0141348477956536,0,0.9897368421052632,2
2025-03-14 00:00:00,0.43,0.52,3.0,stress,0.0,0.0,0.1670000297457365,0.0177796765807882,0,0.986315789473684,2
2025-03-14 00:00:00,0.53,0.89,3.0,stress,0.0,0.0,0.1727582537004028,0.0183927265290402,0,0.973030303030303,2
2025-03-14 00:00:00,0.26,0.22,3.0,stress,0.0,0.0,0.0,0.0,0,0.996986301369863,2
2025-03-14 00:00:00,0.08,0.11,3.0,comfort,0.08,0.0,0.0,0.0069876367661442,0,0.9965625,1
2025-03-14 00:00:00,0.41,0.12,3.0,comfort,0.41,0.0,0.0,0.035811638426489,0,0.998181818181818,1
2025-03-14 00:00:00,0.26,0.25,3.0,stress,0.0,0.0,0.0196747691723493,0.0020946764693313,0,0.9919354838709676,2
2025-03-14 00:00:00,0.55,1.89,3.0,stress,0.0,0.0,0.2214555413817922,0.0235772886315437,0,0.939032258064516,2
2025-03-14 00:00:00,0.27,0.3,3.0,stress,0.0,0.0,0.0735506733490467,0.0078305805480171,0,0.988,2
2025-03-14 00:00:00,0.28,0.3,3.0,stress,0.0,0.0,0.0147101346698093,0.0015661161096034,0,0.9888888888888888,2
2025-03-14 00:00:00,0.3,0.32,3.0,stress,0.0,0.0,0.0,0.0,0,0.9889655172413792,2
2025-03-14 00:00:00,0.33,0.39,3.0,stress,0.0,0.0,0.0147215067983916,0.0015673268445268,0,0.9874193548387096,2
2025-03-15 00:00:00,0.29,0.56,3.0,stress,0.0,0.0,0.0,0.0,0,0.9883333333333332,2
2025-03-15 00:00:00,0.27,0.3,3.0,stress,0.0,0.0,0.0,0.0,0,0.9938775510204082,2
2025-03-15 00:00:00,0.26,0.24,3.0,stress,0.0,0.0,0.0,0.0,0,0.9952941176470588,2
2025-03-15 00:00:00,0.25,0.24,3.0,stress,0.0,0.0,0.0,0.0,0,0.9954716981132076,2
2025-03-15 00:00:00,0.25,0.21,3.0,stress,0.0,0.0,0.0,0.0,0,0.9961818181818182,2
2025-03-15 00:00:00,0.25,0.25,3.0,stress,0.0,0.0,0.0049097331843237,0.0005227152848304,0,0.9935897435897436,2
2025-03-15 00:00:00,0.26,0.2,3.0,stress,0.0,0.0,0.0098103486650181,0.0010444598523386,0,0.9928571428571428,2
2025-03-15 00:00:00,0.27,0.2,3.0,stress,0.0,0.0,0.0294202693396187,0.0031322322192068,0,0.9933333333333334,2
2025-03-15 00:00:00,0.27,0.21,3.0,stress,0.0,0.0,0.0098067564465395,0.0010440774064022,0,0.994,2
2025-03-15 00:00:00,0.29,0.29,3.0,stress,0.0,0.0,0.0441664051284883,0.0047021811919206,0,0.9923684210526316,2
2025-03-15 00:00:00,0.32,0.35,3.0,stress,0.0,0.0,0.0589280487307818,0.0062737812057005,0,0.9893939393939394,2
2025-03-15 00:00:00,0.33,0.46,3.0,stress,0.0,0.0,0.0589044311833588,0.0062712667609099,0,0.9872222222222222,2
2025-03-16 00:00:00,0.19,0.1,3.0,comfort,0.19,0.0,0.0,0.0165956373195924,0,0.9989583333333334,1
2025-03-16 00:00:00,0.2,0.1,3.0,comfort,0.2,0.0,0.0,0.0174690919153605,0,0.998148148148148,1
2025-03-16 00:00:00,0.18,0.11,3.0,comfort,0.18,0.0,0.0,0.0157221827238244,0,0.9993491124260354,1
2025-03-16 00:00:00,0.19,0.09,3.0,comfort,0.19,0.0,0.0441582945581032,0.0212969550187427,0,0.9980851063829786,1
2025-03-16 00:00:00,0.19,0.09,3.0,comfort,0.19,0.0,0.044134334475891,0.0212944041059481,0,0.997906976744186,1
2025-03-16 00:00:00,0.2,0.05,3.0,comfort,0.2,0.0,0.044130404009428,0.0221674402441708,0,0.99875,1
2025-03-16 00:00:00,0.2,0.05,3.0,comfort,0.2,0.0,0.0539371604559676,0.023211517650573,0,0.99875,1
2025-03-16 00:00:00,0.23,0.05,3.0,comfort,0.23,0.0,0.0686472951257769,0.0273979975474806,0,0.9987804878048782,1
2025-03-16 00:00:00,0.2,0.1,3.0,comfort,0.2,0.0,0.0735793760508415,0.025302728299689,0,0.998,1
2025-03-16 00:00:00,0.33,0.54,3.0,stress,0.0,0.0,0.1379460092648751,0.0146864370867126,0,0.9885106382978724,2
2025-03-16 00:00:00,0.3,0.5,3.0,stress,0.0,0.0,0.1225844555817445,0.0130509675800285,0,0.9891304347826086,2
2025-03-16 00:00:00,0.26,0.04,3.0,comfort,0.26,0.0,0.0784540515723165,0.0310624387411869,0,0.9991666666666666,1
2025-03-17 00:00:00,0.17,0.08,3.0,comfort,0.17,0.0,0.0,0.0148487281280564,0,0.998095238095238,1
2025-03-17 00:00:00,0.2,0.16,3.0,stress,0.0,0.0,0.0,0.0,0,0.9968,2
2025-03-17 00:00:00,0.27,0.4,3.0,stress,0.0,0.0,0.1130228310397404,0.0120329881688716,0,0.9924528301886792,2
2025-03-17 00:00:00,0.28,0.33,3.0,stress,0.0,0.0,0.0980675644653956,0.0104407740640228,0,0.9936538461538462,2
2025-03-17 00:00:00,0.25,0.36,3.0,stress,0.0,0.0,0.0441402516866652,0.0046993967628531,0,0.9932075471698112,2
2025-03-17 00:00:00,0.26,0.37,3.0,stress,0.0,0.0,0.0,0.0,0,0.9931481481481482,2
2025-03-17 00:00:00,0.21,0.16,3.0,stress,0.0,0.0,0.0,0.0,0,0.9970909090909092,2
2025-03-17 00:00:00,0.21,0.21,3.0,stress,0.0,0.0,0.0,0.0,0,0.9966666666666668,2
2025-03-17 00:00:00,0.18,0.08,3.0,comfort,0.18,0.0,0.0,0.0157221827238244,0,0.9982222222222222,1
2025-03-17 00:00:00,0.2,0.25,3.0,stress,0.0,0.0,0.0196170332671881,0.0020885296098222,0,0.997863247863248,2
2025-03-17 00:00:00,0.19,0.14,3.0,comfort,0.19,0.0,0.0,0.0165956373195924,0,0.9991907514450868,1
2025-03-17 00:00:00,0.2,0.2,3.0,stress,0.0,0.0,0.0588912120633198,0.0062698593858374,0,0.9974683544303796,2
2025-03-18 00:00:00,0.47,0.43,3.0,stress,0.0,0.0,0.1086298087923238,0.011565284570913,0,0.9834615384615384,2
2025-03-18 00:00:00,0.67,0.41,3.0,stress,0.0,0.0,0.2598790458332985,0.0276680512696606,0,0.9853571428571428,2
2025-03-18 00:00:00,0.34,0.42,3.0,stress,0.0,0.0,0.0686595535713351,0.007309846941574,0,0.985,2
2025-03-18 00:00:00,0.28,0.32,3.0,stress,0.0,0.0,0.0,0.0,0,0.9893333333333332,2
2025-03-18 00:00:00,0.28,0.22,3.0,stress,0.0,0.0,0.0,0.0,0,0.9929032258064516,2
2025-03-18 00:00:00,0.29,0.19,3.0,stress,0.0,0.0,0.0,0.0,0,0.9940625,2
2025-03-18 00:00:00,0.25,0.17,3.0,stress,0.0,0.0,0.0,0.0,0,0.9951428571428572,2
2025-03-18 00:00:00,0.23,0.19,3.0,stress,0.0,0.0,0.0049040597739108,0.0005221112645652,0,0.9948648648648648,2
2025-03-18 00:00:00,0.25,0.16,3.0,stress,0.0,0.0,0.0294202693396187,0.0031322322192068,0,0.9956756756756756,2
2025-03-18 00:00:00,0.18,0.14,3.0,comfort,0.18,0.0,0.0049033782232697,0.0162442214270256,0,0.9964102564102564,1
2025-03-18 00:00:00,0.18,0.12,3.0,comfort,0.18,0.0,0.0,0.0157221827238244,0,0.996842105263158,1
2025-03-18 00:00:00,0.21,0.16,3.0,stress,0.0,0.0,0.0245326622158974,0.0026118725878581,0,0.9955555555555556,2
2025-03-19 00:00:00,0.19,0.13,3.0,comfort,0.19,0.0,0.0245168911163489,0.0192058308355982,0,0.996060606060606,1
2025-03-19 00:00:00,0.19,0.1,3.0,comfort,0.19,0.0,0.0343275479773842,0.0202503235000598,0,0.9958333333333332,1
2025-03-19 00:00:00,0.2,0.09,3.0,comfort,0.2,0.0,0.0196135128930791,0.019557246728165,0,0.995909090909091,1
2025-03-19 00:00:00,0.33,0.08,3.0,comfort,0.33,0.0,0.0980675644653956,0.0392647757243677,0,0.9961904761904764,1
2025-03-19 00:00:00,0.31,0.5,3.0,stress,0.0,0.0,0.1040006521155521,0.0110724408948962,0,0.9761904761904762,2
2025-03-19 00:00:00,0.3,0.38,3.0,stress,0.0,0.0,0.1029709426886654,0.010962812767224,0,0.9827272727272728,2
2025-03-19 00:00:00,0.45,0.43,3.0,stress,0.0,0.0,0.181424994260982,0.0193154320184423,0,0.9834615384615384,2
2025-03-19 00:00:00,0.4,0.43,3.0,stress,0.0,0.0,0.0,0.0,0,0.9820833333333332,2
2025-03-19 00:00:00,0.33,0.35,3.0,stress,0.0,0.0,0.0,0.0,0,0.986,2
2025-03-19 00:00:00,0.28,0.36,3.0,stress,0.0,0.0,0.0,0.0,0,0.9861538461538462,2
2025-03-19 00:00:00,0.27,0.35,3.0,stress,0.0,0.0,0.0,0.0,0,0.9883333333333332,2
2025-03-19 00:00:00,0.29,0.35,3.0,stress,0.0,0.0,0.0,0.0,0,0.9833333333333332,2
2025-03-20 00:00:00,0.21,0.16,3.0,stress,0.0,0.0,0.0,0.0,0,0.9948387096774194,2
2025-03-20 00:00:00,0.36,0.72,3.0,stress,0.0,0.0,0.0049183058464898,0.0005236279742532,0,0.98875,2
2025-03-20 00:00:00,0.39,0.97,3.0,stress,0.0,0.0,0.0196135128930791,0.0020881548128045,0,0.9888505747126436,2
2025-03-20 00:00:00,0.3,0.72,3.0,stress,0.0,0.0,0.0686472951257769,0.007308541844816,0,0.992421052631579,2
2025-03-20 00:00:00,0.23,0.36,3.0,stress,0.0,0.0,0.0,0.0,0,0.9967272727272728,2
2025-03-20 00:00:00,0.2,0.24,3.0,stress,0.0,0.0,0.0,0.0,0,0.9981102362204723,2
2025-03-20 00:00:00,0.19,0.12,3.0,comfort,0.19,0.0,0.0,0.0165956373195924,0,0.9990977443609024,1
2025-03-20 00:00:00,0.2,0.1,3.0,comfort,0.2,0.0,0.0,0.0174690919153605,0,0.9992537313432835,1
2025-03-20 00:00:00,0.22,0.13,3.0,comfort,0.22,0.0,0.0,0.0192160011068965,0,0.9976363636363637,1
2025-03-20 00:00:00,0.37,0.66,3.0,stress,0.0,0.0,0.1232651518258191,0.0131234379807095,0,0.986530612244898,2
2025-03-20 00:00:00,0.19,0.2,3.0,stress,0.0,0.0,0.044130404009428,0.0046983483288102,0,0.9933333333333334,2
2025-03-20 00:00:00,0.37,0.64,3.0,stress,0.0,0.0,0.1179494727980643,0.0125575036268974,0,0.9887719298245614,2
2025-03-21 00:00:00,0.36,0.13,3.0,comfort,0.36,0.0,0.0,0.0314443654476489,0,0.9976363636363637,1
2025-03-21 00:00:00,0.36,0.15,3.0,stress,0.0,0.0,0.0784683159453296,0.0083541379092639,0,0.9972727272727272,2
2025-03-21 00:00:00,0.36,0.15,3.0,stress,0.0,0.0,0.0,0.0,0,0.9973684210526316,2
2025-03-21 00:00:00,0.36,0.27,3.0,stress,0.0,0.0,0.1129532433701411,0.0120255795099547,0,0.994255319148936,2
2025-03-21 00:00:00,0.37,0.28,3.0,stress,0.0,0.0,0.1079000781374957,0.0114875937162845,0,0.9937777777777778,2
2025-03-21 00:00:00,0.27,0.04,3.0,comfort,0.27,0.0,0.0588405386792374,0.0298477385241504,0,0.9991111111111112,1
2025-03-21 00:00:00,0.13,0.05,3.0,comfort,0.13,0.0,0.0,0.0113549097449843,0,0.9990909090909093,1
2025-03-21 00:00:00,0.09,0.05,3.0,comfort,0.09,0.0,0.0,0.0078610913619122,0,0.999122807017544,1
2025-03-21 00:00:00,0.22,1.08,3.0,stress,0.0,0.0,0.0890299079234034,0.0094785789637614,0,0.9816949152542374,2
2025-03-21 00:00:00,0.38,1.96,3.0,stress,0.0,0.0,0.1630182110594601,0.0173557518153069,0,0.9667796610169492,2
2025-03-21 00:00:00,1.89,0.14,3.0,comfort,1.0,0.2288945872960295,0.90222159308164,0.3679329778647743,1,0.9977777777777778,2
2025-03-21 00:00:00,0.98,0.17,3.0,stress,0.0,0.0,0.0,0.0,0,0.9971186440677966,2
2025-03-22 00:00:00,0.2,0.39,3.0,stress,0.0,0.0,0.0,0.0,0,0.9932758620689656,2
2025-03-22 00:00:00,0.12,0.13,3.0,comfort,0.12,0.0,0.0,0.0104814551492163,0,0.99675,1
2025-03-22 00:00:00,0.12,0.13,3.0,comfort,0.12,0.0,0.0,0.0104814551492163,0,0.9968292682926828,1
2025-03-22 00:00:00,0.2,0.27,3.0,stress,0.0,0.0,0.0,0.0,0,0.9953448275862068,2
2025-03-22 00:00:00,0.23,0.13,3.0,comfort,0.23,0.0,0.0490337822326978,0.025309842734676,0,0.9969767441860464,1
2025-03-22 00:00:00,0.24,0.59,3.0,stress,0.0,0.0,0.0542015288940973,0.005770571750128,0,0.9871739130434782,2
2025-03-22 00:00:00,0.2,0.39,3.0,stress,0.0,0.0,0.0,0.0,0,0.991875,2
2025-03-22 00:00:00,0.19,0.31,3.0,stress,0.0,0.0,0.0294202693396187,0.0031322322192068,0,0.9938,2
2025-03-22 00:00:00,0.27,0.23,3.0,stress,0.0,0.0,0.0,0.0,0,0.9958928571428572,2
2025-03-22 00:00:00,0.43,0.2,3.0,stress,0.0,0.0,0.0196135128930791,0.0020881548128045,0,0.996551724137931,2
2025-03-22 00:00:00,0.18,0.36,3.0,stress,0.0,0.0,0.0,0.0,0,0.993793103448276,2
2025-03-22 00:00:00,0.12,0.13,3.0,comfort,0.12,0.0,0.0,0.0104814551492163,0,0.9968292682926828,1
2025-03-23 00:00:00,0.21,0.22,3.0,stress,0.0,0.0,0.0049094346160095,0.0005226834977219,0,0.9943589743589744,2
2025-03-23 00:00:00,0.21,0.23,3.0,stress,0.0,0.0,0.0,0.0,0,0.9943902439024392,2
2025-03-23 00:00:00,0.15,0.19,3.0,stress,0.0,0.0,0.0098067564465395,0.0010440774064022,0,0.99525,2
2025-03-23 00:00:00,0.6,0.86,3.0,stress,0.0,0.0,0.1883137577562146,0.0200488449835373,0,0.973939393939394,2
2025-03-23 00:00:00,0.22,0.26,3.0,stress,0.0,0.0,0.0,0.0,0,0.9935,2
2025-03-23 00:00:00,0.28,0.32,3.0,stress,0.0,0.0,0.0442009457915946,0.0047058585674268,0,0.9903030303030302,2
2025-03-23 00:00:00,0.36,0.44,3.0,stress,0.0,0.0,0.0,0.0,0,0.987058823529412,2
2025-03-23 00:00:00,0.44,0.58,3.0,stress,0.0,0.0,0.0884210125107222,0.0094137528465117,0,0.9834285714285714,2
2025-03-23 00:00:00,0.54,0.72,3.0,stress,0.0,0.0,0.1081573158836782,0.0115149805612956,0,0.9781818181818184,2
2025-03-23 00:00:00,0.7,1.0,3.0,stress,0.0,0.0,0.1282218546663159,0.0136511538951634,0,0.9666666666666668,2
2025-03-23 00:00:00,0.81,1.14,3.0,stress,0.0,0.0,0.1131939025486802,0.0120512013159337,0,0.9592857142857144,2
2025-03-23 00:00:00,0.89,1.72,3.0,stress,0.0,0.0,0.0843155991936334,0.008976669565033,0,0.9362962962962964,2
2025-03-24 00:00:00,1.5,1.61,3.0,stress,0.1,0.1591035847462855,0.2451689111634891,0.1631041094408051,1,0.9444827586206896,2
2025-03-24 00:00:00,1.1,1.87,3.0,stress,0.02,0.2928932188134524,0.0,0.2378743263645671,1,0.9355172413793104,3
2025-03-24 00:00:00,1.34,1.49,3.0,stress,0.068,0.4053964424986395,0.0,0.3327658182182105,1,0.9448148148148148,3
2025-03-24 00:00:00,0.79,0.97,3.0,stress,0.0,0.0,0.0,0.0,0,0.9665517241379312,2
2025-03-24 00:00:00,0.66,1.17,3.0,stress,0.0,0.0,0.0,0.0,0,0.9596551724137932,2
2025-03-24 00:00:00,0.27,0.35,3.0,stress,0.0,0.0,0.0,0.0,0,0.9879310344827584,2
2025-03-24 00:00:00,0.27,0.35,3.0,stress,0.0,0.0,0.0,0.0,0,0.9879310344827584,2
2025-03-24 00:00:00,0.27,0.35,3.0,stress,0.0,0.0,0.0,0.0,0,0.9879310344827584,2
2025-03-24 00:00:00,0.41,0.5,3.0,stress,0.0,0.0,0.0294963562430832,0.0031403328197737,0,0.9827586206896552,2
2025-03-24 00:00:00,0.51,0.5,3.0,stress,0.0,0.0,0.0785041499449681,0.0083579529799866,0,0.9814814814814816,2
2025-03-24 00:00:00,0.73,0.7,3.0,stress,0.0,0.0,0.1868519004784604,0.0198932081872726,0,0.9758620689655172,2
2025-03-24 00:00:00,0.61,0.9,3.0,stress,0.0,0.0,0.0541530419479404,0.0057654095820591,0,0.9678571428571427,2
2025-03-25 00:00:00,0.45,0.3,3.0,stress,0.0,0.0,0.0,0.0,0,0.988,2
2025-03-25 00:00:00,0.53,0.45,3.0,stress,0.0,0.0,0.0,0.0,0,0.9958333333333332,2
2025-03-25 00:00:00,0.53,0.45,3.0,stress,0.0,0.0,0.0,0.0,0,0.9958715596330276,2
2025-03-25 00:00:00,0.53,0.45,3.0,stress,0.0,0.0,0.112777699135205,0.0120068901736263,0,0.9958715596330276,2
2025-03-25 00:00:00,0.4,0.45,3.0,stress,0.0,0.0,0.0,0.0,0,0.9859375,2
2025-03-25 00:00:00,0.34,0.33,3.0,stress,0.0,0.0,0.0,0.0,0,0.9882142857142858,2
2025-03-25 00:00:00,0.36,0.46,3.0,stress,0.0,0.0,0.0,0.0,0,0.9823076923076924,2
2025-03-25 00:00:00,0.37,0.51,3.0,stress,0.0,0.0,0.0,0.0,0,0.9803846153846152,2
2025-03-25 00:00:00,0.35,0.32,3.0,stress,0.0,0.0,0.0098067564465395,0.0010440774064022,0,0.9876923076923076,2
2025-03-25 00:00:00,0.3,0.51,3.0,stress,0.0,0.0,0.0,0.0,0,0.9803846153846152,2
2025-03-25 00:00:00,0.36,0.41,3.0,stress,0.0,0.0,0.0,0.0,0,0.9836,2
2025-03-25 00:00:00,0.4,0.44,3.0,stress,0.0,0.0,0.0392270257861582,0.0041763096256091,0,0.9837037037037036,2
2025-03-26 00:00:00,0.27,0.29,3.0,stress,0.0,0.0,0.0,0.0,0,0.993095238095238,2
2025-03-26 00:00:00,0.19,0.17,3.0,stress,0.0,0.0,0.0,0.0,0,0.9959523809523808,2
2025-03-26 00:00:00,0.19,0.17,3.0,stress,0.0,0.0,0.0,0.0,0,0.9958536585365854,2
2025-03-26 00:00:00,0.27,0.18,3.0,stress,0.0,0.0,0.0,0.0,0,0.9957142857142858,2
2025-03-26 00:00:00,0.24,0.32,3.0,stress,0.0,0.0,0.034351796586022,0.0036572678112597,0,0.994074074074074,2
2025-03-26 00:00:00,0.48,0.23,3.0,stress,0.0,0.0,0.1521571179086727,0.0161994243354326,0,0.9920689655172412,2
2025-03-26 00:00:00,0.28,0.2,3.0,stress,0.0,0.0,0.0490337822326978,0.0052203870320114,0,0.9944444444444444,2
2025-03-26 00:00:00,0.26,0.26,3.0,stress,0.0,0.0,0.0,0.0,0,0.992972972972973,2
2025-03-26 00:00:00,0.3,0.31,3.0,stress,0.0,0.0,0.0344000941252782,0.003662409814102,0,0.9885185185185186,2
2025-03-26 00:00:00,0.53,0.77,3.0,stress,0.0,0.0,0.1618114813679028,0.0172272772056377,0,0.991720430107527,2
2025-03-26 00:00:00,0.23,0.3,3.0,stress,0.0,0.0,0.0,0.0,0,0.9916666666666668,2
2025-03-26 00:00:00,0.54,0.91,3.0,stress,0.0,0.0,0.1128158500070247,0.0120109519104012,0,0.990990099009901,2
2025-03-27 00:00:00,0.13,0.11,3.0,comfort,0.13,0.0,0.0,0.0113549097449843,0,0.995925925925926,1
2025-03-27 00:00:00,0.13,0.11,3.0,comfort,0.13,0.0,0.0,0.0113549097449843,0,0.995925925925926,1
2025-03-27 00:00:00,0.24,0.25,3.0,stress,0.0,0.0,0.0,0.0,0,0.9916666666666668,2
2025-03-27 00:00:00,0.19,0.25,3.0,stress,0.0,0.0,0.0392270257861582,0.0041763096256091,0,0.9928571428571428,2
2025-03-27 00:00:00,0.13,0.11,3.0,comfort,0.13,0.0,0.0098067564465395,0.0123989871513866,0,0.995925925925926,1
2025-03-27 00:00:00,0.18,0.15,3.0,stress,0.0,0.0,0.0,0.0,0,0.9966666666666668,2
2025-03-27 00:00:00,0.19,0.2,3.0,stress,0.0,0.0,0.0,0.0,0,0.9944444444444444,2
2025-03-27 00:00:00,0.22,0.28,3.0,stress,0.0,0.0,0.0540309221865093,0.0057524080881931,0,0.990967741935484,2
2025-03-27 00:00:00,0.19,0.25,3.0,stress,0.0,0.0,0.0196135128930791,0.0020881548128045,0,0.9926470588235294,2
2025-03-27 00:00:00,0.24,0.2,3.0,stress,0.0,0.0,0.0196135128930791,0.0020881548128045,0,0.9948717948717948,2
2025-03-27 00:00:00,0.21,0.21,3.0,stress,0.0,0.0,0.0,0.0,0,0.994,2
2025-03-27 00:00:00,0.24,0.25,3.0,stress,0.0,0.0,0.0,0.0,0,0.993421052631579,2
2025-03-28 00:00:00,0.15,0.23,3.0,stress,0.0,0.0,0.0,0.0,0,0.9904166666666666,2
2025-03-28 00:00:00,0.15,0.23,3.0,stress,0.0,0.0,0.0,0.0,0,0.9904166666666666,2
2025-03-28 00:00:00,0.15,0.17,3.0,stress,0.0,0.0,0.0,0.0,0,0.9929166666666666,2
2025-03-28 00:00:00,0.13,0.17,3.0,stress,0.0,0.0,0.0,0.0,0,0.9929166666666666,2
2025-03-28 00:00:00,0.15,0.17,3.0,stress,0.0,0.0,0.0,0.0,0,0.9926086956521738,2
2025-03-28 00:00:00,0.13,0.13,3.0,comfort,0.13,0.0,0.0,0.0113549097449843,0,0.9955172413793104,1
2025-03-28 00:00:00,0.13,0.13,3.0,comfort,0.13,0.0,0.0,0.0113549097449843,0,0.9966666666666666,1
2025-03-28 00:00:00,0.14,0.17,3.0,stress,0.0,0.0,0.0,0.0,0,0.9937037037037036,2
2025-03-28 00:00:00,0.12,0.09,3.0,comfort,0.12,0.0,0.0,0.0104814551492163,0,0.996896551724138,1
2025-03-28 00:00:00,0.12,0.13,3.0,comfort,0.12,0.0,0.0,0.0104814551492163,0,0.995,1
2025-03-28 00:00:00,0.12,0.13,3.0,comfort,0.12,0.0,0.0,0.0104814551492163,0,0.995,1
2025-03-28 00:00:00,0.13,0.14,3.0,comfort,0.13,0.0,0.0196241724109558,0.013444199424535,0,0.9939130434782608,1
2025-03-29 00:00:00,0.15,0.06,3.0,comfort,0.15,0.0,0.0098067564465395,0.0141458963429226,0,0.9985365853658535,1
2025-03-29 00:00:00,0.15,0.06,3.0,comfort,0.15,0.0,0.0098067564465395,0.0141458963429226,0,0.9985365853658535,1
2025-03-29 00:00:00,0.14,0.24,3.0,stress,0.0,0.0,0.0,0.0,0,0.9965714285714288,2
2025-03-29 00:00:00,0.15,0.05,3.0,comfort,0.15,0.0,0.044130404009428,0.0178001672653306,0,0.999342105263158,1
2025-03-29 00:00:00,0.15,0.06,3.0,comfort,0.15,0.0,0.0441481779686808,0.0178020595718623,0,0.9985365853658535,1
2025-03-29 00:00:00,0.17,0.14,3.0,comfort,0.17,0.0,0.0,0.0148487281280564,0,0.9958823529411764,1
2025-03-29 00:00:00,0.17,0.05,3.0,comfort,0.17,0.0,0.0588405386792374,0.0211131925664701,0,0.9993055555555556,1
2025-03-29 00:00:00,0.15,0.26,3.0,stress,0.0,0.0,0.0443645136707944,0.0047232728397212,0,0.988695652173913,2
2025-03-29 00:00:00,0.15,0.19,3.0,stress,0.0,0.0,0.0049033782232697,0.0005220387032011,0,0.9968333333333332,2
2025-03-29 00:00:00,0.17,0.23,3.0,stress,0.0,0.0,0.0589979916021846,0.0062812276812165,0,0.9914814814814816,2
2025-03-29 00:00:00,0.17,0.25,3.0,stress,0.0,0.0,0.0,0.0,0,0.99,2
2025-03-29 00:00:00,0.18,0.13,3.0,comfort,0.18,0.0,0.0,0.0157221827238244,0,0.9962857142857142,1
2025-03-30 00:00:00,0.14,0.11,3.0,comfort,0.14,0.0,0.0,0.0122283643407523,0,0.9983823529411764,1
2025-03-30 00:00:00,0.12,0.12,3.0,comfort,0.12,0.0,0.0,0.0104814551492163,0,0.998032786885246,1
2025-03-30 00:00:00,0.12,0.13,3.0,comfort,0.12,0.0,0.0,0.0104814551492163,0,0.9975925925925926,1
2025-03-30 00:00:00,0.11,0.1,3.0,comfort,0.11,0.0,0.0,0.0096080005534482,0,0.998148148148148,1
2025-03-30 00:00:00,0.14,0.12,3.0,comfort,0.14,0.0,0.0098092134770218,0.0132727033351758,0,0.9976470588235294,1
2025-03-30 00:00:00,0.12,0.08,3.0,comfort,0.12,0.0,0.0,0.0104814551492163,0,0.9988235294117648,1
2025-03-30 00:00:00,0.11,0.07,3.0,comfort,0.11,0.0,0.0049033782232697,0.0101300392566494,0,0.9992857142857144,1
2025-03-30 00:00:00,0.11,0.07,3.0,comfort,0.11,0.0,0.0,0.0096080005534482,0,0.999351851851852,1
2025-03-30 00:00:00,0.1,0.07,3.0,comfort,0.1,0.0,0.0098067564465395,0.0097786233640825,0,0.9994354838709678,1
2025-03-30 00:00:00,0.1,0.07,3.0,comfort,0.1,0.0,0.0147113456856003,0.0103007909982134,0,0.9992708333333334,1
2025-03-30 00:00:00,0.1,0.07,3.0,comfort,0.1,0.0,0.0147144858397539,0.0103011253150716,0,0.9986792452830188,1
2025-03-30 00:00:00,0.11,0.08,3.0,comfort,0.11,0.0,0.0196140871338599,0.0116962165028609,0,0.9986206896551724,1
2025-03-31 00:00:00,0.09,0.05,3.0,comfort,0.09,0.0,0.0098067564465395,0.0089051687683145,0,0.9992753623188406,1
2025-03-31 00:00:00,0.09,0.05,3.0,comfort,0.09,0.0,0.0098076608904806,0.0089052650600384,0,0.9990909090909093,1
2025-03-31 00:00:00,0.1,0.04,3.0,comfort,0.1,0.0,0.0098067564465395,0.0097786233640825,0,0.9992857142857144,1
2025-03-31 00:00:00,0.1,0.04,3.0,comfort,0.1,0.0,0.0245168911163489,0.0113447394736859,0,0.9992982456140352,1
2025-03-31 00:00:00,0.1,0.04,3.0,comfort,0.1,0.0,0.0245168911163489,0.0113447394736859,0,0.9993548387096776,1
2025-03-31 00:00:00,0.19,0.04,3.0,comfort,0.19,0.0,0.0735506733490467,0.0244262178676096,0,0.9994117647058822,1
2025-03-31 00:00:00,0.16,0.04,3.0,comfort,0.16,0.0,0.0588405386792374,0.0202397379707021,0,0.9994117647058822,1
2025-03-31 00:00:00,0.18,0.21,3.0,stress,0.0,0.0,0.0687581586719159,0.0073203449444798,0,0.9961818181818182,2
2025-03-31 00:00:00,0.18,0.21,3.0,stress,0.0,0.0,0.0686800586075415,0.0073120300125146,0,0.9952272727272728,2
2025-03-31 00:00:00,0.18,0.25,3.0,stress,0.0,0.0,0.0686660503103737,0.0073105386176121,0,0.9946808510638298,2
2025-03-31 00:00:00,0.11,0.04,3.0,comfort,0.11,0.0,0.0,0.0096080005534482,0,0.9993939393939392,1
2025-03-31 00:00:00,0.15,0.24,3.0,stress,0.0,0.0,0.0,0.0,0,0.9952941176470588,2
2025-04-01 00:00:00,0.12,0.06,4.0,comfort,0.12,0.0,0.0,0.0104814551492163,0,0.998867924528302,1
2025-04-01 00:00:00,0.13,0.06,4.0,comfort,0.13,0.0,0.0441348448048,0.0160537308635635,0,0.9986666666666666,1
2025-04-01 00:00:00,0.12,0.06,4.0,comfort,0.12,0.0,0.0,0.0104814551492163,0,0.998867924528302,1
2025-04-01 00:00:00,0.15,0.04,4.0,comfort,0.15,0.0,0.0441358592968462,0.0178007480631071,0,0.9986206896551724,1
2025-04-01 00:00:00,0.14,0.03,4.0,comfort,0.14,0.0,0.0392270257861582,0.0164046739663615,0,0.999,1
2025-04-01 00:00:00,0.13,0.03,4.0,comfort,0.13,0.0,0.0343255544321975,0.0150093836824435,0,0.9988888888888888,1
2025-04-01 00:00:00,0.13,0.06,4.0,comfort,0.13,0.0,0.0441353073876513,0.0160537801124978,0,0.9986666666666666,1
2025-04-01 00:00:00,0.12,0.06,4.0,comfort,0.12,0.0,0.0441500175223211,0.0151818916328394,0,0.997777777777778,1
2025-04-01 00:00:00,0.11,0.06,4.0,comfort,0.11,0.0,0.0392270257861582,0.0137843101790574,0,0.997777777777778,1
2025-04-01 00:00:00,0.11,0.06,4.0,comfort,0.11,0.0,0.0245168911163489,0.012218194069454,0,0.9986666666666666,1
2025-04-01 00:00:00,0.12,0.06,4.0,comfort,0.12,0.0,0.0294202693396187,0.0136136873684231,0,0.9988235294117648,1
2025-04-01 00:00:00,0.12,0.06,4.0,comfort,0.12,0.0,0.0294344850159802,0.0136152008419744,0,0.9978571428571428,1
2025-04-02 00:00:00,0.56,0.43,4.0,stress,0.0,0.0,0.2486713241801104,0.0264748199480579,0,0.9692857142857144,2
2025-04-02 00:00:00,0.68,0.48,4.0,stress,0.0,0.0,0.3040094498427266,0.0323663995984709,0,0.97,2
2025-04-02 00:00:00,0.54,0.36,4.0,stress,0.0,0.0,0.2353621547169496,0.0250578577536548,0,0.982,2
2025-04-02 00:00:00,0.41,0.24,4.0,stress,0.0,0.0,0.0,0.0,0,0.9815384615384616,2
2025-04-02 00:00:00,0.69,0.53,4.0,stress,0.0,0.0,0.1035364027799258,0.0110230145381893,0,0.9705555555555556,2
2025-04-02 00:00:00,0.63,0.42,4.0,stress,0.0,0.0,0.1325807464557605,0.0141152237901507,0,0.9676923076923076,2
2025-04-02 00:00:00,0.48,0.48,4.0,stress,0.0,0.0,0.1176810773584748,0.0125289288768274,0,0.976,2
2025-04-02 00:00:00,0.49,0.48,4.0,stress,0.0,0.0,0.0,0.0,0,0.963076923076923,2
2025-04-02 00:00:00,0.55,0.16,4.0,stress,0.0,0.0,0.0637439169025072,0.0067865031416148,0,0.9876923076923076,2
2025-04-02 00:00:00,0.6,0.36,4.0,stress,0.0,0.0,0.0591845295207467,0.0063010874612844,0,0.976,2
2025-04-02 00:00:00,0.68,0.47,4.0,stress,0.0,0.0,0.0984271455351021,0.0104790569022576,0,0.9686666666666668,2
2025-04-02 00:00:00,0.56,0.49,4.0,stress,0.0,0.0,0.1967587380586739,0.0209479407426067,0,0.9623076923076924,2
2025-04-03 00:00:00,0.15,0.1,4.0,comfort,0.15,0.0,0.0,0.0131018189365203,0,0.997872340425532,1
2025-04-03 00:00:00,0.15,0.1,4.0,comfort,0.15,0.0,0.0,0.0131018189365203,0,0.997872340425532,1
2025-04-03 00:00:00,0.15,0.1,4.0,comfort,0.15,0.0,0.0,0.0131018189365203,0,0.997872340425532,1
2025-04-03 00:00:00,0.13,0.05,4.0,comfort,0.13,0.0,0.0147101346698093,0.0129210258545877,0,0.998,1
2025-04-03 00:00:00,0.13,0.05,4.0,comfort,0.13,0.0,0.0147129366002226,0.0129213241624181,0,0.9976190476190476,1
2025-04-03 00:00:00,0.15,0.05,4.0,comfort,0.15,0.0,0.0245168911163489,0.0157120124525261,0,0.998529411764706,1
2025-04-03 00:00:00,0.15,0.05,4.0,comfort,0.15,0.0,0.0490399984829808,0.0183228677823036,0,0.9982758620689656,1
2025-04-03 00:00:00,0.15,0.05,4.0,comfort,0.15,0.0,0.0490498852810501,0.0183239203813502,0,0.9976190476190476,1
2025-04-03 00:00:00,0.16,0.05,4.0,comfort,0.16,0.0,0.0539371604559676,0.0197176992675009,0,0.9978260869565218,1
2025-04-03 00:00:00,0.16,0.05,4.0,comfort,0.16,0.0,0.0539371604559676,0.0197176992675009,0,0.998,1
2025-04-03 00:00:00,0.16,1.0,4.0,stress,0.0,0.0,0.0542121084202431,0.0057716981005457,0,0.9878048780487804,2
2025-04-03 00:00:00,0.13,0.05,4.0,comfort,0.13,0.0,0.0392270257861582,0.0155312193705934,0,0.9975,1
2025-04-04 00:00:00,0.2,0.3,4.0,stress,0.0,0.0,0.0737930562498561,0.0078563858702776,0,0.990909090909091,2
2025-04-04 00:00:00,0.18,0.28,4.0,stress,0.0,0.0,0.0,0.0,0,0.9917647058823528,2
2025-04-04 00:00:00,0.16,0.27,4.0,stress,0.0,0.0,0.0539371604559676,0.0057424257352125,0,0.9918181818181816,2
2025-04-04 00:00:00,0.15,0.16,4.0,stress,0.0,0.0,0.0,0.0,0,0.9956756756756756,2
2025-04-04 00:00:00,0.15,0.15,4.0,stress,0.0,0.0,0.0,0.0,0,0.995945945945946,2
2025-04-04 00:00:00,0.15,0.12,4.0,comfort,0.15,0.0,0.0,0.0131018189365203,0,0.9967567567567568,1
2025-04-04 00:00:00,0.14,0.1,4.0,comfort,0.14,0.0,0.0,0.0122283643407523,0,0.997560975609756,1
2025-04-04 00:00:00,0.14,0.07,4.0,comfort,0.14,0.0,0.0,0.0122283643407523,0,0.9984782608695651,1
2025-04-04 00:00:00,0.13,0.07,4.0,comfort,0.13,0.0,0.0049033782232697,0.0118769484481854,0,0.9984782608695651,1
2025-04-04 00:00:00,0.16,0.08,4.0,comfort,0.16,0.0,0.0294234671949817,0.0171078462115191,0,0.9982608695652174,1
2025-04-04 00:00:00,0.15,0.08,4.0,comfort,0.15,0.0,0.0392470215714165,0.0172802574156118,0,0.9972413793103448,1
2025-04-04 00:00:00,0.15,0.18,4.0,stress,0.0,0.0,0.0392683366334447,0.0041807077895205,0,0.9951351351351352,2
2025-04-09 00:00:00,0.27,0.09,4.0,comfort,0.27,0.0,0.0931641862421258,0.0335020094465584,0,0.9957142857142858,1
2025-04-09 00:00:00,0.29,0.08,4.0,comfort,0.29,0.0,0.1029709426886654,0.0362929960444967,0,0.996923076923077,1
2025-04-09 00:00:00,0.24,0.07,4.0,comfort,0.24,0.0,0.0294292026197825,0.0240960936002971,0,0.9963157894736842,1
2025-04-09 00:00:00,0.28,0.07,4.0,comfort,0.28,0.0,0.0931641862421259,0.0343754640423264,0,0.9966666666666668,1
2025-04-09 00:00:00,0.28,0.08,4.0,comfort,0.28,0.0,0.0980746708106468,0.0348982593233583,0,0.9965217391304348,1
2025-04-09 00:00:00,0.27,0.06,4.0,comfort,0.27,0.0,0.0980675644653956,0.0340240481497595,0,0.9976,1
2025-04-09 00:00:00,0.27,0.05,4.0,comfort,0.27,0.0,0.0981950522992007,0.0340376211560428,0,0.995,1
2025-04-09 00:00:00,0.27,0.06,4.0,comfort,0.27,0.0,0.0931641862421258,0.0335020094465584,0,0.9975,1
2025-04-09 00:00:00,0.27,0.06,4.0,comfort,0.27,0.0,0.1029893303570027,0.0345480444980977,0,0.9971428571428572,1
2025-04-09 00:00:00,0.29,0.09,4.0,comfort,0.29,0.0,0.1177336135537241,0.0378647054259202,0,0.99625,1
2025-04-09 00:00:00,0.29,0.1,4.0,comfort,0.29,0.0,0.1128011944891915,0.0373395748863518,0,0.9958333333333332,1
2025-04-09 00:00:00,0.29,0.1,4.0,comfort,0.29,0.0,0.11279905854792,0.0373393474831289,0,0.9954545454545454,1
2025-04-10 00:00:00,1.5,2.44,4.0,stress,0.1,0.1591035847462855,0.7089749996860113,0.212483275795962,1,0.9445454545454546,3
2025-04-10 00:00:00,1.68,3.23,4.0,stress,0.1359999999999999,0.2928932188134524,0.7810568388472876,0.3311617021449486,1,0.9282222222222224,3
2025-04-10 00:00:00,1.75,0.54,4.0,stress,0.15,0.4053964424986395,0.8090574068395142,0.4260645319316971,1,0.9877272727272728,3
2025-04-10 00:00:00,1.22,0.69,4.0,stress,0.044,0.5,0.0,0.4069379153015256,1,0.9839534883720932,3
2025-04-10 00:00:00,1.06,0.55,4.0,stress,0.012,0.5795517923731428,0.0,0.4682766747566018,1,0.9851351351351352,3
2025-04-10 00:00:00,0.97,0.54,4.0,stress,0.0,0.0,0.2110032680364684,0.0224644861973358,0,0.9836363636363636,2
2025-04-10 00:00:00,1.08,0.84,4.0,stress,0.016,0.1591035847462855,0.1923443718025472,0.1501431204287039,1,0.972,2
2025-04-10 00:00:00,1.16,0.92,4.0,stress,0.0319999999999999,0.2928932188134524,0.2996630277528171,0.2708261291709083,1,0.9682758620689654,3
2025-04-10 00:00:00,0.98,0.87,4.0,stress,0.0,0.0,0.2157486418238704,0.0229697029408503,0,0.971,2
2025-04-10 00:00:00,0.84,0.78,4.0,stress,0.0,0.0,0.0,0.0,0,0.975625,2
2025-04-10 00:00:00,0.78,0.54,4.0,stress,0.0,0.0,0.0,0.0,0,0.9825806451612904,2
2025-04-10 00:00:00,0.99,0.58,4.0,stress,0.0,0.0,0.0588405386792374,0.0062644644384137,0,0.9829411764705884,2
2025-04-11 00:00:00,0.24,0.04,4.0,comfort,0.24,0.0,0.0,0.0209629102984326,0,0.99921568627451,1
2025-04-11 00:00:00,0.25,0.04,4.0,comfort,0.25,0.0,0.0,0.0218363648942006,0,0.9990909090909093,1
2025-04-11 00:00:00,0.25,0.04,4.0,comfort,0.25,0.0,0.0,0.0218363648942006,0,0.9991111111111112,1
2025-04-11 00:00:00,0.24,0.04,4.0,comfort,0.24,0.0,0.0980706777214104,0.0314040158156003,0,0.9990476190476192,1
2025-04-11 00:00:00,0.25,0.04,4.0,comfort,0.25,0.0,0.1029709426886654,0.0327991776614246,0,0.9990476190476192,1
2025-04-11 00:00:00,0.24,0.04,4.0,comfort,0.24,0.0,0.0980675644653956,0.0314036843624554,0,0.9993650793650792,1
2025-04-11 00:00:00,0.24,0.04,4.0,comfort,0.24,0.0,0.0980781627837438,0.031404812713587,0,0.9991489361702128,1
2025-04-11 00:00:00,0.24,0.04,4.0,comfort,0.24,0.0,0.0980725324271213,0.0314042132770484,0,0.9990476190476192,1
2025-04-11 00:00:00,0.21,0.04,4.0,comfort,0.21,0.0,0.0833574297955863,0.0272172044655479,0,0.9990476190476192,1
2025-04-11 00:00:00,0.24,0.04,4.0,comfort,0.24,0.0,0.0980675644653956,0.0314036843624554,0,0.9990909090909093,1
2025-04-11 00:00:00,0.25,0.04,4.0,comfort,0.25,0.0,0.1029720311764317,0.0327992935473947,0,0.9990697674418604,1
2025-04-11 00:00:00,0.21,0.04,4.0,comfort,0.21,0.0,0.0833603376129047,0.0272175140466394,0,0.999,1
2025-04-12 00:00:00,0.23,0.03,4.0,comfort,0.23,0.0,0.0931641862421258,0.0300081910634863,0,0.999,1
2025-04-12 00:00:00,0.23,0.03,4.0,comfort,0.23,0.0,0.0931641862421258,0.0300081910634863,0,0.999,1
2025-04-12 00:00:00,0.24,0.03,4.0,comfort,0.24,0.0,0.0980675644653956,0.0314036843624554,0,0.99925,1
2025-04-12 00:00:00,0.24,0.03,4.0,comfort,0.24,0.0,0.1029709426886654,0.0319257230656566,0,0.9994545454545456,1
2025-04-12 00:00:00,0.24,0.03,4.0,comfort,0.24,0.0,0.1029764371856073,0.0319263080378793,0,0.9993478260869564,1
2025-04-12 00:00:00,0.24,0.03,4.0,comfort,0.24,0.0,0.1029750375034595,0.0319261590205651,0,0.9992682926829268,1
2025-04-12 00:00:00,0.24,0.03,4.0,comfort,0.24,0.0,0.1029709426886654,0.0319257230656566,0,0.9994545454545456,1
2025-04-12 00:00:00,0.24,0.04,4.0,comfort,0.24,0.0,0.1029896646782452,0.0319277163043415,0,0.9990909090909093,1
2025-04-12 00:00:00,0.23,0.04,4.0,comfort,0.23,0.0,0.0980675644653956,0.0305302297666874,0,0.9993103448275862,1
2025-04-12 00:00:00,0.23,0.04,4.0,comfort,0.23,0.0,0.0980675644653956,0.0305302297666874,0,0.9993548387096776,1
2025-04-12 00:00:00,0.24,0.03,4.0,comfort,0.24,0.0,0.0980675644653956,0.0314036843624554,0,0.9994827586206896,1
2025-04-12 00:00:00,0.23,0.04,4.0,comfort,0.23,0.0,0.0931641862421258,0.0300081910634863,0,0.9996153846153846,1
2025-04-13 00:00:00,0.17,0.05,4.0,comfort,0.17,0.0,0.0637439169025071,0.0216352312696713,0,0.9996987951807228,1
2025-04-13 00:00:00,0.29,0.56,4.0,stress,0.0,0.0,0.1281685670352477,0.0136454806216461,0,0.9890196078431372,2
2025-04-13 00:00:00,0.2,0.06,4.0,comfort,0.2,0.0,0.0784540515723165,0.0258217111665788,0,0.9995862068965518,1
2025-04-13 00:00:00,0.25,0.2,4.0,stress,0.0,0.0,0.0982434097534026,0.0104594954519997,0,0.996,2
2025-04-13 00:00:00,0.2,0.2,4.0,stress,0.0,0.0,0.0,0.0,0,0.9964285714285712,2
2025-04-13 00:00:00,0.24,0.18,4.0,stress,0.0,0.0,0.0882608080188561,0.0093966966576205,0,0.9971875,2
2025-04-13 00:00:00,0.24,0.23,4.0,stress,0.0,0.0,0.019626941462986,0.0020895844869803,0,0.9958181818181818,2
2025-04-13 00:00:00,0.26,0.23,4.0,stress,0.0,0.0,0.0294202693396187,0.0031322322192068,0,0.9965151515151516,2
2025-04-13 00:00:00,0.22,0.23,4.0,stress,0.0,0.0,0.0196235643814156,0.0020892249456186,0,0.9954901960784316,2
2025-04-13 00:00:00,0.22,0.1,4.0,comfort,0.22,0.0,0.0,0.0192160011068965,0,0.998876404494382,1
2025-04-13 00:00:00,0.25,0.4,4.0,stress,0.0,0.0,0.0098429779113014,0.001047933728642,0,0.9914893617021276,2
2025-04-14 00:00:00,0.28,0.27,4.0,stress,0.0,0.0,0.0245168911163489,0.0026101935160057,0,0.995909090909091,2
2025-04-14 00:00:00,0.28,0.26,4.0,stress,0.0,0.0,0.0883009265679556,0.009400967883374,0,0.995,2
2025-04-14 00:00:00,0.28,0.26,4.0,stress,0.0,0.0,0.0,0.0,0,0.995,2
2025-04-14 00:00:00,0.3,0.28,4.0,stress,0.0,0.0,0.0147101346698093,0.0015661161096034,0,0.9955555555555556,2
2025-04-14 00:00:00,0.27,0.2,4.0,stress,0.0,0.0,0.0049033782232697,0.0005220387032011,0,0.9976190476190476,2
2025-04-14 00:00:00,0.22,0.13,4.0,comfort,0.22,0.0,0.0,0.0192160011068965,0,0.9992352941176472,1
2025-04-14 00:00:00,0.2,0.12,4.0,comfort,0.2,0.0,0.0,0.0174690919153605,0,0.9989285714285714,1
2025-04-14 00:00:00,0.21,0.1,4.0,comfort,0.21,0.0,0.0049033782232697,0.0188645852143296,0,0.9992,1
2025-04-14 00:00:00,0.28,0.26,4.0,stress,0.0,0.0,0.0737051297630797,0.0078470247671679,0,0.995,2
2025-04-14 00:00:00,0.19,0.09,4.0,comfort,0.19,0.0,0.0343236475628884,0.0202499082420004,0,0.9995384615384616,1
2025-04-14 00:00:00,0.21,0.05,4.0,comfort,0.21,0.0,0.0539371604559676,0.0240849722463411,0,0.9996987951807228,1
2025-04-14 00:00:00,0.23,0.19,4.0,stress,0.0,0.0,0.0,0.0,0,0.998080808080808,2
2025-04-15 00:00:00,0.26,0.31,4.0,stress,0.0,0.0,0.0834568903652288,0.0088852470349332,0,0.9956944444444444,2
2025-04-15 00:00:00,0.18,0.06,4.0,comfort,0.18,0.0,0.0637439169025071,0.0225086858654393,0,0.999047619047619,1
2025-04-15 00:00:00,0.21,0.22,4.0,stress,0.0,0.0,0.0098152419675066,0.0010449808183276,0,0.9973170731707316,2
2025-04-15 00:00:00,0.2,0.05,4.0,comfort,0.2,0.0,0.0,0.0174690919153605,0,0.9993150684931508,1
2025-04-15 00:00:00,0.16,0.07,4.0,comfort,0.16,0.0,0.0490429926048274,0.0191966411475841,0,0.998939393939394,1
2025-04-15 00:00:00,0.16,0.08,4.0,comfort,0.16,0.0,0.0,0.0139752735322884,0,0.9986440677966102,1
2025-04-15 00:00:00,0.17,0.08,4.0,comfort,0.17,0.0,0.0588419383946981,0.021113341587331,0,0.9985964912280704,1
2025-04-15 00:00:00,0.18,0.11,4.0,comfort,0.18,0.0,0.0539542458138118,0.0214664274535438,0,0.9979629629629628,1
2025-04-15 00:00:00,0.26,0.32,4.0,stress,0.0,0.0,0.0884918611442253,0.0094212957540896,0,0.9927272727272728,2
2025-04-15 00:00:00,0.26,0.32,4.0,stress,0.0,0.0,0.0882608080188561,0.0093966966576205,0,0.9927272727272728,2
2025-04-15 00:00:00,0.26,0.32,4.0,stress,0.0,0.0,0.0735506733490467,0.0078305805480171,0,0.9927272727272728,2
2025-04-15 00:00:00,0.26,0.31,4.0,stress,0.0,0.0,0.0,0.0,0,0.9968686868686868,2
2025-04-16 00:00:00,0.35,0.57,4.0,stress,0.0,0.0,0.0147744450754838,0.0015729629240346,0,0.988125,2
2025-04-16 00:00:00,0.2,0.08,4.0,comfort,0.2,0.0,0.0,0.0174690919153605,0,0.9984615384615384,1
2025-04-16 00:00:00,0.2,0.08,4.0,comfort,0.2,0.0,0.0,0.0174690919153605,0,0.9984615384615384,1
2025-04-16 00:00:00,0.2,0.08,4.0,comfort,0.2,0.0,0.0,0.0174690919153605,0,0.9984615384615384,1
2025-04-16 00:00:00,0.33,0.66,4.0,stress,0.0,0.0,0.1233329279788061,0.0131306537763104,0,0.98625,2
2025-04-16 00:00:00,0.34,0.24,4.0,stress,0.0,0.0,0.1274878338050143,0.0135730062832297,0,0.9942857142857142,2
2025-04-16 00:00:00,0.28,0.42,4.0,stress,0.0,0.0,0.0981306078996948,0.0104474859902068,0,0.993,2
2025-04-16 00:00:00,0.32,0.58,4.0,stress,0.0,0.0,0.0,0.0,0,0.9879166666666668,2
2025-04-16 00:00:00,0.35,0.51,4.0,stress,0.0,0.0,0.0539467529387722,0.005743446999952,0,0.9875609756097562,2
2025-04-16 00:00:00,0.41,0.28,4.0,stress,0.0,0.0,0.0,0.0,0,0.9926315789473684,2
2025-04-16 00:00:00,0.3,0.52,4.0,stress,0.0,0.0,0.0,0.0,0,0.9876190476190476,2
2025-04-16 00:00:00,0.35,0.52,4.0,stress,0.0,0.0,0.0,0.0,0,0.9876190476190476,2
2025-04-17 00:00:00,0.2,0.09,4.0,comfort,0.2,0.0,0.0,0.0174690919153605,0,0.9986567164179104,1
2025-04-17 00:00:00,0.2,0.09,4.0,comfort,0.2,0.0,0.0,0.0174690919153605,0,0.998695652173913,1
2025-04-17 00:00:00,0.2,0.09,4.0,comfort,0.2,0.0,0.0,0.0174690919153605,0,0.998875,1
2025-04-17 00:00:00,0.2,0.07,4.0,comfort,0.2,0.0,0.0539371604559676,0.023211517650573,0,0.999054054054054,1
2025-04-17 00:00:00,0.18,0.11,4.0,comfort,0.18,0.0,0.0441380864883454,0.0204213489685997,0,0.9987058823529412,1
2025-04-17 00:00:00,0.19,0.12,4.0,comfort,0.19,0.0,0.0490392953385184,0.021816611305023,0,0.9984810126582278,1
2025-04-17 00:00:00,0.19,0.13,4.0,comfort,0.19,0.0,0.0588436576001958,0.0228604338142699,0,0.998375,1
2025-04-17 00:00:00,0.21,0.29,4.0,stress,0.0,0.0,0.0490955122621157,0.0052269591263999,0,0.9958571428571428,2
2025-04-17 00:00:00,0.23,0.31,4.0,stress,0.0,0.0,0.0539448657646041,0.0057432460817461,0,0.9955714285714286,2
2025-04-17 00:00:00,0.24,0.31,4.0,stress,0.0,0.0,0.0539371604559676,0.0057424257352125,0,0.9955714285714286,2
2025-04-17 00:00:00,0.18,0.06,4.0,comfort,0.18,0.0,0.0,0.0157221827238244,0,0.9991666666666666,1
2025-04-17 00:00:00,0.19,0.09,4.0,comfort,0.19,0.0,0.0,0.0165956373195924,0,0.9988157894736842,1
2025-04-18 00:00:00,0.26,0.38,4.0,stress,0.0,0.0,0.0,0.0,0,0.9943283582089552,2
2025-04-18 00:00:00,0.23,0.26,4.0,stress,0.0,0.0,0.0833919547012106,0.0088783336523035,0,0.9935,2
2025-04-18 00:00:00,0.23,0.26,4.0,stress,0.0,0.0,0.0686472951257769,0.007308541844816,0,0.9935,2
2025-04-18 00:00:00,0.23,0.26,4.0,stress,0.0,0.0,0.0,0.0,0,0.9935,2
2025-04-18 00:00:00,0.18,0.16,4.0,stress,0.0,0.0,0.0,0.0,0,0.9965957446808512,2
2025-04-18 00:00:00,0.18,0.08,4.0,comfort,0.18,0.0,0.0,0.0157221827238244,0,0.9982978723404256,1
2025-04-18 00:00:00,0.28,0.42,4.0,stress,0.0,0.0,0.0098321712356563,0.0010467831947279,0,0.9931147540983606,2
2025-04-18 00:00:00,0.2,0.06,4.0,comfort,0.2,0.0,0.0196135128930791,0.019557246728165,0,0.998867924528302,1
2025-04-18 00:00:00,0.23,0.05,4.0,comfort,0.23,0.0,0.0735506733490467,0.0279200362506817,0,0.9990909090909093,1
2025-04-18 00:00:00,0.28,0.68,4.0,stress,0.0,0.0,0.0,0.0,0,0.9892063492063492,2
2025-04-18 00:00:00,0.3,0.34,4.0,stress,0.0,0.0,0.1176810773584748,0.0125289288768274,0,0.9944262295081968,2
2025-04-18 00:00:00,0.19,0.06,4.0,comfort,0.19,0.0,0.0686472951257769,0.0239041791644085,0,0.9987755102040816,1
2025-04-19 00:00:00,0.22,0.08,4.0,comfort,0.22,0.0,0.0,0.0192160011068965,0,0.9982222222222222,1
2025-04-19 00:00:00,0.22,0.08,4.0,comfort,0.22,0.0,0.0,0.0192160011068965,0,0.9982222222222222,1
2025-04-19 00:00:00,0.25,0.23,4.0,stress,0.0,0.0,0.0933000242733133,0.00993319737179,0,0.9953061224489796,2
2025-04-19 00:00:00,0.24,0.21,4.0,stress,0.0,0.0,0.0784540515723165,0.0083526192512182,0,0.9957142857142856,2
2025-04-19 00:00:00,0.22,0.08,4.0,comfort,0.22,0.0,0.0686472951257769,0.0265245429517125,0,0.9982222222222222,1
2025-04-19 00:00:00,0.24,0.2,4.0,stress,0.0,0.0,0.0049086341319535,0.0005225982740986,0,0.9960784313725488,2
2025-04-19 00:00:00,0.21,0.15,4.0,stress,0.0,0.0,0.0,0.0,0,0.9973214285714286,2
2025-04-19 00:00:00,0.21,0.13,4.0,comfort,0.21,0.0,0.0637439169025071,0.0251290496527434,0,0.9975471698113209,1
2025-04-19 00:00:00,0.24,0.11,4.0,comfort,0.24,0.0,0.0196135128930791,0.0230510651112371,0,0.9983823529411764,1
2025-04-19 00:00:00,0.25,0.25,4.0,stress,0.0,0.0,0.0490997988107038,0.005227415494268,0,0.9956896551724138,2
2025-04-19 00:00:00,0.24,0.23,4.0,stress,0.0,0.0,0.053972203733051,0.0057461566215712,0,0.9943902439024392,2
2025-04-19 00:00:00,0.22,0.19,4.0,stress,0.0,0.0,0.0539371604559676,0.0057424257352125,0,0.9964150943396228,2
2025-04-20 00:00:00,0.24,0.18,4.0,stress,0.0,0.0,0.0,0.0,0,0.9974285714285712,2
2025-04-20 00:00:00,0.23,0.18,4.0,stress,0.0,0.0,0.0,0.0,0,0.9972727272727272,2
2025-04-20 00:00:00,0.24,0.14,4.0,comfort,0.24,0.0,0.0245168911163489,0.0235731038144383,0,0.997910447761194,1
2025-04-20 00:00:00,0.21,0.14,4.0,comfort,0.21,0.0,0.0147101346698093,0.0199086626207319,0,0.997910447761194,1
2025-04-20 00:00:00,0.26,0.22,4.0,stress,0.0,0.0,0.039230989960095,0.0041767316718244,0,0.9977083333333332,2
2025-04-20 00:00:00,0.21,0.14,4.0,comfort,0.21,0.0,0.0343236475628884,0.0219968174335365,0,0.9985714285714286,1
2025-04-20 00:00:00,0.22,0.09,4.0,comfort,0.22,0.0,0.0392270257861582,0.0233923107325057,0,0.9991818181818182,1
2025-04-20 00:00:00,0.23,0.08,4.0,comfort,0.23,0.0,0.004905375053548,0.0206117069986214,0,0.9983673469387756,1
2025-04-20 00:00:00,0.23,0.08,4.0,comfort,0.23,0.0,0.044130404009428,0.0247878040314748,0,0.9983673469387756,1
2025-04-20 00:00:00,0.21,0.14,4.0,comfort,0.21,0.0,0.0588405386792374,0.0246070109495422,0,0.9983720930232558,1
2025-04-20 00:00:00,0.23,0.08,4.0,comfort,0.23,0.0,0.0735506733490467,0.0279200362506817,0,0.9987692307692309,1
2025-04-20 00:00:00,0.23,0.08,4.0,comfort,0.23,0.0,0.0735506733490467,0.0279200362506817,0,0.9987692307692309,1
2025-04-21 00:00:00,0.29,0.1,4.0,comfort,0.29,0.0,0.0735656988333879,0.033162363515137,0,0.9983606557377048,1
2025-04-21 00:00:00,0.26,0.05,4.0,comfort,0.26,0.0,0.0882608080188561,0.0321065161475892,0,0.9995726495726496,1
2025-04-21 00:00:00,0.22,0.04,4.0,comfort,0.22,0.0,0.0686472951257769,0.0265245429517125,0,0.9997740112994352,1
2025-04-21 00:00:00,0.38,0.04,4.0,comfort,0.38,0.0,0.1372959227005252,0.0478085001881436,0,0.999754601226994,1
2025-04-21 00:00:00,0.25,0.05,4.0,comfort,0.25,0.0,0.0980723240265755,0.0322776456854293,0,0.9996575342465752,1
2025-04-21 00:00:00,0.28,0.13,4.0,comfort,0.28,0.0,0.1177197670277433,0.0369897766582368,0,0.999,1
2025-04-21 00:00:00,0.33,0.26,4.0,stress,0.0,0.0,0.1423194292395626,0.0151520537265437,0,0.9972916666666666,2
2025-04-21 00:00:00,0.32,1.0,4.0,stress,0.0,0.0,0.1330829270779714,0.0141686885054663,0,0.986842105263158,2
2025-04-21 00:00:00,4.82,1.2,4.0,stress,0.764,0.1591035847462855,1.0,0.3014646697026497,1,0.9803278688524588,3
2025-04-21 00:00:00,2.21,0.91,4.0,stress,0.242,0.2928932188134524,0.9561587535376078,0.3590625655148403,1,0.9840350877192984,3
2025-04-21 00:00:00,0.83,0.65,4.0,stress,0.0,0.0,0.0,0.0,0,0.9877358490566038,2
2025-04-21 00:00:00,0.61,0.52,4.0,stress,0.0,0.0,0.0,0.0,0,0.9893877551020408,2
2025-04-22 00:00:00,0.71,1.4,4.0,stress,0.0,0.0,0.0,0.0,0,0.9702127659574468,2
2025-04-22 00:00:00,0.68,0.81,4.0,stress,0.0,0.0,0.0147101346698093,0.0015661161096034,0,0.982,2
2025-04-22 00:00:00,0.67,0.95,4.0,stress,0.0,0.0,0.0736827302398325,0.0078446399994556,0,0.9784090909090908,2
2025-04-22 00:00:00,0.62,1.23,4.0,stress,0.0,0.0,0.0,0.0,0,0.9748979591836736,2
2025-04-22 00:00:00,0.77,1.24,4.0,stress,0.0,0.0,0.0,0.0,0,0.9704761904761904,2
2025-04-22 00:00:00,0.53,0.91,4.0,stress,0.0,0.0,0.0,0.0,0,0.9818,2
2025-04-22 00:00:00,0.71,0.37,4.0,stress,0.0,0.0,0.0,0.0,0,0.9927450980392156,2
2025-04-22 00:00:00,0.67,0.86,4.0,stress,0.0,0.0,0.0,0.0,0,0.9869696969696968,2
2025-04-22 00:00:00,0.86,0.57,4.0,stress,0.0,0.0,0.0,0.0,0,0.9922972972972974,2
2025-04-22 00:00:00,0.7,0.5,4.0,stress,0.0,0.0,0.1618114813679028,0.0172272772056377,0,0.9950980392156864,2
2025-04-22 00:00:00,0.4,0.6,4.0,stress,0.0,0.0,0.0,0.0,0,0.9877551020408164,2
2025-04-22 00:00:00,0.63,0.51,4.0,stress,0.0,0.0,0.0294202693396187,0.0031322322192068,0,0.9923880597014924,2
2025-04-23 00:00:00,0.92,1.6,4.0,stress,0.0,0.0,0.2098653198034427,0.0223433344132333,0,0.9542857142857144,2
2025-04-23 00:00:00,2.67,2.7,4.0,stress,0.3339999999999999,0.1591035847462855,1.0,0.2639061220846245,1,0.915625,3
2025-04-23 00:00:00,2.8,5.1,4.0,stress,0.36,0.2928932188134524,1.0,0.3740368928835848,1,0.840625,3
2025-04-23 00:00:00,6.42,5.1,4.0,stress,1.0,0.4053964424986395,1.0,0.5206368968066953,1,0.85,3
2025-04-23 00:00:00,11.9,4.4,4.0,stress,1.0,0.5,1.0,0.5969052849198536,1,0.8777777777777778,4
2025-04-23 00:00:00,0.92,1.6,4.0,stress,0.0,0.0,0.0,0.0,0,0.9542857142857144,2
2025-04-23 00:00:00,0.94,1.6,4.0,stress,0.0,0.0,0.0,0.0,0,0.9555555555555556,2
2025-04-23 00:00:00,1.0,1.6,4.0,stress,0.0,0.0,0.0,0.0,0,0.9555555555555556,2
2025-04-23 00:00:00,0.92,1.6,4.0,stress,0.0,0.0,0.0,0.0,0,0.9567567567567568,2
2025-04-23 00:00:00,0.9,1.8,4.0,stress,0.0,0.0,0.0,0.0,0,0.953846153846154,2
2025-04-23 00:00:00,0.8,0.8,4.0,stress,0.0,0.0,0.0,0.0,0,0.980952380952381,2
2025-04-23 00:00:00,0.92,1.6,4.0,stress,0.0,0.0,0.0,0.0,0,0.9542857142857144,2
2025-04-24 00:00:00,0.74,0.39,4.0,stress,0.0,0.0,0.0,0.0,0,0.9844,2
2025-04-24 00:00:00,1.5,0.39,4.0,stress,0.1,0.1591035847462855,0.3432364756288848,0.173544883504828,1,0.985,2
2025-04-24 00:00:00,0.59,0.4,4.0,stress,0.0,0.0,0.0,0.0,0,0.9851851851851852,2
2025-04-24 00:00:00,0.59,0.36,4.0,stress,0.0,0.0,0.0980675644653956,0.0104407740640228,0,0.9871428571428572,2
2025-04-24 00:00:00,0.6,0.35,4.0,stress,0.0,0.0,0.1029763908866913,0.0109633928102275,0,0.9870370370370368,2
2025-04-24 00:00:00,0.3,0.31,4.0,stress,0.0,0.0,0.0,0.0,0,0.9885185185185186,2
2025-04-24 00:00:00,0.3,0.8,4.0,stress,0.0,0.0,0.0,0.0,0,0.9703703703703704,2
2025-04-24 00:00:00,0.28,0.8,4.0,stress,0.0,0.0,0.0,0.0,0,0.9741935483870968,2
2025-04-24 00:00:00,1.4,0.8,4.0,stress,0.0799999999999999,0.1591035847462855,0.5346981051434327,0.1921819578106737,1,0.9733333333333332,3
2025-04-24 00:00:00,0.46,0.39,4.0,stress,0.0,0.0,0.0,0.0,0,0.98375,2
2025-04-24 00:00:00,0.76,0.39,4.0,stress,0.0,0.0,0.0,0.0,0,0.9860714285714286,2
2025-04-24 00:00:00,0.46,0.39,4.0,stress,0.0,0.0,0.0,0.0,0,0.98375,2
2025-04-25 00:00:00,0.67,0.4,4.0,stress,0.0,0.0,0.1373729377079475,0.0146254249602157,0,0.982608695652174,2
2025-04-25 00:00:00,0.28,0.4,4.0,stress,0.0,0.0,0.0,0.0,0,0.9833333333333334,2
2025-04-25 00:00:00,0.69,0.6,4.0,stress,0.0,0.0,0.1476407183026531,0.0157185853533864,0,0.976,2
2025-04-25 00:00:00,0.7,0.6,4.0,stress,0.0,0.0,0.1471013466980934,0.0156611610960343,0,0.9769230769230768,2
2025-04-25 00:00:00,0.78,0.5,4.0,stress,0.0,0.0,0.1863283724842517,0.0198374707216434,0,0.9821428571428572,2
2025-04-25 00:00:00,0.49,0.5,4.0,stress,0.0,0.0,0.0,0.0,0,0.98,2
2025-04-25 00:00:00,0.74,0.6,4.0,stress,0.0,0.0,0.0686963289080096,0.007313762231848,0,0.9785714285714284,2
2025-04-25 00:00:00,0.41,0.5,4.0,stress,0.0,0.0,0.0,0.0,0,0.9814814814814816,2
2025-04-25 00:00:00,0.48,0.5,4.0,stress,0.0,0.0,0.0,0.0,0,0.9791666666666666,2
2025-04-25 00:00:00,0.48,0.4,4.0,stress,0.0,0.0,0.0,0.0,0,0.984,2
2025-04-25 00:00:00,0.52,0.3,4.0,stress,0.0,0.0,0.0098067564465395,0.0010440774064022,0,0.990909090909091,2
2025-04-25 00:00:00,0.42,0.6,4.0,stress,0.0,0.0,0.0,0.0,0,0.9777777777777776,2
2025-04-26 00:00:00,0.69,0.4,4.0,stress,0.0,0.0,0.1421979684748237,0.0151391223928331,0,0.9882352941176472,2
2025-04-26 00:00:00,0.38,0.38,4.0,stress,0.0,0.0,0.0392270257861582,0.0041763096256091,0,0.9897297297297296,2
2025-04-26 00:00:00,0.42,0.38,4.0,stress,0.0,0.0,0.0,0.0,0,0.9897297297297296,2
2025-04-26 00:00:00,0.5,0.38,4.0,stress,0.0,0.0,0.0490407765409742,0.0052211316818132,0,0.9894444444444443,2
2025-04-26 00:00:00,0.55,0.4,4.0,stress,0.0,0.0,0.0834552776746474,0.0088850753396526,0,0.9870967741935484,2
2025-04-26 00:00:00,0.46,0.3,4.0,stress,0.0,0.0,0.0392270257861582,0.0041763096256091,0,0.9903225806451612,2
2025-04-26 00:00:00,0.53,0.37,4.0,stress,0.0,0.0,0.0735727517321757,0.0078329311255114,0,0.9897222222222224,2
2025-04-26 00:00:00,0.48,0.3,4.0,stress,0.0,0.0,0.0392270257861582,0.0041763096256091,0,0.99,2
2025-04-26 00:00:00,0.5,0.4,4.0,stress,0.0,0.0,0.098303653046516,0.0104659092608436,0,0.9851851851851852,2
2025-04-26 00:00:00,0.6,0.4,4.0,stress,0.0,0.0,0.1129229844158944,0.0120223579870544,0,0.982608695652174,2
2025-04-26 00:00:00,0.8,0.4,4.0,stress,0.0,0.0,0.2451689111634891,0.0261019351600571,0,0.984,2
2025-04-26 00:00:00,0.7,0.7,4.0,stress,0.0,0.0,0.1480697638971892,0.0157642637399165,0,0.9708333333333332,2
2025-04-27 00:00:00,0.24,0.26,4.0,stress,0.0,0.0,0.0,0.0,0,0.9949019607843138,2
2025-04-27 00:00:00,0.27,0.24,4.0,stress,0.0,0.0,0.0,0.0,0,0.9961290322580644,2
2025-04-27 00:00:00,0.34,0.2,4.0,stress,0.0,0.0,0.0,0.0,0,0.9972972972972972,2
2025-04-27 00:00:00,0.43,0.2,4.0,stress,0.0,0.0,0.0833574297955863,0.0088746579544194,0,0.9977011494252872,2
2025-04-27 00:00:00,0.36,0.17,4.0,stress,0.0,0.0,0.0588606505391005,0.0062666056497916,0,0.9970175438596492,2
2025-04-27 00:00:00,0.36,0.24,4.0,stress,0.0,0.0,0.078486494977102,0.008356073341886,0,0.9961904761904762,2
2025-04-27 00:00:00,0.35,0.23,4.0,stress,0.0,0.0,0.0735506733490467,0.0078305805480171,0,0.9962295081967214,2
2025-04-27 00:00:00,0.37,0.23,4.0,stress,0.0,0.0,0.0980915305823946,0.0104433256193117,0,0.9957407407407408,2
2025-04-27 00:00:00,0.41,0.2,4.0,stress,0.0,0.0,0.0833651480761229,0.0088754796820078,0,0.9955555555555556,2
2025-04-27 00:00:00,0.44,0.2,4.0,stress,0.0,0.0,0.1029709426886654,0.010962812767224,0,0.9960784313725488,2
2025-04-27 00:00:00,0.41,0.4,4.0,stress,0.0,0.0,0.0885403671392778,0.0094264599502012,0,0.9897435897435898,2
2025-04-27 00:00:00,0.48,0.4,4.0,stress,0.0,0.0,0.1372945902515539,0.014617083689632,0,0.991304347826087,2
2025-04-28 00:00:00,0.16,0.04,4.0,comfort,0.16,0.0,0.0,0.0139752735322884,0,0.9988571428571428,1
2025-04-28 00:00:00,0.16,0.04,4.0,comfort,0.16,0.0,0.0,0.0139752735322884,0,0.9990476190476192,1
2025-04-28 00:00:00,0.16,0.04,4.0,comfort,0.16,0.0,0.0,0.0139752735322884,0,0.9989189189189188,1
2025-04-28 00:00:00,0.16,0.04,4.0,comfort,0.16,0.0,0.0588405386792374,0.0202397379707021,0,0.998974358974359,1
2025-04-28 00:00:00,0.16,0.04,4.0,comfort,0.16,0.0,0.0588405386792374,0.0202397379707021,0,0.998974358974359,1
2025-04-28 00:00:00,0.16,0.05,4.0,comfort,0.16,0.0,0.0588536291459872,0.020241131648688,0,0.998529411764706,1
2025-04-28 00:00:00,0.16,0.04,4.0,comfort,0.16,0.0,0.0588405386792374,0.0202397379707021,0,0.9991304347826088,1
2025-04-28 00:00:00,0.17,0.04,4.0,comfort,0.17,0.0,0.0637439169025071,0.0216352312696713,0,0.9992592592592592,1
2025-04-28 00:00:00,0.25,0.04,4.0,comfort,0.25,0.0,0.0980675644653956,0.0322771389582235,0,0.9993103448275862,1
2025-04-28 00:00:00,0.37,0.07,4.0,comfort,0.37,0.0,0.1618736718438596,0.0495517183649347,0,0.9985416666666668,1
2025-04-28 00:00:00,0.28,0.9,4.0,stress,0.0,0.0,0.1186760128275535,0.0126348547912473,0,0.9816326530612244,2
2025-04-28 00:00:00,0.16,0.04,4.0,comfort,0.16,0.0,0.0588405386792374,0.0202397379707021,0,0.9992307692307691,1
2025-04-29 00:00:00,0.19,0.08,4.0,comfort,0.19,0.0,0.0588607008218617,0.0228622483227438,0,0.9985454545454546,1
2025-04-29 00:00:00,0.2,0.08,4.0,comfort,0.2,0.0,0.0,0.0174690919153605,0,0.9976470588235294,1
2025-04-29 00:00:00,0.2,0.08,4.0,comfort,0.2,0.0,0.0784540515723165,0.0258217111665788,0,0.9980487804878048,1
2025-04-29 00:00:00,0.18,0.08,4.0,comfort,0.18,0.0,0.0490337822326978,0.0209425697558359,0,0.9983333333333334,1
2025-04-29 00:00:00,0.19,0.06,4.0,comfort,0.19,0.0,0.0539371604559676,0.022338063054805,0,0.9985,1
2025-04-29 00:00:00,0.17,0.05,4.0,comfort,0.17,0.0,0.044130404009428,0.0195470764568667,0,0.998529411764706,1
2025-04-29 00:00:00,0.19,0.05,4.0,comfort,0.19,0.0,0.0539383622643556,0.0223381910054676,0,0.9984848484848484,1
2025-04-29 00:00:00,0.19,0.06,4.0,comfort,0.19,0.0,0.0637502636994282,0.0233828161736413,0,0.9982857142857142,1
2025-04-29 00:00:00,0.17,0.05,4.0,comfort,0.17,0.0,0.0588405386792374,0.0211131925664701,0,0.9986486486486488,1
2025-04-29 00:00:00,0.17,0.05,4.0,comfort,0.17,0.0,0.0588440466604782,0.0211135660440797,0,0.998529411764706,1
2025-04-29 00:00:00,0.18,0.07,4.0,comfort,0.18,0.0,0.0588637064435181,0.0219891137208168,0,0.9977419354838708,1
2025-04-29 00:00:00,0.18,0.05,4.0,comfort,0.18,0.0,0.0637439169025071,0.0225086858654393,0,0.9984848484848484,1
2025-04-30 00:00:00,0.2,0.05,4.0,comfort,0.2,0.0,0.0735506733490467,0.0252996724633776,0,0.9988636363636364,1
2025-04-30 00:00:00,0.18,0.05,4.0,comfort,0.18,0.0,0.053946174018878,0.0214655680890061,0,0.998529411764706,1
2025-04-30 00:00:00,0.18,0.05,4.0,comfort,0.18,0.0,0.0637439169025071,0.0225086858654393,0,0.9985714285714288,1
2025-04-30 00:00:00,0.19,0.04,4.0,comfort,0.19,0.0,0.0686472951257769,0.0239041791644085,0,0.9988571428571428,1
2025-04-30 00:00:00,0.2,0.04,4.0,comfort,0.2,0.0,0.0735506733490467,0.0252996724633776,0,0.9989189189189188,1
2025-04-30 00:00:00,0.18,0.05,4.0,comfort,0.18,0.0,0.0637563312583427,0.0225100075612022,0,0.998529411764706,1
2025-04-30 00:00:00,0.21,0.05,4.0,comfort,0.21,0.0,0.0833574297955863,0.0272172044655479,0,0.9987179487179488,1
2025-04-30 00:00:00,0.35,0.06,4.0,comfort,0.35,0.0,0.1520047249213633,0.0467541106511163,0,0.99875,1
2025-04-30 00:00:00,0.5,0.08,4.0,comfort,0.5,0.0,0.2206942366326084,0.0671689660258795,0,0.9983673469387756,2
2025-04-30 00:00:00,0.23,0.08,4.0,comfort,0.23,0.0,0.0882608080188561,0.0294861523602851,0,0.9985454545454546,1
2025-04-30 00:00:00,0.21,0.05,4.0,comfort,0.21,0.0,0.0735506733490467,0.0261731270591456,0,0.9991803278688524,1
2025-04-30 00:00:00,0.21,0.04,4.0,comfort,0.21,0.0,0.0637504815345547,0.0251297485570181,0,0.998974358974359,1
2025-05-01 00:00:00,0.19,0.04,5.0,comfort,0.19,0.0,0.0539371604559676,0.022338063054805,0,0.9992,1
2025-05-01 00:00:00,0.19,0.04,5.0,comfort,0.19,0.0,0.0686503461166714,0.0239045039884904,0,0.9991111111111112,1
2025-05-01 00:00:00,0.19,0.04,5.0,comfort,0.19,0.0,0.073553862538135,0.0244265574049775,0,0.9990243902439024,1
2025-05-01 00:00:00,0.19,0.04,5.0,comfort,0.19,0.0,0.073563828754036,0.0244276184592523,0,0.9986666666666668,1
2025-05-01 00:00:00,0.19,0.04,5.0,comfort,0.19,0.0,0.0735523641691237,0.0244263978809555,0,0.9986206896551724,1
2025-05-01 00:00:00,0.19,0.04,5.0,comfort,0.19,0.0,0.0735506733490467,0.0244262178676096,0,0.9988235294117648,1
2025-05-01 00:00:00,0.2,0.04,5.0,comfort,0.2,0.0,0.0784585176473586,0.0258221866477506,0,0.9987096774193548,1
2025-05-01 00:00:00,0.2,0.04,5.0,comfort,0.2,0.0,0.0784540515723165,0.0258217111665788,0,0.9988235294117648,1
2025-05-01 00:00:00,0.19,0.04,5.0,comfort,0.19,0.0,0.0735506733490467,0.0244262178676096,0,0.9988571428571428,1
2025-05-01 00:00:00,0.21,0.05,5.0,comfort,0.21,0.0,0.0833661195662599,0.0272181296229409,0,0.9986486486486488,1
2025-05-01 00:00:00,0.2,0.03,5.0,comfort,0.2,0.0,0.0784540515723165,0.0258217111665788,0,0.9989655172413792,1
2025-05-01 00:00:00,0.19,0.23,5.0,stress,0.0,0.0,0.0737542963954613,0.0078522592981057,0,0.9934285714285715,2
2025-05-01 00:00:00,0.13,0.03,5.0,comfort,0.13,0.0,0.0392270257861582,0.0155312193705934,0,0.9995454545454544,1
2025-05-01 00:00:00,0.11,0.03,5.0,comfort,0.11,0.0,0.0392270257861582,0.0137843101790574,0,0.9996202531645568,1
2025-05-01 00:00:00,0.13,0.06,5.0,comfort,0.13,0.0,0.0,0.0113549097449843,0,0.9985365853658535,1
2025-05-01 00:00:00,0.13,0.05,5.0,comfort,0.13,0.0,0.0490337822326978,0.0165752967769957,0,0.999056603773585,1
2025-05-01 00:00:00,0.12,0.07,5.0,comfort,0.12,0.0,0.0441439114286846,0.0151812415469071,0,0.9984444444444444,1
2025-05-01 00:00:00,0.12,0.07,5.0,comfort,0.12,0.0,0.0294202693396187,0.0136136873684231,0,0.9987037037037036,1
2025-05-01 00:00:00,0.12,0.03,5.0,comfort,0.12,0.0,0.0343236475628884,0.0141357260716243,0,0.9994444444444444,1
2025-05-01 00:00:00,0.12,0.03,5.0,comfort,0.12,0.0,0.0245168911163489,0.013091648665222,0,0.9995081967213114,1
2025-05-01 00:00:00,0.11,0.03,5.0,comfort,0.11,0.0,0.0196139435176303,0.0116962012127431,0,0.9994642857142856,1
2025-05-01 00:00:00,0.11,0.03,5.0,comfort,0.11,0.0,0.0392272168268682,0.0137843305182276,0,0.9994545454545456,1
2025-05-01 00:00:00,0.12,0.03,5.0,comfort,0.12,0.0,0.044130404009428,0.0151798034780266,0,0.9996,1
2025-05-01 00:00:00,0.12,0.03,5.0,comfort,0.12,0.0,0.044131034443771,0.0151798705972884,0,0.9995714285714286,1
2025-05-02 00:00:00,0.22,0.06,5.0,comfort,0.22,0.0,0.0932001209996764,0.0291385622656431,0,0.9988,1
2025-05-02 00:00:00,0.91,0.69,5.0,stress,0.0,0.0,0.4358904653668795,0.0464071264578337,0,0.9784375,2
2025-05-02 00:00:00,0.9,0.73,5.0,stress,0.0,0.0,0.4284824721932774,0.0456184336477793,0,0.9695833333333334,2
2025-05-02 00:00:00,0.22,0.06,5.0,comfort,0.22,0.0,0.0784540515723165,0.0275686203581148,0,0.9988888888888888,1
2025-05-02 00:00:00,0.19,0.06,5.0,comfort,0.19,0.0,0.0,0.0165956373195924,0,0.9988,1
2025-05-02 00:00:00,0.84,0.52,5.0,stress,0.0,0.0,0.054489117397967,0.0058011898919029,0,0.9783333333333334,2
2025-05-02 00:00:00,0.7,0.31,5.0,stress,0.0,0.0,0.3138162062892661,0.0334104770048731,0,0.9876,2
2025-05-02 00:00:00,0.62,0.32,5.0,stress,0.0,0.0,0.2746440983392085,0.0292400142127399,0,0.9872,2
2025-05-02 00:00:00,0.62,0.18,5.0,stress,0.0,0.0,0.0490337822326978,0.0052203870320114,0,0.994,2
2025-05-02 00:00:00,0.3,0.1,5.0,comfort,0.3,0.0,0.0,0.0262036378730407,0,0.995,1
2025-05-02 00:00:00,0.21,0.04,5.0,comfort,0.21,0.0,0.0,0.0183425465111285,0,0.997777777777778,1
2025-05-02 00:00:00,0.2,0.04,5.0,comfort,0.2,0.0,0.0098089357257499,0.0185134013389642,0,0.9973333333333334,1
2025-05-02 00:00:00,0.88,0.73,5.0,stress,0.0,0.0,0.3875375172004827,0.0412592244997617,0,0.9708,2
2025-05-02 00:00:00,0.2,0.06,5.0,comfort,0.2,0.0,0.0784540515723165,0.0258217111665788,0,0.9994,1
2025-05-02 00:00:00,0.19,0.06,5.0,comfort,0.19,0.0,0.0735727385510514,0.024428567041774,0,0.9988,1
2025-05-02 00:00:00,0.22,0.09,5.0,comfort,0.22,0.0,0.0,0.0192160011068965,0,0.998,1
2025-05-02 00:00:00,0.22,0.09,5.0,comfort,0.22,0.0,0.0784540515723165,0.0275686203581148,0,0.9981632653061224,1
2025-05-02 00:00:00,0.22,0.22,5.0,stress,0.0,0.0,0.0785546008465765,0.0083633242407892,0,0.9956,2
2025-05-02 00:00:00,0.22,0.05,5.0,comfort,0.22,0.0,0.0637439169025071,0.0260025042485114,0,0.999122807017544,1
2025-05-02 00:00:00,0.68,0.32,5.0,stress,0.0,0.0,0.2910239451254744,0.0309838964069291,0,0.9872,2
2025-05-02 00:00:00,0.22,0.06,5.0,comfort,0.22,0.0,0.0,0.0192160011068965,0,0.9991780821917808,1
2025-05-02 00:00:00,0.23,0.05,5.0,comfort,0.23,0.0,0.0882608080188561,0.0294861523602851,0,0.9993150684931508,1
2025-05-02 00:00:00,0.73,1.1,5.0,stress,0.0,0.0,0.2062349525852285,0.0219568269670512,0,0.9476190476190476,2
2025-05-02 00:00:00,0.22,0.06,5.0,comfort,0.22,0.0,0.0784540515723165,0.0275686203581148,0,0.9990163934426228,1
2025-05-03 00:00:00,0.27,0.09,5.0,comfort,0.27,0.0,0.1078743209119352,0.0350681255561618,0,0.9991176470588234,1
2025-05-03 00:00:00,0.17,0.12,5.0,comfort,0.17,0.0,0.0,0.0148487281280564,0,0.9964705882352942,1
2025-05-03 00:00:00,0.15,0.04,5.0,comfort,0.15,0.0,0.044130404009428,0.0178001672653306,0,0.9986666666666668,1
2025-05-03 00:00:00,0.16,0.04,5.0,comfort,0.16,0.0,0.0343244366122577,0.0176296284609245,0,0.9986206896551724,1
2025-05-03 00:00:00,0.16,0.04,5.0,comfort,0.16,0.0,0.0196145148605321,0.0160635350196683,0,0.9985185185185186,1
2025-05-03 00:00:00,0.16,0.04,5.0,comfort,0.16,0.0,0.0588504444938298,0.0202407925943449,0,0.9981818181818182,1
2025-05-03 00:00:00,0.16,0.04,5.0,comfort,0.16,0.0,0.0588405386792374,0.0202397379707021,0,0.9984,1
2025-05-03 00:00:00,0.15,0.04,5.0,comfort,0.15,0.0,0.0539371604559676,0.0188442446717329,0,0.9986206896551724,1
2025-05-03 00:00:00,0.15,0.06,5.0,comfort,0.15,0.0,0.0539598925925582,0.0188466648511616,0,0.997777777777778,1
2025-05-03 00:00:00,0.15,0.06,5.0,comfort,0.15,0.0,0.0539371604559676,0.0188442446717329,0,0.997777777777778,1
2025-05-03 00:00:00,0.15,0.06,5.0,comfort,0.15,0.0,0.0539371604559676,0.0188442446717329,0,0.997777777777778,1
2025-05-03 00:00:00,0.2,0.03,5.0,comfort,0.2,0.0,0.0686472951257769,0.0247776337601765,0,0.9992307692307691,1
2025-05-03 00:00:00,0.2,0.04,5.0,comfort,0.2,0.0,0.0686552159675222,0.0247784770534663,0,0.999,1
2025-05-03 00:00:00,0.22,0.04,5.0,comfort,0.22,0.0,0.0784540515723165,0.0275686203581148,0,0.9990697674418604,1
2025-05-03 00:00:00,0.23,0.03,5.0,comfort,0.23,0.0,0.0980675644653956,0.0305302297666874,0,0.999375,1
2025-05-03 00:00:00,0.23,0.09,5.0,comfort,0.23,0.0,0.0932141741014892,0.0300135130264452,0,0.9983018867924528,1
2025-05-03 00:00:00,0.23,0.07,5.0,comfort,0.23,0.0,0.0931641862421258,0.0300081910634863,0,0.999054054054054,1
2025-05-03 00:00:00,0.24,0.07,5.0,comfort,0.24,0.0,0.1029709426886654,0.0319257230656566,0,0.999263157894737,1
2025-05-03 00:00:00,0.24,0.07,5.0,comfort,0.24,0.0,0.0735506733490467,0.0287934908464497,0,0.9993577981651376,1
2025-05-03 00:00:00,0.15,0.12,5.0,comfort,0.15,0.0,0.0392747792226304,0.0172832126370089,0,0.996923076923077,1
2025-05-03 00:00:00,0.22,0.31,5.0,stress,0.0,0.0,0.0735562721583161,0.0078311766258633,0,0.9967708333333332,2
2025-05-03 00:00:00,0.2,0.03,5.0,comfort,0.2,0.0,0.0637439169025071,0.0242555950569753,0,0.9991891891891892,1
2025-05-03 00:00:00,0.24,0.03,5.0,comfort,0.24,0.0,0.0588405386792374,0.0272273747368463,0,0.9994230769230767,1
2025-05-03 00:00:00,0.18,0.08,5.0,comfort,0.18,0.0,0.0,0.0157221827238244,0,0.9972413793103448,1
2025-05-04 00:00:00,0.22,0.04,5.0,comfort,0.22,0.0,0.0931641862421258,0.0291347364677182,0,0.9989473684210528,1
2025-05-04 00:00:00,0.22,0.04,5.0,comfort,0.22,0.0,0.0931641862421258,0.0291347364677182,0,0.999,1
2025-05-04 00:00:00,0.2,0.04,5.0,comfort,0.2,0.0,0.0588405386792374,0.0237335563537742,0,0.999,1
2025-05-04 00:00:00,0.2,0.04,5.0,comfort,0.2,0.0,0.0784540515723165,0.0258217111665788,0,0.999,1
2025-05-04 00:00:00,0.2,0.03,5.0,comfort,0.2,0.0,0.0784540515723165,0.0258217111665788,0,0.9992105263157894,1
2025-05-04 00:00:00,0.11,0.05,5.0,comfort,0.11,0.0,0.0343236475628884,0.0132622714758562,0,0.9993055555555556,1
2025-05-04 00:00:00,0.12,0.05,5.0,comfort,0.12,0.0,0.0392292226402009,0.0146579986631333,0,0.9991935483870968,1
2025-05-04 00:00:00,0.12,0.05,5.0,comfort,0.12,0.0,0.0441330402342792,0.015180084143996,0,0.999074074074074,1
2025-05-04 00:00:00,0.25,0.04,5.0,comfort,0.25,0.0,0.0980675644653956,0.0322771389582235,0,0.9990909090909093,1
2025-05-04 00:00:00,0.22,0.03,5.0,comfort,0.22,0.0,0.0833574297955863,0.028090659061316,0,0.9992682926829268,1
2025-05-04 00:00:00,0.22,0.03,5.0,comfort,0.22,0.0,0.0833574297955863,0.028090659061316,0,0.9993023255813952,1
2025-05-04 00:00:00,0.22,0.04,5.0,comfort,0.22,0.0,0.0882790531471287,0.0286146402341104,0,0.9988888888888888,1
2025-05-04 00:00:00,0.11,0.06,5.0,comfort,0.11,0.0,0.0392270257861582,0.0137843101790574,0,0.9992941176470588,1
2025-05-04 00:00:00,0.22,0.04,5.0,comfort,0.22,0.0,0.0931685704391255,0.0291352032317352,0,0.9992,1
2025-05-04 00:00:00,0.21,0.04,5.0,comfort,0.21,0.0,0.0833574297955863,0.0272172044655479,0,0.9994444444444444,1
2025-05-04 00:00:00,0.13,0.05,5.0,comfort,0.13,0.0,0.0343427162559789,0.0150112108179047,0,0.9983333333333332,1
2025-05-04 00:00:00,0.15,0.05,5.0,comfort,0.15,0.0,0.0539371604559676,0.0188442446717329,0,0.9989795918367348,1
2025-05-04 00:00:00,0.23,0.06,5.0,comfort,0.23,0.0,0.0931748811104445,0.0300093296938211,0,0.99875,1
2025-05-04 00:00:00,0.2,0.27,5.0,stress,0.0,0.0,0.0736674802585662,0.0078430164085186,0,0.9955737704918032,2
2025-05-04 00:00:00,0.2,0.27,5.0,stress,0.0,0.0,0.0735506733490467,0.0078305805480171,0,0.9955737704918032,2
2025-05-04 00:00:00,0.19,0.27,5.0,stress,0.0,0.0,0.0637439169025071,0.0067865031416148,0,0.99578125,2
2025-05-04 00:00:00,0.2,0.29,5.0,stress,0.0,0.0,0.0,0.0,0,0.994313725490196,2
2025-05-04 00:00:00,0.2,0.28,5.0,stress,0.0,0.0,0.0,0.0,0,0.9924324324324324,2
2025-05-04 00:00:00,0.22,0.04,5.0,comfort,0.22,0.0,0.0,0.0192160011068965,0,0.9991489361702128,1
2025-05-05 00:00:00,0.23,0.05,5.0,comfort,0.23,0.0,0.0,0.0200894557026645,0,0.9986486486486488,1
2025-05-05 00:00:00,0.21,0.03,5.0,comfort,0.21,0.0,0.0,0.0183425465111285,0,0.9995588235294116,1
2025-05-05 00:00:00,0.22,0.05,5.0,comfort,0.22,0.0,0.0882873078938127,0.0286155190766263,0,0.9989583333333334,1
2025-05-05 00:00:00,0.23,0.03,5.0,comfort,0.23,0.0,0.0882608080188561,0.0294861523602851,0,0.9991666666666666,1
2025-05-05 00:00:00,0.23,0.03,5.0,comfort,0.23,0.0,0.0980675644653956,0.0305302297666874,0,0.9993023255813952,1
2025-05-05 00:00:00,0.23,0.04,5.0,comfort,0.23,0.0,0.0882653236881035,0.0294866331215095,0,0.9992,1
2025-05-05 00:00:00,0.22,0.04,5.0,comfort,0.22,0.0,0.0931641862421258,0.0291347364677182,0,0.9992727272727272,1
2025-05-05 00:00:00,0.23,0.04,5.0,comfort,0.23,0.0,0.0980675644653956,0.0305302297666874,0,0.999344262295082,1
2025-05-05 00:00:00,0.22,0.05,5.0,comfort,0.22,0.0,0.0882798378794588,0.0286147237807245,0,0.9989130434782608,1
2025-05-05 00:00:00,0.21,0.04,5.0,comfort,0.21,0.0,0.0833574297955863,0.0272172044655479,0,0.9995555555555556,1
2025-05-05 00:00:00,0.21,0.04,5.0,comfort,0.21,0.0,0.0833574297955863,0.0272172044655479,0,0.9996261682242992,1
2025-05-05 00:00:00,0.22,0.05,5.0,comfort,0.22,0.0,0.083386188025989,0.0280937208094868,0,0.998936170212766,1
2025-05-06 00:00:00,0.24,0.04,5.0,comfort,0.24,0.0,0.0980675644653956,0.0314036843624554,0,0.9990243902439024,1
2025-05-06 00:00:00,0.24,0.04,5.0,comfort,0.24,0.0,0.0980687604113037,0.0314038116889684,0,0.999,1
2025-05-06 00:00:00,0.25,0.05,5.0,comfort,0.25,0.0,0.0980830488176797,0.0322787875014967,0,0.9986842105263158,1
2025-05-06 00:00:00,0.25,0.05,5.0,comfort,0.25,0.0,0.1029709426886654,0.0327991776614246,0,0.9988636363636364,1
2025-05-06 00:00:00,0.24,0.04,5.0,comfort,0.24,0.0,0.0980675644653956,0.0314036843624554,0,0.9990697674418604,1
2025-05-06 00:00:00,0.25,0.05,5.0,comfort,0.25,0.0,0.0980900541200372,0.0322795333217847,0,0.9986111111111112,1
2025-05-06 00:00:00,0.22,0.04,5.0,comfort,0.22,0.0,0.0833574297955863,0.028090659061316,0,0.99875,1
2025-05-06 00:00:00,0.22,0.05,5.0,comfort,0.22,0.0,0.0882725092623434,0.0286139435386952,0,0.9984848484848484,1
2025-05-06 00:00:00,0.23,0.05,5.0,comfort,0.23,0.0,0.0882608080188561,0.0294861523602851,0,0.9988636363636364,1
2025-05-06 00:00:00,0.23,0.05,5.0,comfort,0.23,0.0,0.0932008329937071,0.0300120926639341,0,0.9980769230769232,1
2025-05-06 00:00:00,0.21,0.04,5.0,comfort,0.21,0.0,0.0784540515723165,0.0266951657623468,0,0.9990909090909093,1
2025-05-06 00:00:00,0.23,0.05,5.0,comfort,0.23,0.0,0.0883055556313132,0.0294909164197794,0,0.9980769230769232,1
2025-05-07 00:00:00,0.23,0.05,5.0,comfort,0.23,0.0,0.0882678801989858,0.0294869053007224,0,0.9979166666666668,1
2025-05-07 00:00:00,0.25,0.03,5.0,comfort,0.25,0.0,0.1029709426886654,0.0327991776614246,0,0.9989655172413792,1
2025-05-07 00:00:00,0.24,0.03,5.0,comfort,0.24,0.0,0.0931641862421258,0.0308816456592543,0,0.9989655172413792,1
2025-05-07 00:00:00,0.25,0.05,5.0,comfort,0.25,0.0,0.0981076431635169,0.0322814059412381,0,0.998148148148148,1
2025-05-07 00:00:00,0.25,0.04,5.0,comfort,0.25,0.0,0.1078743209119352,0.0333212163646258,0,0.9986666666666668,1
2025-05-07 00:00:00,0.23,0.04,5.0,comfort,0.23,0.0,0.0980839090594732,0.0305319698956981,0,0.9983333333333334,1
2025-05-07 00:00:00,0.23,0.04,5.0,comfort,0.23,0.0,0.0882608080188561,0.0294861523602851,0,0.9984615384615384,1
2025-05-07 00:00:00,0.25,0.04,5.0,comfort,0.25,0.0,0.1029709426886654,0.0327991776614246,0,0.9985185185185186,1
2025-05-07 00:00:00,0.25,0.04,5.0,comfort,0.25,0.0,0.1029709426886654,0.0327991776614246,0,0.9986206896551724,1
2025-05-07 00:00:00,0.24,0.03,5.0,comfort,0.24,0.0,0.0980675644653956,0.0314036843624554,0,0.9989655172413792,1
2025-05-07 00:00:00,0.24,0.03,5.0,comfort,0.24,0.0,0.0980675644653956,0.0314036843624554,0,0.9989655172413792,1
2025-05-07 00:00:00,0.25,0.04,5.0,comfort,0.25,0.0,0.1029782529989983,0.0327999559544203,0,0.9988235294117648,1
2025-05-08 00:00:00,0.25,0.04,5.0,comfort,0.25,0.0,0.1079046691863606,0.0333244473970087,0,0.9982608695652174,1
2025-05-08 00:00:00,0.25,0.04,5.0,comfort,0.25,0.0,0.1078743209119352,0.0333212163646258,0,0.9982608695652174,1
2025-05-08 00:00:00,0.25,0.04,5.0,comfort,0.25,0.0,0.1029709426886654,0.0327991776614246,0,0.9982608695652174,1
2025-05-08 00:00:00,0.26,0.04,5.0,comfort,0.26,0.0,0.1078743209119352,0.0341946709603938,0,0.9985185185185186,1
2025-05-08 00:00:00,0.26,0.04,5.0,comfort,0.26,0.0,0.1078743209119352,0.0341946709603938,0,0.9986666666666668,1
2025-05-08 00:00:00,0.26,0.04,5.0,comfort,0.26,0.0,0.1078794577843596,0.0341952178580828,0,0.9985714285714286,1
2025-05-08 00:00:00,0.26,0.04,5.0,comfort,0.26,0.0,0.1078743209119352,0.0341946709603938,0,0.9985714285714286,1
2025-05-08 00:00:00,0.23,0.03,5.0,comfort,0.23,0.0,0.0931641862421258,0.0300081910634863,0,0.9988888888888888,1
2025-05-08 00:00:00,0.23,0.04,5.0,comfort,0.23,0.0,0.0931934406967429,0.0300113056422228,0,0.9982608695652174,1
2025-05-08 00:00:00,0.23,0.04,5.0,comfort,0.23,0.0,0.0931641862421258,0.0300081910634863,0,0.9985185185185186,1
2025-05-08 00:00:00,0.25,0.03,5.0,comfort,0.25,0.0,0.1078743209119352,0.0333212163646258,0,0.9988,1
2025-05-08 00:00:00,0.23,0.03,5.0,comfort,0.23,0.0,0.0931690469822776,0.0300087085627225,0,0.998695652173913,1
2025-05-09 00:00:00,0.24,0.04,5.0,comfort,0.24,0.0,0.0980820614097079,0.0314052277812301,0,0.9984,1
2025-05-09 00:00:00,0.32,0.22,5.0,stress,0.0,0.0,0.1427098811613331,0.0151936232334473,0,0.9912,2
2025-05-09 00:00:00,0.24,0.04,5.0,comfort,0.24,0.0,0.1029709426886654,0.0319257230656566,0,0.9984615384615384,1
2025-05-09 00:00:00,0.25,0.03,5.0,comfort,0.25,0.0,0.1029709426886654,0.0327991776614246,0,0.9988888888888888,1
2025-05-09 00:00:00,0.25,0.03,5.0,comfort,0.25,0.0,0.0147107884535724,0.0234025506089645,0,0.9988,1
2025-05-09 00:00:00,0.24,0.03,5.0,comfort,0.24,0.0,0.0980700161545072,0.031403945381807,0,0.99875,1
2025-05-09 00:00:00,0.27,0.04,5.0,comfort,0.27,0.0,0.1177055942495911,0.0361148131560801,0,0.9983333333333334,1
2025-05-09 00:00:00,0.27,0.03,5.0,comfort,0.27,0.0,0.1176810773584748,0.0361122029625641,0,0.9986363636363637,1
2025-05-09 00:00:00,0.33,0.22,5.0,stress,0.0,0.0,0.1474055790287645,0.0156935512246647,0,0.9945,2
2025-05-09 00:00:00,0.27,0.04,5.0,comfort,0.27,0.0,0.112777699135205,0.035590164259363,0,0.9983333333333334,1
2025-05-09 00:00:00,0.27,0.04,5.0,comfort,0.27,0.0,0.1176810773584748,0.0361122029625641,0,0.9986206896551724,1
2025-05-09 00:00:00,0.27,0.04,5.0,comfort,0.27,0.0,0.0245195964284721,0.0261937556230959,0,0.9984,1
2025-05-09 00:00:00,0.24,0.04,5.0,comfort,0.24,0.0,0.0980675644653956,0.0314036843624554,0,0.9985714285714286,1
2025-05-09 00:00:00,0.27,0.03,5.0,comfort,0.27,0.0,0.112777699135205,0.035590164259363,0,0.9986363636363637,1
2025-05-09 00:00:00,0.32,0.2,5.0,stress,0.0,0.0,0.1378874532549129,0.0146802029146554,0,0.99,2
2025-05-09 00:00:00,0.29,0.12,5.0,comfort,0.29,0.0,0.1225844555817445,0.0383811508573013,0,0.994,1
2025-05-09 00:00:00,0.3,0.14,5.0,comfort,0.3,0.0,0.1325088931056426,0.0403112117883484,0,0.9922222222222222,1
2025-05-09 00:00:00,0.31,0.13,5.0,comfort,0.31,0.0,0.0539371604559676,0.0328195182040213,0,0.992777777777778,1
2025-05-09 00:00:00,0.31,0.13,5.0,comfort,0.31,0.0,0.0931641862421258,0.0369958278296305,0,0.9935,1
2025-05-09 00:00:00,0.3,0.14,5.0,comfort,0.3,0.0,0.0785423123803353,0.0345656538209166,0,0.99125,1
2025-05-09 00:00:00,0.3,0.12,5.0,comfort,0.3,0.0,0.0833574297955863,0.0350782958274602,0,0.9925,1
2025-05-09 00:00:00,0.3,0.13,5.0,comfort,0.3,0.0,0.083406054962967,0.0350834727112669,0,0.9913333333333332,1
2025-05-09 00:00:00,0.31,0.17,5.0,stress,0.0,0.0,0.0835023129473738,0.0088900829551497,0,0.9878571428571428,2
2025-05-09 00:00:00,0.31,0.17,5.0,stress,0.0,0.0,0.0931641862421258,0.0099187353608217,0,0.9878571428571428,2
2025-05-10 00:00:00,0.46,0.09,5.0,comfort,0.46,0.0,0.1626494336821295,0.0574954012964961,0,0.9775,2
2025-05-10 00:00:00,0.47,0.11,5.0,comfort,0.47,0.0,0.1481433145705383,0.0568244603215617,0,0.9633333333333334,2
2025-05-10 00:00:00,0.49,0.08,5.0,comfort,0.49,0.0,0.156908103144633,0.0595045136950698,0,0.98,2
2025-05-10 00:00:00,0.53,0.08,5.0,comfort,0.53,0.0,0.2157486418238705,0.0692627965165556,0,0.984,2
2025-05-10 00:00:00,0.55,0.27,5.0,stress,0.0,0.0,0.2159643904656943,0.0229926726437911,0,0.982,2
2025-05-10 00:00:00,0.83,0.35,5.0,stress,0.0,0.0,0.3677533667452338,0.0391529027400857,0,0.9847826086956522,2
2025-05-10 00:00:00,0.7,0.18,5.0,stress,0.0,0.0,0.3040094498427266,0.0323663995984709,0,0.9918181818181818,2
2025-05-10 00:00:00,0.75,0.34,5.0,stress,0.0,0.0,0.2362180170977385,0.0251489772363954,0,0.9845454545454544,2
2025-05-10 00:00:00,0.83,0.34,5.0,stress,0.0,0.0,0.2353621547169496,0.0250578577536548,0,0.9845454545454544,2
2025-05-10 00:00:00,0.46,0.08,5.0,comfort,0.46,0.0,0.1376066234112165,0.0548292157397103,0,0.98,2
2025-05-10 00:00:00,0.64,0.21,5.0,stress,0.0,0.0,0.1471013466980935,0.0156611610960343,0,0.99,2
2025-05-10 00:00:00,0.45,0.08,5.0,comfort,0.45,0.0,0.0542068462582474,0.0450765946734498,0,0.98,1
2025-05-10 00:00:00,0.86,0.1,5.0,comfort,0.86,0.0,0.3824635014150431,0.1158361140857394,0,0.9976190476190476,2
2025-05-10 00:00:00,0.25,0.03,5.0,comfort,0.25,0.0,0.0196135128930791,0.0239245197070052,0,0.9988461538461538,1
2025-05-10 00:00:00,0.87,0.1,5.0,comfort,0.87,0.0,0.3875307656258521,0.1172490555244425,0,0.998,2
2025-05-10 00:00:00,0.68,0.68,5.0,stress,0.0,0.0,0.2873346949647938,0.0305911199817848,0,0.9773333333333334,2
2025-05-10 00:00:00,0.7,0.6,5.0,stress,0.0,0.0,0.3285263409590754,0.0349765931144766,0,0.9806451612903224,2
2025-05-10 00:00:00,0.28,0.03,5.0,comfort,0.28,0.0,0.0882608080188561,0.0338534253391253,0,0.9990625,1
2025-05-10 00:00:00,0.28,0.03,5.0,comfort,0.28,0.0,0.0,0.0244567286815047,0,0.999032258064516,1
2025-05-10 00:00:00,0.27,0.03,5.0,comfort,0.27,0.0,0.0,0.0235832740857366,0,0.999,1
2025-05-10 00:00:00,0.27,0.04,5.0,comfort,0.27,0.0,0.1176810773584748,0.0361122029625641,0,0.9990476190476192,1
2025-05-10 00:00:00,0.25,0.03,5.0,comfort,0.25,0.0,0.1078787492502321,0.0333216878281508,0,0.9989655172413792,1
2025-05-10 00:00:00,0.25,0.03,5.0,comfort,0.25,0.0,0.1078743209119352,0.0333212163646258,0,0.9993181818181818,1
2025-05-10 00:00:00,0.27,0.04,5.0,comfort,0.27,0.0,0.1127929558585728,0.0355917885680986,0,0.9990476190476192,1
2025-05-11 00:00:00,0.29,0.04,5.0,comfort,0.29,0.0,0.1274878338050143,0.0389031895605024,0,0.9996261682242992,1
2025-05-11 00:00:00,0.29,0.04,5.0,comfort,0.29,0.0,0.1275009572986744,0.038904586754702,0,0.9994202898550724,1
2025-05-11 00:00:00,0.29,0.04,5.0,comfort,0.29,0.0,0.1225844555817445,0.0383811508573013,0,0.99953488372093,1
2025-05-11 00:00:00,0.29,0.04,5.0,comfort,0.29,0.0,0.1225890785027595,0.0383816430370969,0,0.9994594594594594,1
2025-05-11 00:00:00,0.28,0.04,5.0,comfort,0.28,0.0,0.1177096209323317,0.0369886964530701,0,0.998974358974359,1
2025-05-11 00:00:00,0.29,0.04,5.0,comfort,0.29,0.0,0.1225844555817445,0.0383811508573013,0,0.9996491228070176,1
2025-05-11 00:00:00,0.29,0.04,5.0,comfort,0.29,0.0,0.1225990037885473,0.0383826997337427,0,0.9994117647058822,1
2025-05-11 00:00:00,0.28,0.04,5.0,comfort,0.28,0.0,0.1176810773584748,0.0369856575583321,0,0.9995698924731182,1
2025-05-11 00:00:00,0.28,0.04,5.0,comfort,0.28,0.0,0.1176867383044711,0.0369862602515718,0,0.9994736842105262,1
2025-05-11 00:00:00,0.29,0.04,5.0,comfort,0.29,0.0,0.1226105700647632,0.0383839311386153,0,0.9990476190476192,1
2025-05-11 00:00:00,0.29,0.04,5.0,comfort,0.29,0.0,0.1225844555817445,0.0383811508573013,0,0.9993103448275862,1
2025-05-11 00:00:00,0.26,0.04,5.0,comfort,0.26,0.0,0.1078811532053075,0.034195398361261,0,0.9991836734693876,1
2025-05-11 00:00:00,0.28,0.04,5.0,comfort,0.28,0.0,0.1176949816748114,0.036987137882904,0,0.9989473684210528,1
2025-05-11 00:00:00,0.25,0.04,5.0,comfort,0.25,0.0,0.1029709426886654,0.0327991776614246,0,0.999,1
2025-05-11 00:00:00,0.28,0.05,5.0,comfort,0.28,0.0,0.1177113891511277,0.0369888847066792,0,0.9984848484848484,1
2025-05-11 00:00:00,0.27,0.04,5.0,comfort,0.27,0.0,0.112777699135205,0.035590164259363,0,0.9988888888888888,1
2025-05-11 00:00:00,0.24,0.04,5.0,comfort,0.24,0.0,0.0980675644653956,0.0314036843624554,0,0.9991304347826088,1
2025-05-11 00:00:00,0.27,0.04,5.0,comfort,0.27,0.0,0.1078743209119352,0.0350681255561618,0,0.99921568627451,1
2025-05-11 00:00:00,0.26,0.04,5.0,comfort,0.26,0.0,0.1078743209119352,0.0341946709603938,0,0.999344262295082,1
2025-05-11 00:00:00,0.26,0.04,5.0,comfort,0.26,0.0,0.1078743209119352,0.0341946709603938,0,0.9996551724137932,1
2025-05-11 00:00:00,0.26,0.04,5.0,comfort,0.26,0.0,0.1079026237697457,0.0341976842272713,0,0.9991304347826088,1
2025-05-11 00:00:00,0.26,0.04,5.0,comfort,0.26,0.0,0.1078775931360276,0.0341950193380926,0,0.9990697674418604,1
2025-05-11 00:00:00,0.37,0.04,5.0,comfort,0.37,0.0,0.1618114813679028,0.0495450972490546,0,0.9990697674418604,1
2025-05-11 00:00:00,0.27,0.04,5.0,comfort,0.27,0.0,0.1127816332409888,0.035590583104369,0,0.999,1
2025-05-12 00:00:00,0.31,0.04,5.0,comfort,0.31,0.0,0.1323912120282841,0.0411721374552396,0,0.999642857142857,1
2025-05-12 00:00:00,0.3,0.04,5.0,comfort,0.3,0.0,0.1274957880803593,0.0397774910090721,0,0.9995180722891566,1
2025-05-12 00:00:00,0.39,0.06,5.0,comfort,0.39,0.0,0.1716483916212873,0.0523392941753636,0,0.9991666666666666,2
2025-05-12 00:00:00,0.32,0.05,5.0,comfort,0.32,0.0,0.1372945902515539,0.0425676307542088,0,0.9994318181818184,1
2025-05-12 00:00:00,0.31,0.04,5.0,comfort,0.31,0.0,0.1323992530305821,0.0411729935414359,0,0.9993103448275862,1
2025-05-12 00:00:00,0.3,0.04,5.0,comfort,0.3,0.0,0.1176810773584748,0.0387325667498682,0,0.9993103448275862,1
2025-05-12 00:00:00,0.29,0.03,5.0,comfort,0.29,0.0,0.1176810773584748,0.0378591121541001,0,0.9994339622641508,1
2025-05-12 00:00:00,0.29,0.04,5.0,comfort,0.29,0.0,0.1225844555817445,0.0383811508573013,0,0.9997368421052631,1
2025-05-12 00:00:00,0.24,0.04,5.0,comfort,0.24,0.0,0.0981700344437457,0.0314145938399991,0,0.9976470588235294,1
2025-05-12 00:00:00,0.28,0.04,5.0,comfort,0.28,0.0,0.1225844555817445,0.0375076962615333,0,0.999816513761468,1
2025-05-12 00:00:00,0.23,0.04,5.0,comfort,0.23,0.0,0.0932887307637077,0.0300214507097091,0,0.9971428571428572,1
2025-05-12 00:00:00,0.26,0.04,5.0,comfort,0.26,0.0,0.1078743209119352,0.0341946709603938,0,0.9971428571428572,1
2025-05-12 00:00:00,0.26,0.04,5.0,comfort,0.26,0.0,0.1078743209119352,0.0341946709603938,0,0.9973333333333334,1
2025-05-12 00:00:00,0.26,0.04,5.0,comfort,0.26,0.0,0.1078743209119352,0.0341946709603938,0,0.9975,1
2025-05-12 00:00:00,0.25,0.04,5.0,comfort,0.25,0.0,0.1029709426886654,0.0327991776614246,0,0.9975,1
2025-05-12 00:00:00,0.29,0.03,5.0,comfort,0.29,0.0,0.1225844555817445,0.0383811508573013,0,0.9993478260869564,1
2025-05-12 00:00:00,0.25,0.04,5.0,comfort,0.25,0.0,0.10305850749287,0.0328085002579594,0,0.9976470588235294,1
2025-05-12 00:00:00,0.28,0.04,5.0,comfort,0.28,0.0,0.1176810773584748,0.0369856575583321,0,0.9997938144329898,1
2025-05-12 00:00:00,0.25,0.04,5.0,comfort,0.25,0.0,0.1079901108137024,0.0333335439492847,0,0.9976470588235294,1
2025-05-12 00:00:00,0.29,0.03,5.0,comfort,0.29,0.0,0.1225844555817445,0.0383811508573013,0,0.9992857142857142,1
2025-05-12 00:00:00,0.23,0.03,5.0,comfort,0.23,0.0,0.0932085501403364,0.0300129142708009,0,0.9983333333333332,1
2025-05-12 00:00:00,0.23,0.03,5.0,comfort,0.23,0.0,0.0931641862421258,0.0300081910634863,0,0.9983333333333332,1
2025-05-12 00:00:00,0.22,0.03,5.0,comfort,0.22,0.0,0.0931641862421258,0.0291347364677182,0,0.99875,1
2025-05-12 00:00:00,0.22,0.03,5.0,comfort,0.22,0.0,0.0931641862421258,0.0291347364677182,0,0.9989285714285714,1
2025-05-13 00:00:00,0.29,0.04,5.0,comfort,0.29,0.0,0.1274878338050143,0.0389031895605024,0,0.9991304347826088,1
2025-05-13 00:00:00,0.28,0.03,5.0,comfort,0.28,0.0,0.1225844555817445,0.0375076962615333,0,0.9993023255813952,1
2025-05-13 00:00:00,0.31,0.04,5.0,comfort,0.31,0.0,0.1373077166077278,0.0416955736573982,0,0.9991111111111112,1
2025-05-13 00:00:00,0.33,0.03,5.0,comfort,0.33,0.0,0.1421979684748237,0.043963124053178,0,0.9994117647058824,1
2025-05-13 00:00:00,0.32,0.03,5.0,comfort,0.32,0.0,0.1422005824080677,0.043089947750101,0,0.999375,1
2025-05-13 00:00:00,0.34,0.04,5.0,comfort,0.34,0.0,0.147104411309483,0.0453589436263366,0,0.9993333333333332,1
2025-05-13 00:00:00,0.29,0.04,5.0,comfort,0.29,0.0,0.1274878338050143,0.0389031895605024,0,0.9994117647058822,1
2025-05-13 00:00:00,0.29,0.04,5.0,comfort,0.29,0.0,0.127511045875595,0.0389056608361562,0,0.9990476190476192,1
2025-05-13 00:00:00,0.36,0.04,5.0,comfort,0.36,0.0,0.156908103144633,0.0481496039500855,0,0.9995555555555556,1
2025-05-13 00:00:00,0.36,0.04,5.0,comfort,0.36,0.0,0.1569193841193689,0.0481508049803046,0,0.9994117647058822,1
2025-05-13 00:00:00,0.33,0.03,5.0,comfort,0.33,0.0,0.1421979684748237,0.043963124053178,0,0.9994444444444444,1
2025-05-13 00:00:00,0.35,0.04,5.0,comfort,0.35,0.0,0.1520131696283033,0.0467550097177718,0,0.9993333333333332,1
2025-05-14 00:00:00,0.34,0.03,5.0,comfort,0.34,0.0,0.1471013466980935,0.0453586173521471,0,0.9995384615384616,1
2025-05-14 00:00:00,0.35,0.04,5.0,comfort,0.35,0.0,0.156917374191976,0.0472771363973951,0,0.9994202898550724,1
2025-05-14 00:00:00,0.35,0.04,5.0,comfort,0.35,0.0,0.1520047249213633,0.0467541106511163,0,0.9994444444444444,1
2025-05-14 00:00:00,0.36,0.04,5.0,comfort,0.36,0.0,0.1618114813679028,0.0486716426532866,0,0.9995454545454544,1
2025-05-14 00:00:00,0.36,0.05,5.0,comfort,0.36,0.0,0.1569378205884104,0.048152767821014,0,0.9991666666666668,1
2025-05-14 00:00:00,0.36,0.06,5.0,comfort,0.36,0.0,0.1569225085495828,0.0481511376231118,0,0.9989830508474576,1
2025-05-14 00:00:00,0.31,0.04,5.0,comfort,0.31,0.0,0.1323912120282841,0.0411721374552396,0,0.9991111111111112,1
2025-05-14 00:00:00,0.31,0.04,5.0,comfort,0.31,0.0,0.1274904692124315,0.0406503793309797,0,0.9990697674418604,1
2025-05-14 00:00:00,0.36,0.07,5.0,comfort,0.36,0.0,0.1471013466980935,0.0471055265436832,0,0.9991666666666668,1
2025-05-14 00:00:00,0.31,0.04,5.0,comfort,0.31,0.0,0.1323912120282841,0.0411721374552396,0,0.9995959595959596,1
2025-05-14 00:00:00,0.36,0.05,5.0,comfort,0.36,0.0,0.1569156315637233,0.048150405464054,0,0.9995,1
2025-05-14 00:00:00,0.35,0.04,5.0,comfort,0.35,0.0,0.1372973732500049,0.0451882908337498,0,0.9994594594594594,1
2025-05-15 00:00:00,0.35,0.04,5.0,comfort,0.35,0.0,0.1520377912095795,0.0467576310571372,0,0.9990243902439024,1
2025-05-15 00:00:00,0.36,0.04,5.0,comfort,0.36,0.0,0.1520047249213633,0.0476275652468843,0,0.9990476190476192,1
2025-05-15 00:00:00,0.36,0.04,5.0,comfort,0.36,0.0,0.156908103144633,0.0481496039500855,0,0.9991111111111112,1
2025-05-15 00:00:00,0.36,0.04,5.0,comfort,0.36,0.0,0.156908103144633,0.0481496039500855,0,0.9992,1
2025-05-15 00:00:00,0.36,0.04,5.0,comfort,0.36,0.0,0.156908103144633,0.0481496039500855,0,0.9993846153846152,1
2025-05-15 00:00:00,0.36,0.04,5.0,comfort,0.36,0.0,0.156908103144633,0.0481496039500855,0,0.9994117647058822,1
2025-05-15 00:00:00,0.36,0.04,5.0,comfort,0.36,0.0,0.1569366718468862,0.0481526455201209,0,0.9990476190476192,1
2025-05-15 00:00:00,0.37,0.03,5.0,comfort,0.37,0.0,0.1618114813679028,0.0495450972490546,0,0.9993333333333332,1
2025-05-15 00:00:00,0.34,0.03,5.0,comfort,0.34,0.0,0.1471013466980935,0.0453586173521471,0,0.9994117647058824,1
2025-05-15 00:00:00,0.34,0.03,5.0,comfort,0.34,0.0,0.1471013466980935,0.0453586173521471,0,0.9996103896103896,1
2025-05-15 00:00:00,0.36,0.04,5.0,comfort,0.36,0.0,0.1618488156002714,0.0486756174464523,0,0.9991489361702128,1
2025-05-15 00:00:00,0.34,0.03,5.0,comfort,0.34,0.0,0.1520047249213633,0.0458806560553483,0,0.9994642857142856,1
2025-05-16 00:00:00,0.36,0.04,5.0,comfort,0.36,0.0,0.1618725335109304,0.0486781425764258,0,0.9987096774193548,1
2025-05-16 00:00:00,0.35,0.04,5.0,comfort,0.35,0.0,0.1520047249213633,0.0467541106511163,0,0.999,1
2025-05-16 00:00:00,0.36,0.03,5.0,comfort,0.36,0.0,0.1618114813679028,0.0486716426532866,0,0.9993617021276596,1
2025-05-16 00:00:00,0.37,0.04,5.0,comfort,0.37,0.0,0.1618642339098724,0.0495507135542521,0,0.9987096774193548,1
2025-05-16 00:00:00,0.37,0.04,5.0,comfort,0.37,0.0,0.1618186809888758,0.0495458637574954,0,0.9986206896551724,1
2025-05-16 00:00:00,0.38,0.04,5.0,comfort,0.38,0.0,0.1716491136593265,0.051465916451455,0,0.9982608695652174,2
2025-05-16 00:00:00,0.36,0.04,5.0,comfort,0.36,0.0,0.156908103144633,0.0481496039500855,0,0.9987096774193548,1
2025-05-16 00:00:00,0.36,0.04,5.0,comfort,0.36,0.0,0.156908103144633,0.0481496039500855,0,0.99875,1
2025-05-16 00:00:00,0.36,0.04,5.0,comfort,0.36,0.0,0.156908103144633,0.0481496039500855,0,0.9990476190476192,1
2025-05-16 00:00:00,0.38,0.03,5.0,comfort,0.38,0.0,0.1667148595911726,0.0509405905480238,0,0.9993478260869564,2
2025-05-16 00:00:00,0.35,0.04,5.0,comfort,0.35,0.0,0.152042018006049,0.0467580810634894,0,0.9988571428571428,1
2025-05-16 00:00:00,0.35,0.04,5.0,comfort,0.35,0.0,0.1520047249213633,0.0467541106511163,0,0.9989189189189188,1
2025-05-17 00:00:00,0.39,0.04,5.0,comfort,0.39,0.0,0.1765216160377122,0.0528581225501941,0,0.99953488372093,2
2025-05-17 00:00:00,0.39,0.04,5.0,comfort,0.39,0.0,0.1716259983290722,0.0523369100710387,0,0.9994444444444444,2
2025-05-17 00:00:00,0.36,0.04,5.0,comfort,0.36,0.0,0.1569135513426589,0.048150183993089,0,0.999375,1
2025-05-17 00:00:00,0.36,0.04,5.0,comfort,0.36,0.0,0.156908103144633,0.0481496039500855,0,0.9993846153846152,1
2025-05-17 00:00:00,0.39,0.04,5.0,comfort,0.39,0.0,0.1716369398018966,0.0523380749561494,0,0.9991666666666666,2
2025-05-17 00:00:00,0.36,0.03,5.0,comfort,0.36,0.0,0.156908103144633,0.0481496039500855,0,0.9994117647058824,1
2025-05-17 00:00:00,0.37,0.04,5.0,comfort,0.37,0.0,0.1618114813679028,0.0495450972490546,0,0.9997402597402598,1
2025-05-17 00:00:00,0.36,0.04,5.0,comfort,0.36,0.0,0.1569400281699482,0.0481530028514258,0,0.9993333333333332,1
2025-05-17 00:00:00,0.36,0.04,5.0,comfort,0.36,0.0,0.1618264001569651,0.0486732309838091,0,0.9991489361702128,1
2025-05-17 00:00:00,0.39,0.04,5.0,comfort,0.39,0.0,0.1716182378144424,0.052336083846993,0,0.9993333333333332,2
2025-05-17 00:00:00,0.36,0.04,5.0,comfort,0.36,0.0,0.1569173330330533,0.0481505866111739,0,0.99921568627451,1
2025-05-17 00:00:00,0.37,0.04,5.0,comfort,0.37,0.0,0.1618114813679028,0.0495450972490546,0,0.999493670886076,1
2025-05-18 00:00:00,0.42,0.05,5.0,comfort,0.42,0.0,0.1864142924390139,0.056531711221358,0,0.9985714285714288,2
2025-05-18 00:00:00,0.39,0.05,5.0,comfort,0.39,0.0,0.1716182378144424,0.052336083846993,0,0.9992307692307691,2
2025-05-18 00:00:00,0.41,0.05,5.0,comfort,0.41,0.0,0.181424994260982,0.0551270704449313,0,0.9994186046511628,2
2025-05-18 00:00:00,0.4,0.04,5.0,comfort,0.4,0.0,0.1716182378144424,0.053209538442761,0,0.99953488372093,2
2025-05-18 00:00:00,0.44,0.04,5.0,comfort,0.44,0.0,0.1912328095765731,0.058791624371248,0,0.9995238095238096,2
2025-05-18 00:00:00,0.43,0.04,5.0,comfort,0.43,0.0,0.1863517643578536,0.0573985087580708,0,0.9992727272727272,2
2025-05-18 00:00:00,0.43,0.04,5.0,comfort,0.43,0.0,0.1912511568894115,0.0579201231241644,0,0.9990697674418604,2
2025-05-18 00:00:00,0.43,0.04,5.0,comfort,0.43,0.0,0.1912384215825462,0.0579187672583147,0,0.999,2
2025-05-18 00:00:00,0.43,0.04,5.0,comfort,0.43,0.0,0.1912454101182863,0.0579195112935429,0,0.9988571428571428,2
2025-05-18 00:00:00,0.42,0.04,5.0,comfort,0.42,0.0,0.1863283724842517,0.0565225637439005,0,0.9988571428571428,2
2025-05-18 00:00:00,0.42,0.04,5.0,comfort,0.42,0.0,0.1863421109817621,0.0565240264145528,0,0.9987096774193548,2
2025-05-18 00:00:00,0.42,0.05,5.0,comfort,0.42,0.0,0.1863745252493256,0.056527477403123,0,0.9982142857142856,2
2025-05-19 00:00:00,0.43,0.03,5.0,comfort,0.43,0.0,0.1912317507075215,0.0579180570428697,0,0.9988461538461538,2
2025-05-19 00:00:00,0.41,0.03,5.0,comfort,0.41,0.0,0.1814440248547856,0.055129096539199,0,0.9986363636363637,2
2025-05-19 00:00:00,0.42,0.04,5.0,comfort,0.42,0.0,0.1814264160869558,0.0560006764155584,0,0.9986206896551724,2
2025-05-19 00:00:00,0.41,0.03,5.0,comfort,0.41,0.0,0.1863861985308848,0.0556552656045633,0,0.998,2
2025-05-19 00:00:00,0.43,0.03,5.0,comfort,0.43,0.0,0.1961351289307913,0.0584400957460708,0,0.9988888888888888,2
2025-05-19 00:00:00,0.41,0.03,5.0,comfort,0.41,0.0,0.1814602713431994,0.0551308262233793,0,0.9985,2
2025-05-19 00:00:00,0.43,0.03,5.0,comfort,0.43,0.0,0.1961351289307913,0.0584400957460708,0,0.9989655172413792,2
2025-05-19 00:00:00,0.42,0.04,5.0,comfort,0.42,0.0,0.1912647216990228,0.0570481127073473,0,0.9986206896551724,2
2025-05-19 00:00:00,0.43,0.04,5.0,comfort,0.43,0.0,0.1961351289307913,0.0584400957460708,0,0.99875,2
2025-05-19 00:00:00,0.42,0.04,5.0,comfort,0.42,0.0,0.1912317507075215,0.0570446024471016,0,0.99875,2
2025-05-19 00:00:00,0.42,0.04,5.0,comfort,0.42,0.0,0.1863893728442912,0.0565290581539582,0,0.998095238095238,2
2025-05-19 00:00:00,0.44,0.03,5.0,comfort,0.44,0.0,0.1961351289307913,0.0593135503418388,0,0.999032258064516,2
2025-05-20 00:00:00,0.44,0.03,5.0,comfort,0.44,0.0,0.1961351289307913,0.0593135503418388,0,0.9994117647058824,2
2025-05-20 00:00:00,0.46,0.04,5.0,comfort,0.46,0.0,0.2060186088248244,0.0621127053100743,0,0.9986666666666668,2
2025-05-20 00:00:00,0.46,0.04,5.0,comfort,0.46,0.0,0.2108452636006007,0.0626265756429783,0,0.9986666666666668,2
2025-05-20 00:00:00,0.44,0.03,5.0,comfort,0.44,0.0,0.2010385071540611,0.05983558904504,0,0.9991176470588234,2
2025-05-20 00:00:00,0.42,0.04,5.0,comfort,0.42,0.0,0.1863841898071637,0.0565285063413389,0,0.9985185185185186,2
2025-05-20 00:00:00,0.45,0.03,5.0,comfort,0.45,0.0,0.2010385071540611,0.060709043640808,0,0.9992105263157894,2
2025-05-20 00:00:00,0.42,0.04,5.0,comfort,0.42,0.0,0.1912928585977852,0.0570511083053765,0,0.9985714285714286,2
2025-05-20 00:00:00,0.45,0.03,5.0,comfort,0.45,0.0,0.2010385071540611,0.060709043640808,0,0.9991666666666666,2
2025-05-20 00:00:00,0.46,0.04,5.0,comfort,0.46,0.0,0.2109793537901712,0.0626408515697961,0,0.9978947368421052,2
2025-05-20 00:00:00,0.44,0.03,5.0,comfort,0.44,0.0,0.1961351289307913,0.0593135503418388,0,0.9989655172413792,2
2025-05-20 00:00:00,0.44,0.03,5.0,comfort,0.44,0.0,0.2010385071540611,0.05983558904504,0,0.9993023255813952,2
2025-05-20 00:00:00,0.44,0.03,5.0,comfort,0.44,0.0,0.1961798645818444,0.0593183131278609,0,0.9988461538461538,2
2025-05-21 00:00:00,0.45,0.03,5.0,comfort,0.45,0.0,0.2059856584501337,0.0612357426490317,0,0.9984210526315788,2
2025-05-21 00:00:00,0.45,0.03,5.0,comfort,0.45,0.0,0.2059418853773309,0.0612310823440091,0,0.9986363636363637,2
2025-05-21 00:00:00,0.45,0.03,5.0,comfort,0.45,0.0,0.2059418853773309,0.0612310823440091,0,0.9988,2
2025-05-21 00:00:00,0.46,0.03,5.0,comfort,0.46,0.0,0.2108452636006007,0.0626265756429783,0,0.9988888888888888,2
2025-05-21 00:00:00,0.47,0.03,5.0,comfort,0.47,0.0,0.2157532518375846,0.0640225597475659,0,0.9988461538461538,2
2025-05-21 00:00:00,0.45,0.04,5.0,comfort,0.45,0.0,0.2059517864295125,0.0612321364606214,0,0.99875,2
2025-05-21 00:00:00,0.47,0.04,5.0,comfort,0.47,0.0,0.2157736127314889,0.0640247274723805,0,0.9985185185185186,2
2025-05-21 00:00:00,0.45,0.04,5.0,comfort,0.45,0.0,0.2059418853773309,0.0612310823440091,0,0.9985185185185186,2
2025-05-21 00:00:00,0.45,0.04,5.0,comfort,0.45,0.0,0.2010385071540611,0.060709043640808,0,0.9985185185185186,2
2025-05-21 00:00:00,0.44,0.04,5.0,comfort,0.44,0.0,0.1961351289307913,0.0593135503418388,0,0.9985185185185186,2
2025-05-21 00:00:00,0.44,0.04,5.0,comfort,0.44,0.0,0.1961407168262025,0.0593141452577399,0,0.9984615384615384,2
2025-05-21 00:00:00,0.45,0.04,5.0,comfort,0.45,0.0,0.2010385071540611,0.060709043640808,0,0.9985185185185186,2
2025-05-22 00:00:00,0.49,0.03,5.0,comfort,0.49,0.0,0.2206520200471402,0.0662910168366847,0,0.9992857142857142,2
2025-05-22 00:00:00,0.48,0.04,5.0,comfort,0.48,0.0,0.2157984997032835,0.0649008316623447,0,0.9988235294117648,2
2025-05-22 00:00:00,0.48,0.03,5.0,comfort,0.48,0.0,0.2157486418238705,0.0648955235377155,0,0.99925,2
2025-05-22 00:00:00,0.48,0.03,5.0,comfort,0.48,0.0,0.2206520200471402,0.0654175622409166,0,0.9994339622641508,2
2025-05-22 00:00:00,0.48,0.04,5.0,comfort,0.48,0.0,0.2158673714223584,0.06490816409751,0,0.9983333333333334,2
2025-05-22 00:00:00,0.48,0.03,5.0,comfort,0.48,0.0,0.2206520200471402,0.0654175622409166,0,0.998695652173913,2
2025-05-22 00:00:00,0.45,0.04,5.0,comfort,0.45,0.0,0.2060135173374621,0.0612387086485429,0,0.998,2
2025-05-22 00:00:00,0.48,0.03,5.0,comfort,0.48,0.0,0.2157486418238705,0.0648955235377155,0,0.99875,2
2025-05-22 00:00:00,0.46,0.04,5.0,comfort,0.46,0.0,0.2108696669875915,0.0626291737522651,0,0.9985185185185186,2
2025-05-22 00:00:00,0.45,0.04,5.0,comfort,0.45,0.0,0.2010442347468576,0.0607096534296066,0,0.9984615384615384,2
2025-05-22 00:00:00,0.45,0.04,5.0,comfort,0.45,0.0,0.2059418853773309,0.0612310823440091,0,0.9984615384615384,2
2025-05-22 00:00:00,0.49,0.03,5.0,comfort,0.49,0.0,0.2206520200471402,0.0662910168366847,0,0.998695652173913,2
2025-05-23 00:00:00,0.5,0.03,5.0,comfort,0.5,0.0,0.2256073163927741,0.067692037604276,0,0.998235294117647,2
2025-05-23 00:00:00,0.5,0.04,5.0,comfort,0.5,0.0,0.2256069959105372,0.0676920034840993,0,0.997777777777778,2
2025-05-23 00:00:00,0.5,0.03,5.0,comfort,0.5,0.0,0.2304587764936798,0.068208548838855,0,0.998235294117647,2
2025-05-23 00:00:00,0.51,0.03,5.0,comfort,0.51,0.0,0.2353621547169496,0.0696040421378242,0,0.9984210526315788,2
2025-05-23 00:00:00,0.52,0.03,5.0,comfort,0.52,0.0,0.2353840149789976,0.0704798240888015,0,0.998235294117647,2
2025-05-23 00:00:00,0.48,0.04,5.0,comfort,0.48,0.0,0.2206579198337725,0.065418190362351,0,0.9981818181818182,2
2025-05-23 00:00:00,0.48,0.04,5.0,comfort,0.48,0.0,0.2206520200471402,0.0654175622409166,0,0.9985185185185186,2
2025-05-23 00:00:00,0.48,0.04,5.0,comfort,0.48,0.0,0.220689166851862,0.0654215170795773,0,0.9981818181818182,2
2025-05-23 00:00:00,0.52,0.04,5.0,comfort,0.52,0.0,0.2354097026269934,0.0704825589270778,0,0.997777777777778,2
2025-05-23 00:00:00,0.51,0.03,5.0,comfort,0.51,0.0,0.2304587764936798,0.069082003434623,0,0.9991666666666666,2
2025-05-23 00:00:00,0.48,0.04,5.0,comfort,0.48,0.0,0.2158548816853746,0.0649068343762849,0,0.9981818181818182,2
2025-05-23 00:00:00,0.51,0.03,5.0,comfort,0.51,0.0,0.2304587764936798,0.069082003434623,0,0.9983333333333332,2
2025-05-24 00:00:00,0.54,0.04,5.0,comfort,0.54,0.0,0.2501580985056661,0.0737996577120377,0,0.9976470588235294,2
2025-05-24 00:00:00,0.51,0.04,5.0,comfort,0.51,0.0,0.2304587764936798,0.069082003434623,0,0.9986666666666668,2
2025-05-24 00:00:00,0.51,0.04,5.0,comfort,0.51,0.0,0.2353862944251256,0.0696066121745168,0,0.9984615384615384,2
2025-05-24 00:00:00,0.54,0.04,5.0,comfort,0.54,0.0,0.2452383922314302,0.0732758806410901,0,0.9978947368421052,2
2025-05-24 00:00:00,0.54,0.04,5.0,comfort,0.54,0.0,0.2451689111634891,0.0732684833315305,0,0.9984,2
2025-05-24 00:00:00,0.54,0.04,5.0,comfort,0.54,0.0,0.2452062702356664,0.0732724607692692,0,0.998095238095238,2
2025-05-24 00:00:00,0.53,0.04,5.0,comfort,0.53,0.0,0.2402655329402194,0.0718729900325614,0,0.9986666666666668,2
2025-05-24 00:00:00,0.53,0.04,5.0,comfort,0.53,0.0,0.2403237791300231,0.0718791912195812,0,0.9981818181818182,2
2025-05-24 00:00:00,0.53,0.04,5.0,comfort,0.53,0.0,0.2402655329402194,0.0718729900325614,0,0.9981818181818182,2
2025-05-24 00:00:00,0.52,0.04,5.0,comfort,0.52,0.0,0.2353959387582965,0.0704810935552793,0,0.9978947368421052,2
2025-05-24 00:00:00,0.54,0.04,5.0,comfort,0.54,0.0,0.245183248526715,0.0732700097604873,0,0.997777777777778,2
2025-05-24 00:00:00,0.54,0.04,5.0,comfort,0.54,0.0,0.2451689111634891,0.0732684833315305,0,0.997777777777778,2
2025-05-25 00:00:00,0.56,0.04,5.0,comfort,0.56,0.0,0.2549756676100287,0.0760594699294689,0,0.9990476190476192,2
2025-05-25 00:00:00,0.56,0.04,5.0,comfort,0.56,0.0,0.2551092262930626,0.0760736892693846,0,0.998,2
2025-05-25 00:00:00,0.56,0.04,5.0,comfort,0.56,0.0,0.2550394115269312,0.0760662564326105,0,0.9975,2
2025-05-25 00:00:00,0.56,0.04,5.0,comfort,0.56,0.0,0.2549969155823296,0.0760617320971828,0,0.9973333333333334,2
2025-05-25 00:00:00,0.55,0.04,5.0,comfort,0.55,0.0,0.2500722893867589,0.0746639766304997,0,0.9973333333333334,2
2025-05-25 00:00:00,0.55,0.04,5.0,comfort,0.55,0.0,0.2500722893867589,0.0746639766304997,0,0.9978947368421052,2
2025-05-25 00:00:00,0.55,0.04,5.0,comfort,0.55,0.0,0.2501216457596642,0.0746692313621832,0,0.9975,2
2025-05-25 00:00:00,0.54,0.04,5.0,comfort,0.54,0.0,0.2451893419060861,0.0732706584927939,0,0.9973333333333334,2
2025-05-25 00:00:00,0.55,0.04,5.0,comfort,0.55,0.0,0.2500722893867589,0.0746639766304997,0,0.9976470588235294,2
2025-05-25 00:00:00,0.55,0.04,5.0,comfort,0.55,0.0,0.2500722893867589,0.0746639766304997,0,0.998,2
2025-05-25 00:00:00,0.55,0.04,5.0,comfort,0.55,0.0,0.2500722893867589,0.0746639766304997,0,0.9981818181818182,2
2025-05-25 00:00:00,0.55,0.04,5.0,comfort,0.55,0.0,0.2500722893867589,0.0746639766304997,0,0.9984,2
2025-05-26 00:00:00,0.54,0.05,5.0,comfort,0.54,0.0,0.2453333185509753,0.0732859869821673,0,0.9970588235294118,2
2025-05-26 00:00:00,0.57,0.05,5.0,comfort,0.57,0.0,0.2598790458332985,0.077454963228438,0,0.9970588235294118,2
2025-05-26 00:00:00,0.54,0.05,5.0,comfort,0.54,0.0,0.2452169834990114,0.0732736013580325,0,0.9966666666666666,2
2025-05-26 00:00:00,0.54,0.05,5.0,comfort,0.54,0.0,0.2403656435789445,0.0727571029185197,0,0.9958333333333332,2
2025-05-26 00:00:00,0.54,0.05,5.0,comfort,0.54,0.0,0.2402655329402194,0.0727464446283294,0,0.9970588235294118,2
2025-05-26 00:00:00,0.58,0.05,5.0,comfort,0.58,0.0,0.2599300025089521,0.0783338429322981,0,0.9966666666666666,2
2025-05-26 00:00:00,0.55,0.05,5.0,comfort,0.55,0.0,0.2451689111634891,0.0741419379272986,0,0.996875,2
2025-05-26 00:00:00,0.55,0.05,5.0,comfort,0.55,0.0,0.2451689111634891,0.0741419379272986,0,0.996875,2
2025-05-26 00:00:00,0.55,0.05,5.0,comfort,0.55,0.0,0.2451944495917353,0.0741446568788777,0,0.9966666666666666,2
2025-05-26 00:00:00,0.55,0.05,5.0,comfort,0.55,0.0,0.2451689111634891,0.0741419379272986,0,0.996875,2
2025-05-26 00:00:00,0.58,0.04,5.0,comfort,0.58,0.0,0.2598790458332985,0.0783284178242061,0,0.9978947368421052,2
2025-05-26 00:00:00,0.54,0.05,5.0,comfort,0.54,0.0,0.2405131750465394,0.0727728098724845,0,0.9958333333333332,2
2025-05-27 00:00:00,0.15,0.03,5.0,comfort,0.15,0.0,0.0490337822326978,0.0183222059685318,0,0.998,1
2025-05-27 00:00:00,0.16,0.03,5.0,comfort,0.16,0.0,0.0588405386792374,0.0202397379707021,0,0.998,1
2025-05-27 00:00:00,0.16,0.03,5.0,comfort,0.16,0.0,0.0539371604559676,0.0197176992675009,0,0.9984210526315788,1
2025-05-27 00:00:00,0.15,0.03,5.0,comfort,0.15,0.0,0.0588405386792374,0.0193662833749341,0,0.9984210526315788,1
2025-05-27 00:00:00,0.15,0.03,5.0,comfort,0.15,0.0,0.0588529261610646,0.0193676022095527,0,0.998,1
2025-05-27 00:00:00,0.18,0.03,5.0,comfort,0.18,0.0,0.0735506733490467,0.0235527632718416,0,0.998,1
2025-05-27 00:00:00,0.2,0.03,5.0,comfort,0.2,0.0,0.0833574297955863,0.0263437498697799,0,0.998,1
2025-05-27 00:00:00,0.56,0.03,5.0,comfort,0.56,0.0,0.2598790458332985,0.07658150863267,0,0.998125,2
2025-05-27 00:00:00,0.56,0.03,5.0,comfort,0.56,0.0,0.2598790458332985,0.07658150863267,0,0.9983333333333332,2
2025-05-27 00:00:00,0.56,0.03,5.0,comfort,0.56,0.0,0.2599061165672395,0.0765843907213439,0,0.998125,2
2025-05-27 00:00:00,0.56,0.03,5.0,comfort,0.56,0.0,0.2599602580351214,0.0765901548986918,0,0.9975,2
2025-05-27 00:00:00,0.15,0.03,5.0,comfort,0.15,0.0,0.0588405386792374,0.0193662833749341,0,0.998125,1
2025-05-28 00:00:00,0.15,0.04,5.0,comfort,0.15,0.0,0.0588442162129048,0.0193666749039615,0,0.998,1
2025-05-28 00:00:00,0.16,0.04,5.0,comfort,0.16,0.0,0.0637509995599407,0.0207625307298079,0,0.997777777777778,1
2025-05-28 00:00:00,0.16,0.04,5.0,comfort,0.16,0.0,0.0637439169025071,0.0207617766739032,0,0.9978947368421052,1
2025-05-28 00:00:00,0.16,0.04,5.0,comfort,0.16,0.0,0.0588478254332534,0.0202405137557719,0,0.9976470588235294,1
2025-05-28 00:00:00,0.15,0.04,5.0,comfort,0.15,0.0,0.0539456211870195,0.0188451454443973,0,0.9973333333333334,1
2025-05-28 00:00:00,0.2,0.04,5.0,comfort,0.2,0.0,0.0784540515723165,0.0258217111665788,0,0.9975,1
2025-05-28 00:00:00,0.14,0.04,5.0,comfort,0.14,0.0,0.0490337822326978,0.0174487513727637,0,0.9976470588235294,1
2025-05-28 00:00:00,0.14,0.04,5.0,comfort,0.14,0.0,0.0490337822326978,0.0174487513727637,0,0.997777777777778,1
2025-05-28 00:00:00,0.14,0.04,5.0,comfort,0.14,0.0,0.0490493485127717,0.0174504086384882,0,0.9971428571428572,1
2025-05-28 00:00:00,0.15,0.03,5.0,comfort,0.15,0.0,0.0539371604559676,0.0188442446717329,0,0.9978571428571428,1
2025-05-28 00:00:00,0.15,0.04,5.0,comfort,0.15,0.0,0.0539512868551346,0.0188457486403779,0,0.9973333333333334,1
2025-05-28 00:00:00,0.15,0.03,5.0,comfort,0.15,0.0,0.0539371604559676,0.0188442446717329,0,0.998,1
2025-05-29 00:00:00,0.15,0.05,5.0,comfort,0.15,0.0,0.0588456552478182,0.0193668281109722,0,0.9978260869565218,1
2025-05-29 00:00:00,0.15,0.05,5.0,comfort,0.15,0.0,0.0539427440129506,0.0188448391257428,0,0.9976190476190476,1
2025-05-29 00:00:00,0.15,0.05,5.0,comfort,0.15,0.0,0.058844041092254,0.0193666562597221,0,0.9975,1
2025-05-29 00:00:00,0.14,0.05,5.0,comfort,0.14,0.0,0.0441401386573713,0.0169277490699293,0,0.9970588235294118,1
2025-05-29 00:00:00,0.14,0.05,5.0,comfort,0.14,0.0,0.0441503725180296,0.0169288386190327,0,0.996153846153846,1
2025-05-29 00:00:00,0.14,0.05,5.0,comfort,0.14,0.0,0.0441681223034532,0.0169307283518949,0,0.9944444444444444,1
2025-05-29 00:00:00,0.15,0.05,5.0,comfort,0.15,0.0,0.0490337822326978,0.0183222059685318,0,0.998148148148148,1
2025-05-29 00:00:00,0.14,0.04,5.0,comfort,0.14,0.0,0.044177803332253,0.0169317590436936,0,0.996,1
2025-05-29 00:00:00,0.16,0.04,5.0,comfort,0.16,0.0,0.0539371604559676,0.0197176992675009,0,0.996,1
2025-05-29 00:00:00,0.16,0.04,5.0,comfort,0.16,0.0,0.0539371604559676,0.0197176992675009,0,0.997777777777778,1
2025-05-29 00:00:00,0.14,0.05,5.0,comfort,0.14,0.0,0.049101884708021,0.0174560019103082,0,0.995,1
2025-05-29 00:00:00,0.15,0.04,5.0,comfort,0.15,0.0,0.0539371604559676,0.0188442446717329,0,0.997777777777778,1
2025-05-30 00:00:00,0.16,0.04,5.0,comfort,0.16,0.0,0.0588405386792374,0.0202397379707021,0,0.9984,1
2025-05-30 00:00:00,0.16,0.04,5.0,comfort,0.16,0.0,0.0539371604559676,0.0197176992675009,0,0.99875,1
2025-05-30 00:00:00,0.15,0.04,5.0,comfort,0.15,0.0,0.0539371604559676,0.0188442446717329,0,0.9989189189189188,1
2025-05-30 00:00:00,0.15,0.04,5.0,comfort,0.15,0.0,0.0539371604559676,0.0188442446717329,0,0.9990476190476192,1
2025-05-30 00:00:00,0.16,0.04,5.0,comfort,0.16,0.0,0.0588685579833703,0.0202427210490061,0,0.998095238095238,1
2025-05-30 00:00:00,0.16,0.04,5.0,comfort,0.16,0.0,0.0588405386792374,0.0202397379707021,0,0.998095238095238,1
2025-05-30 00:00:00,0.15,0.04,5.0,comfort,0.15,0.0,0.0539371604559676,0.0188442446717329,0,0.9992307692307691,1
2025-05-30 00:00:00,0.16,0.04,5.0,comfort,0.16,0.0,0.0588599366590217,0.0202418031787587,0,0.9985714285714286,1
2025-05-30 00:00:00,0.15,0.03,5.0,comfort,0.15,0.0,0.0539371604559676,0.0188442446717329,0,0.9991666666666666,1
2025-05-30 00:00:00,0.16,0.04,5.0,comfort,0.16,0.0,0.0588720603963869,0.0202430939337941,0,0.998095238095238,1
2025-05-30 00:00:00,0.16,0.04,5.0,comfort,0.16,0.0,0.0588405386792374,0.0202397379707021,0,0.998095238095238,1
2025-05-30 00:00:00,0.16,0.04,5.0,comfort,0.16,0.0,0.0637503072701164,0.0207624570250954,0,0.9978947368421052,1
2025-05-31 00:00:00,0.16,0.04,5.0,comfort,0.16,0.0,0.0588405386792374,0.0202397379707021,0,0.998,1
2025-05-31 00:00:00,0.16,0.04,5.0,comfort,0.16,0.0,0.0588509223037102,0.0202408434644265,0,0.9976470588235294,1
2025-05-31 00:00:00,0.16,0.04,5.0,comfort,0.16,0.0,0.0588497685676576,0.0202407206317905,0,0.9973333333333334,1
2025-05-31 00:00:00,0.16,0.04,5.0,comfort,0.16,0.0,0.0588405386792374,0.0202397379707021,0,0.9973333333333334,1
2025-05-31 00:00:00,0.16,0.04,5.0,comfort,0.16,0.0,0.0588405386792374,0.0202397379707021,0,0.9973333333333334,1
2025-05-31 00:00:00,0.16,0.04,5.0,comfort,0.16,0.0,0.0588405386792374,0.0202397379707021,0,0.9973333333333334,1
2025-05-31 00:00:00,0.16,0.04,5.0,comfort,0.16,0.0,0.0588405386792374,0.0202397379707021,0,0.9973333333333334,1
2025-05-31 00:00:00,0.16,0.04,5.0,comfort,0.16,0.0,0.0588405386792374,0.0202397379707021,0,0.9973333333333334,1
2025-05-31 00:00:00,0.16,0.04,5.0,comfort,0.16,0.0,0.058846142540064,0.0202403345863629,0,0.9971428571428572,1
2025-05-31 00:00:00,0.16,0.04,5.0,comfort,0.16,0.0,0.0588470046724988,0.0202404263733876,0,0.996923076923077,1
2025-05-31 00:00:00,0.16,0.04,5.0,comfort,0.16,0.0,0.0588405386792374,0.0202397379707021,0,0.996923076923077,1
2025-05-31 00:00:00,0.16,0.04,5.0,comfort,0.16,0.0,0.0588405386792374,0.0202397379707021,0,0.9973333333333334,1
2025-06-01 00:00:00,0.17,0.04,6.0,comfort,0.17,0.0,0.0637569925777692,0.0216366233728798,0,0.996923076923077,1
2025-06-01 00:00:00,0.17,0.04,6.0,comfort,0.17,0.0,0.0637439169025071,0.0216352312696713,0,0.996923076923077,1
2025-06-01 00:00:00,0.11,0.03,6.0,comfort,0.11,0.0,0.0343236475628884,0.0132622714758562,0,0.99925,1
2025-06-01 00:00:00,0.11,0.03,6.0,comfort,0.11,0.0,0.0343236475628884,0.0132622714758562,0,0.9992857142857142,1
2025-06-01 00:00:00,0.17,0.04,6.0,comfort,0.17,0.0,0.0638122139563313,0.0216425025230373,0,0.9971428571428572,1
2025-06-01 00:00:00,0.13,0.05,6.0,comfort,0.13,0.0,0.0490337822326978,0.0165752967769957,0,0.9984848484848484,1
2025-06-01 00:00:00,0.13,0.05,6.0,comfort,0.13,0.0,0.0490337822326978,0.0165752967769957,0,0.9984848484848484,1
2025-06-01 00:00:00,0.13,0.06,6.0,comfort,0.13,0.0,0.0441396787277682,0.0160542455077053,0,0.9980645161290324,1
2025-06-01 00:00:00,0.16,0.03,6.0,comfort,0.16,0.0,0.0539585138772625,0.0197199726618536,0,0.9972727272727272,1
2025-06-01 00:00:00,0.16,0.03,6.0,comfort,0.16,0.0,0.0539371604559676,0.0197176992675009,0,0.9972727272727272,1
2025-06-01 00:00:00,0.13,0.03,6.0,comfort,0.13,0.0,0.0343236475628884,0.0150091806673923,0,0.9995384615384616,1
2025-06-01 00:00:00,0.15,0.04,6.0,comfort,0.15,0.0,0.0589174839990487,0.019374475366892,0,0.996923076923077,1
2025-06-01 00:00:00,0.16,0.04,6.0,comfort,0.16,0.0,0.0637520891995459,0.0207626467384086,0,0.9966666666666668,1
2025-06-01 00:00:00,0.13,0.03,6.0,comfort,0.13,0.0,0.0490337822326978,0.0165752967769957,0,0.9995588235294116,1
2025-06-01 00:00:00,0.15,0.04,6.0,comfort,0.15,0.0,0.0540082427997811,0.0188518124613048,0,0.996923076923077,1
2025-06-01 00:00:00,0.15,0.04,6.0,comfort,0.15,0.0,0.0539371604559676,0.0188442446717329,0,0.9971428571428572,1
2025-06-01 00:00:00,0.16,0.04,6.0,comfort,0.16,0.0,0.0637509217285404,0.0207625224434792,0,0.996923076923077,1
2025-06-01 00:00:00,0.15,0.04,6.0,comfort,0.15,0.0,0.0539371604559676,0.0188442446717329,0,0.996923076923077,1
2025-06-01 00:00:00,0.11,0.03,6.0,comfort,0.11,0.0,0.0343236475628884,0.0132622714758562,0,0.9991428571428572,1
2025-06-01 00:00:00,0.12,0.03,6.0,comfort,0.12,0.0,0.0392270257861582,0.0146577647748254,0,0.9992682926829268,1
2025-06-01 00:00:00,0.12,0.03,6.0,comfort,0.12,0.0,0.0392310621035981,0.0146581945018067,0,0.9990625,1
2025-06-01 00:00:00,0.12,0.03,6.0,comfort,0.12,0.0,0.044130404009428,0.0151798034780266,0,0.9991428571428572,1
2025-06-01 00:00:00,0.15,0.04,6.0,comfort,0.15,0.0,0.0589133888699831,0.0193740393785245,0,0.9966666666666668,1
2025-06-01 00:00:00,0.13,0.03,6.0,comfort,0.13,0.0,0.0490337822326978,0.0165752967769957,0,0.9995588235294116,1
2025-06-02 00:00:00,0.17,0.03,6.0,comfort,0.17,0.0,0.0687179614589946,0.0221647934718303,0,0.9975,1
2025-06-02 00:00:00,0.17,0.03,6.0,comfort,0.17,0.0,0.0637511605294279,0.0216360024632101,0,0.9972727272727272,1
2025-06-02 00:00:00,0.21,0.04,6.0,comfort,0.21,0.0,0.0882608080188561,0.0277392431687491,0,0.9992857142857144,1
2025-06-02 00:00:00,0.21,0.05,6.0,comfort,0.21,0.0,0.0882905785294973,0.0277424126894471,0,0.9986111111111112,1
2025-06-02 00:00:00,0.25,0.04,6.0,comfort,0.25,0.0,0.1078764612754454,0.0333214442386629,0,0.9985714285714286,1
2025-06-02 00:00:00,0.23,0.05,6.0,comfort,0.23,0.0,0.0931752772166785,0.0300093718653149,0,0.9983333333333332,1
2025-06-02 00:00:00,0.23,0.05,6.0,comfort,0.23,0.0,0.0882608080188561,0.0294861523602851,0,0.9985714285714288,1
2025-06-02 00:00:00,0.22,0.08,6.0,comfort,0.22,0.0,0.0882958321490223,0.0286164266123971,0,0.997777777777778,1
2025-06-02 00:00:00,0.21,0.06,6.0,comfort,0.21,0.0,0.0784540515723165,0.0266951657623468,0,0.9982857142857142,1
2025-06-02 00:00:00,0.17,0.03,6.0,comfort,0.17,0.0,0.0588636546051471,0.0211156536060709,0,0.9975,1
2025-06-02 00:00:00,0.2,0.05,6.0,comfort,0.2,0.0,0.0588405386792374,0.0237335563537742,0,0.9988636363636364,1
2025-06-02 00:00:00,0.21,0.05,6.0,comfort,0.21,0.0,0.0735506733490467,0.0261731270591456,0,0.9989583333333334,1
2025-06-02 00:00:00,0.22,0.05,6.0,comfort,0.22,0.0,0.0931641862421258,0.0291347364677182,0,0.999056603773585,1
2025-06-02 00:00:00,0.23,0.04,6.0,comfort,0.23,0.0,0.0882870684914887,0.0294889481843995,0,0.9984615384615384,1
2025-06-02 00:00:00,0.16,0.03,6.0,comfort,0.16,0.0,0.0539579055176814,0.0197199078927837,0,0.9976923076923078,1
2025-06-02 00:00:00,0.22,0.04,6.0,comfort,0.22,0.0,0.0833574297955863,0.028090659061316,0,0.999245283018868,1
2025-06-02 00:00:00,0.16,0.03,6.0,comfort,0.16,0.0,0.0588771752410565,0.0202436384862958,0,0.998,1
2025-06-02 00:00:00,0.16,0.03,6.0,comfort,0.16,0.0,0.0637670965086535,0.0207642444932275,0,0.9972727272727272,1
2025-06-02 00:00:00,0.16,0.03,6.0,comfort,0.16,0.0,0.0588405386792374,0.0202397379707021,0,0.9972727272727272,1
2025-06-02 00:00:00,0.16,0.03,6.0,comfort,0.16,0.0,0.0637439169025071,0.0207617766739032,0,0.9972727272727272,1
2025-06-02 00:00:00,0.17,0.04,6.0,comfort,0.17,0.0,0.0686784984417432,0.0221605920373473,0,0.9963636363636365,1
2025-06-02 00:00:00,0.17,0.03,6.0,comfort,0.17,0.0,0.0686472951257769,0.0221572699728724,0,0.9972727272727272,1
2025-06-02 00:00:00,0.16,0.03,6.0,comfort,0.16,0.0,0.0637439169025071,0.0207617766739032,0,0.9976923076923078,1
2025-06-02 00:00:00,0.17,0.03,6.0,comfort,0.17,0.0,0.063757289752207,0.0216366550115891,0,0.9972727272727272,1
2025-06-03 00:00:00,0.17,0.08,6.0,comfort,0.17,0.0,0.0686844419304987,0.022161224811533,0,0.9961904761904764,1
2025-06-03 00:00:00,0.15,0.06,6.0,comfort,0.15,0.0,0.0588405386792374,0.0193662833749341,0,0.9972727272727272,1
2025-06-03 00:00:00,0.15,0.06,6.0,comfort,0.15,0.0,0.0588405386792374,0.0193662833749341,0,0.9972727272727272,1
2025-06-03 00:00:00,0.17,0.04,6.0,comfort,0.17,0.0,0.044130404009428,0.0195470764568667,0,0.9978947368421052,1
2025-06-03 00:00:00,0.16,0.04,6.0,comfort,0.16,0.0,0.0490802352895498,0.0192006061941196,0,0.996,1
2025-06-03 00:00:00,0.17,0.04,6.0,comfort,0.17,0.0,0.0539371604559676,0.020591153863269,0,0.996923076923077,1
2025-06-03 00:00:00,0.18,0.08,6.0,comfort,0.18,0.0,0.068672440655127,0.0230334016901953,0,0.9961904761904764,1
2025-06-03 00:00:00,0.17,0.04,6.0,comfort,0.17,0.0,0.0637439169025071,0.0216352312696713,0,0.9982608695652174,1
2025-06-03 00:00:00,0.14,0.05,6.0,comfort,0.14,0.0,0.0490382920287225,0.0174492315086948,0,0.9980769230769232,1
2025-06-03 00:00:00,0.21,0.11,6.0,comfort,0.21,0.0,0.0638078359400605,0.0251358548001244,0,0.9960714285714286,1
2025-06-03 00:00:00,0.18,0.17,6.0,stress,0.0,0.0,0.0688042032289215,0.0073252470833184,0,0.9915,2
2025-06-03 00:00:00,0.2,0.09,6.0,comfort,0.2,0.0,0.0735506733490467,0.0252996724633776,0,0.995909090909091,1
2025-06-03 00:00:00,0.17,0.04,6.0,comfort,0.17,0.0,0.0294202693396187,0.0179809603472633,0,0.9963636363636365,1
2025-06-03 00:00:00,0.17,0.04,6.0,comfort,0.17,0.0,0.0,0.0148487281280564,0,0.9963636363636365,1
2025-06-03 00:00:00,0.17,0.04,6.0,comfort,0.17,0.0,0.0392270257861582,0.0190250377536655,0,0.9973333333333334,1
2025-06-03 00:00:00,0.17,0.04,6.0,comfort,0.17,0.0,0.0638182848055601,0.0216431488566698,0,0.995,1
2025-06-03 00:00:00,0.17,0.04,6.0,comfort,0.17,0.0,0.0637439169025071,0.0216352312696713,0,0.995,1
2025-06-03 00:00:00,0.21,0.09,6.0,comfort,0.21,0.0,0.0833574297955863,0.0272172044655479,0,0.9964,1
2025-06-03 00:00:00,0.16,0.04,6.0,comfort,0.16,0.0,0.0588523067869732,0.0202409908635898,0,0.996,1
2025-06-03 00:00:00,0.16,0.04,6.0,comfort,0.16,0.0,0.0588405386792374,0.0202397379707021,0,0.996,1
2025-06-03 00:00:00,0.18,0.17,6.0,stress,0.0,0.0,0.0442052338249223,0.0047063150933678,0,0.9926086956521738,2
2025-06-03 00:00:00,0.18,0.17,6.0,stress,0.0,0.0,0.0686472951257769,0.007308541844816,0,0.9926086956521738,2
2025-06-03 00:00:00,0.2,0.1,6.0,comfort,0.2,0.0,0.0784540515723165,0.0258217111665788,0,0.995,1
2025-06-03 00:00:00,0.16,0.04,6.0,comfort,0.16,0.0,0.0,0.0139752735322884,0,0.995,1
2025-06-04 00:00:00,0.16,0.2,6.0,stress,0.0,0.0,0.0,0.0,0,0.9964912280701754,2
2025-06-04 00:00:00,0.17,0.18,6.0,stress,0.0,0.0,0.0343469205908709,0.0036567486878983,0,0.9951351351351352,2
2025-06-04 00:00:00,0.15,0.1,6.0,comfort,0.15,0.0,0.0539371604559676,0.0188442446717329,0,0.997560975609756,1
2025-06-04 00:00:00,0.15,0.1,6.0,comfort,0.15,0.0,0.0,0.0131018189365203,0,0.997560975609756,1
2025-06-04 00:00:00,0.13,0.08,6.0,comfort,0.13,0.0,0.0,0.0113549097449843,0,0.9989041095890412,1
2025-06-04 00:00:00,0.13,0.09,6.0,comfort,0.13,0.0,0.0147138949659761,0.0129214261949337,0,0.9983928571428572,1
2025-06-04 00:00:00,0.12,0.06,6.0,comfort,0.12,0.0,0.0098067564465395,0.0115255325556185,0,0.9992207792207792,1
2025-06-04 00:00:00,0.11,0.07,6.0,comfort,0.11,0.0,0.0147107596795395,0.0111741832047815,0,0.999135802469136,1
2025-06-04 00:00:00,0.16,0.2,6.0,stress,0.0,0.0,0.0343632983374099,0.0036584923464894,0,0.9968253968253968,2
2025-06-04 00:00:00,0.14,0.09,6.0,comfort,0.14,0.0,0.0392270257861582,0.0164046739663615,0,0.9979545454545454,1
2025-06-04 00:00:00,0.11,0.07,6.0,comfort,0.11,0.0,0.0196135128930791,0.0116961553662528,0,0.9993333333333334,1
2025-06-04 00:00:00,0.17,0.28,6.0,stress,0.0,0.0,0.0,0.0,0,0.9984090909090908,2
2025-06-04 00:00:00,0.18,0.04,6.0,comfort,0.18,0.0,0.0441354188280654,0.0204210649558539,0,0.9981818181818182,1
2025-06-04 00:00:00,0.18,0.04,6.0,comfort,0.18,0.0,0.0539420638341908,0.0214651304977402,0,0.998,1
2025-06-04 00:00:00,0.18,0.04,6.0,comfort,0.18,0.0,0.0,0.0157221827238244,0,0.9976470588235294,1
2025-06-04 00:00:00,0.18,0.04,6.0,comfort,0.18,0.0,0.0686472951257769,0.0230307245686404,0,0.9985185185185186,1
2025-06-04 00:00:00,0.17,0.04,6.0,comfort,0.17,0.0,0.0637574076785712,0.0216366675666324,0,0.998095238095238,1
2025-06-04 00:00:00,0.17,0.04,6.0,comfort,0.17,0.0,0.0637439169025071,0.0216352312696713,0,0.998095238095238,1
2025-06-04 00:00:00,0.17,0.04,6.0,comfort,0.17,0.0,0.0637439169025071,0.0216352312696713,0,0.998095238095238,1
2025-06-04 00:00:00,0.17,0.04,6.0,comfort,0.17,0.0,0.0637540349845552,0.0216363084923921,0,0.997777777777778,1
2025-06-04 00:00:00,0.17,0.04,6.0,comfort,0.17,0.0,0.0637527702242992,0.021636173839552,0,0.9975,1
2025-06-04 00:00:00,0.17,0.04,6.0,comfort,0.17,0.0,0.0637439169025071,0.0216352312696713,0,0.998,1
2025-06-04 00:00:00,0.17,0.04,6.0,comfort,0.17,0.0,0.0637439169025071,0.0216352312696713,0,0.998,1
2025-06-04 00:00:00,0.18,0.05,6.0,comfort,0.18,0.0,0.0686472951257769,0.0230307245686404,0,0.998148148148148,1
2025-06-05 00:00:00,0.17,0.04,6.0,comfort,0.17,0.0,0.0637439169025071,0.0216352312696713,0,0.9986666666666668,1
2025-06-05 00:00:00,0.19,0.05,6.0,comfort,0.19,0.0,0.0735629317946049,0.0244275229643676,0,0.9983333333333332,1
2025-06-05 00:00:00,0.19,0.04,6.0,comfort,0.19,0.0,0.0686472951257769,0.0239041791644085,0,0.9986666666666668,1
2025-06-05 00:00:00,0.17,0.04,6.0,comfort,0.17,0.0,0.063765164874808,0.0216374934373851,0,0.998,1
2025-06-05 00:00:00,0.17,0.04,6.0,comfort,0.17,0.0,0.0588405386792374,0.0211131925664701,0,0.9981818181818182,1
2025-06-05 00:00:00,0.17,0.04,6.0,comfort,0.17,0.0,0.0637439169025071,0.0216352312696713,0,0.9981818181818182,1
2025-06-05 00:00:00,0.17,0.04,6.0,comfort,0.17,0.0,0.0637439169025071,0.0216352312696713,0,0.9982608695652174,1
2025-06-05 00:00:00,0.17,0.04,6.0,comfort,0.17,0.0,0.0637439169025071,0.0216352312696713,0,0.9984,1
2025-06-05 00:00:00,0.17,0.04,6.0,comfort,0.17,0.0,0.0637439169025071,0.0216352312696713,0,0.9984615384615384,1
2025-06-05 00:00:00,0.17,0.04,6.0,comfort,0.17,0.0,0.0637439169025071,0.0216352312696713,0,0.9985714285714286,1
2025-06-05 00:00:00,0.17,0.04,6.0,comfort,0.17,0.0,0.0637439169025071,0.0216352312696713,0,0.9986666666666668,1
2025-06-05 00:00:00,0.19,0.04,6.0,comfort,0.19,0.0,0.0735506733490467,0.0244262178676096,0,0.9986666666666668,1
2025-06-06 00:00:00,0.21,0.06,6.0,comfort,0.21,0.0,0.0835291966206196,0.0272354916395146,0,0.9945454545454544,1
2025-06-06 00:00:00,0.19,0.07,6.0,comfort,0.19,0.0,0.0735506733490467,0.0244262178676096,0,0.9963157894736842,1
2025-06-06 00:00:00,0.17,0.04,6.0,comfort,0.17,0.0,0.0637439169025071,0.0216352312696713,0,0.9982608695652174,1
2025-06-06 00:00:00,0.17,0.04,6.0,comfort,0.17,0.0,0.0539371604559676,0.020591153863269,0,0.9985185185185186,1
2025-06-06 00:00:00,0.17,0.04,6.0,comfort,0.17,0.0,0.0490337822326978,0.0200691151600678,0,0.9986666666666668,1
2025-06-06 00:00:00,0.19,0.04,6.0,comfort,0.19,0.0,0.0736353680638123,0.0244352348997558,0,0.9963636363636365,1
2025-06-06 00:00:00,0.2,0.04,6.0,comfort,0.2,0.0,0.0784540515723165,0.0258217111665788,0,0.9963636363636365,1
2025-06-06 00:00:00,0.18,0.06,6.0,comfort,0.18,0.0,0.0686472951257769,0.0230307245686404,0,0.996842105263158,1
2025-06-06 00:00:00,0.17,0.06,6.0,comfort,0.17,0.0,0.0638171156587588,0.0216430243833267,0,0.9945454545454544,1
2025-06-06 00:00:00,0.17,0.06,6.0,comfort,0.17,0.0,0.0637439169025071,0.0216352312696713,0,0.996842105263158,1
2025-06-06 00:00:00,0.17,0.06,6.0,comfort,0.17,0.0,0.0539371604559676,0.020591153863269,0,0.997,1
2025-06-06 00:00:00,0.18,0.06,6.0,comfort,0.18,0.0,0.0588561141159466,0.0219883054028248,0,0.9964705882352942,1
2025-06-07 00:00:00,0.18,0.04,6.0,comfort,0.18,0.0,0.0588405386792374,0.0219866471622381,0,0.9983333333333334,1
2025-06-07 00:00:00,0.18,0.04,6.0,comfort,0.18,0.0,0.0588426705828127,0.0219868741355874,0,0.9982608695652174,1
2025-06-07 00:00:00,0.18,0.04,6.0,comfort,0.18,0.0,0.0588454116016953,0.0219871659584649,0,0.998095238095238,1
2025-06-07 00:00:00,0.17,0.04,6.0,comfort,0.17,0.0,0.0637503072701164,0.0216359116208634,0,0.9978947368421052,1
2025-06-07 00:00:00,0.19,0.04,6.0,comfort,0.19,0.0,0.0735506733490467,0.0244262178676096,0,0.9985714285714286,1
2025-06-07 00:00:00,0.19,0.04,6.0,comfort,0.19,0.0,0.0735620942610574,0.0244274337962661,0,0.9982608695652174,1
2025-06-07 00:00:00,0.19,0.04,6.0,comfort,0.19,0.0,0.0735506733490467,0.0244262178676096,0,0.9987878787878788,1
2025-06-07 00:00:00,0.19,0.04,6.0,comfort,0.19,0.0,0.0735506733490467,0.0244262178676096,0,0.9987878787878788,1
2025-06-07 00:00:00,0.18,0.04,6.0,comfort,0.18,0.0,0.0686472951257769,0.0230307245686404,0,0.9990476190476192,1
2025-06-07 00:00:00,0.18,0.04,6.0,comfort,0.18,0.0,0.0686832532327476,0.0230345528524639,0,0.998,1
2025-06-07 00:00:00,0.18,0.04,6.0,comfort,0.18,0.0,0.0686594093543285,0.0230320143113189,0,0.9976470588235294,1
2025-06-07 00:00:00,0.18,0.04,6.0,comfort,0.18,0.0,0.0686472951257769,0.0230307245686404,0,0.9985185185185186,1
2025-06-08 00:00:00,0.17,0.04,6.0,comfort,0.17,0.0,0.063754648201649,0.0216363737786177,0,0.9981818181818182,1
2025-06-08 00:00:00,0.17,0.04,6.0,comfort,0.17,0.0,0.0637497118040437,0.0216358482245023,0,0.998,1
2025-06-08 00:00:00,0.17,0.04,6.0,comfort,0.17,0.0,0.0637439169025071,0.0216352312696713,0,0.998095238095238,1
2025-06-08 00:00:00,0.18,0.04,6.0,comfort,0.18,0.0,0.0686472951257769,0.0230307245686404,0,0.9981818181818182,1
2025-06-08 00:00:00,0.18,0.04,6.0,comfort,0.18,0.0,0.0686472951257769,0.0230307245686404,0,0.9984615384615384,1
2025-06-08 00:00:00,0.18,0.04,6.0,comfort,0.18,0.0,0.0686707642865037,0.023033223215425,0,0.997777777777778,1
2025-06-08 00:00:00,0.18,0.04,6.0,comfort,0.18,0.0,0.0686472951257769,0.0230307245686404,0,0.9978947368421052,1
2025-06-08 00:00:00,0.18,0.04,6.0,comfort,0.18,0.0,0.0686513095874802,0.0230311519687483,0,0.997777777777778,1
2025-06-08 00:00:00,0.17,0.04,6.0,comfort,0.17,0.0,0.0637439169025071,0.0216352312696713,0,0.998,1
2025-06-08 00:00:00,0.17,0.04,6.0,comfort,0.17,0.0,0.063747271845502,0.0216355884540471,0,0.9978947368421052,1
2025-06-08 00:00:00,0.17,0.04,6.0,comfort,0.17,0.0,0.0637476446169459,0.0216356281412,0,0.997777777777778,1
2025-06-08 00:00:00,0.18,0.04,6.0,comfort,0.18,0.0,0.0686472951257769,0.0230307245686404,0,0.9978947368421052,1
2025-06-09 00:00:00,0.18,0.05,6.0,comfort,0.18,0.0,0.0686822962137522,0.023034450963331,0,0.996875,1
2025-06-09 00:00:00,0.99,1.0,6.0,stress,0.0,0.0,0.4678013472335816,0.0498045220143586,0,0.9883720930232558,2
2025-06-09 00:00:00,0.84,0.88,6.0,stress,0.0,0.0,0.392290935673625,0.0417652977216305,0,0.9882666666666668,2
2025-06-09 00:00:00,0.72,0.4,6.0,stress,0.0,0.0,0.3285263409590754,0.0349765931144766,0,0.9942857142857142,2
2025-06-09 00:00:00,0.51,0.29,6.0,stress,0.0,0.0,0.0,0.0,0,0.9957971014492752,2
2025-06-09 00:00:00,0.18,0.05,6.0,comfort,0.18,0.0,0.0,0.0157221827238244,0,0.9978260869565218,1
2025-06-09 00:00:00,0.68,0.27,6.0,stress,0.0,0.0,0.1373660090213276,0.0146246872968308,0,0.9967857142857144,2
2025-06-09 00:00:00,0.94,0.37,6.0,stress,0.0,0.0,0.3187483026926607,0.0339355731922878,0,0.996605504587156,2
2025-06-09 00:00:00,0.71,0.12,6.0,comfort,0.71,0.0,0.3236229627358056,0.0964698307108053,0,0.9992,2
2025-06-09 00:00:00,0.42,0.12,6.0,comfort,0.42,0.0,0.0735506733490467,0.0445156735702742,0,0.9993478260869564,1
2025-06-09 00:00:00,0.33,0.12,6.0,comfort,0.33,0.0,0.0,0.0288240016603448,0,0.9995238095238096,1
2025-06-09 00:00:00,0.51,0.3,6.0,stress,0.0,0.0,0.1916080540825132,0.0203995726051553,0,0.9955882352941176,2
2025-06-09 00:00:00,0.34,0.08,6.0,comfort,0.34,0.0,0.1078743209119352,0.041182307726538,0,0.9995375722543351,1
2025-06-09 00:00:00,0.32,0.15,6.0,stress,0.0,0.0,0.0980688477580714,0.010440910689919,0,0.9995114006514658,2
2025-06-09 00:00:00,0.18,0.05,6.0,comfort,0.18,0.0,0.0,0.0157221827238244,0,0.998,1
2025-06-09 00:00:00,0.22,0.07,6.0,comfort,0.22,0.0,0.0686930599891941,0.0265294153129424,0,0.9966666666666668,1
2025-06-09 00:00:00,0.2,0.06,6.0,comfort,0.2,0.0,0.0245168911163489,0.0200792854313662,0,0.9987234042553192,1
2025-06-09 00:00:00,0.19,0.06,6.0,comfort,0.19,0.0,0.0686658843352888,0.0239061582666488,0,0.998181818181818,1
2025-06-09 00:00:00,0.18,0.05,6.0,comfort,0.18,0.0,0.0539674460273466,0.0214678328157332,0,0.9970588235294118,1
2025-06-09 00:00:00,0.19,0.05,6.0,comfort,0.19,0.0,0.0637439169025071,0.0233821404612073,0,0.9970588235294118,1
2025-06-09 00:00:00,0.18,0.05,6.0,comfort,0.18,0.0,0.0588405386792374,0.0219866471622381,0,0.9970588235294118,1
2025-06-09 00:00:00,0.18,0.06,6.0,comfort,0.18,0.0,0.0637508241380848,0.0225094212450367,0,0.996842105263158,1
2025-06-09 00:00:00,0.18,0.06,6.0,comfort,0.18,0.0,0.0637439169025071,0.0225086858654393,0,0.997,1
2025-06-09 00:00:00,0.19,0.05,6.0,comfort,0.19,0.0,0.0686472951257769,0.0239041791644085,0,0.9975,1
2025-06-10 00:00:00,0.19,0.08,6.0,comfort,0.19,0.0,0.0638603721353098,0.0233945388804083,0,0.9938461538461538,1
2025-06-10 00:00:00,0.2,0.08,6.0,comfort,0.2,0.0,0.0686472951257769,0.0247776337601765,0,0.9938461538461538,1
2025-06-10 00:00:00,0.2,0.07,6.0,comfort,0.2,0.0,0.0735506733490467,0.0252996724633776,0,0.995,1
2025-06-10 00:00:00,0.2,0.07,6.0,comfort,0.2,0.0,0.0588405386792374,0.0237335563537742,0,0.995,1
2025-06-10 00:00:00,0.2,0.06,6.0,comfort,0.2,0.0,0.0588405386792374,0.0237335563537742,0,0.9957142857142856,1
2025-06-10 00:00:00,0.2,0.06,6.0,comfort,0.2,0.0,0.0637439169025071,0.0242555950569753,0,0.99625,1
2025-06-10 00:00:00,0.2,0.06,6.0,comfort,0.2,0.0,0.0637609911659632,0.0242574128703168,0,0.9957142857142856,1
2025-06-10 00:00:00,0.18,0.06,6.0,comfort,0.18,0.0,0.0588502376691295,0.0219876797662664,0,0.9953846153846152,1
2025-06-10 00:00:00,0.18,0.06,6.0,comfort,0.18,0.0,0.0588518541674449,0.0219878518669378,0,0.995,1
2025-06-10 00:00:00,0.18,0.06,6.0,comfort,0.18,0.0,0.0588405386792374,0.0219866471622381,0,0.9966666666666668,1
2025-06-10 00:00:00,0.2,0.07,6.0,comfort,0.2,0.0,0.0687177026079572,0.0247851297005301,0,0.9946153846153846,1
2025-06-10 00:00:00,0.18,0.06,6.0,comfort,0.18,0.0,0.0588405386792374,0.0219866471622381,0,0.996842105263158,1
2025-06-10 00:00:00,0.43,0.12,6.0,comfort,0.43,0.0,0.1815013837322497,0.0568821124499488,0,0.996,2
2025-06-10 00:00:00,0.44,0.13,6.0,comfort,0.44,0.0,0.1815157067581125,0.0577570919482446,0,0.995,2
2025-06-10 00:00:00,0.5,0.24,6.0,stress,0.0,0.0,0.2169352593539018,0.0230960363070249,0,0.984,2
2025-06-10 00:00:00,0.48,0.2,6.0,stress,0.0,0.0,0.1765216160377122,0.0187933933152411,0,0.99,2
2025-06-10 00:00:00,0.47,0.18,6.0,stress,0.0,0.0,0.1667148595911726,0.0177493159088388,0,0.9921739130434782,2
2025-06-10 00:00:00,0.47,0.12,6.0,comfort,0.47,0.0,0.112777699135205,0.0530592561747235,0,0.9947826086956522,2
2025-06-10 00:00:00,0.48,0.1,6.0,comfort,0.48,0.0,0.1372945902515539,0.0565429042864972,0,0.9956521739130434,2
2025-06-10 00:00:00,0.5,0.1,6.0,comfort,0.5,0.0,0.156908103144633,0.0603779682908378,0,0.9956521739130434,2
2025-06-10 00:00:00,0.54,0.1,6.0,comfort,0.54,0.0,0.2059418853773309,0.0690921737059214,0,0.9956521739130434,2
2025-06-10 00:00:00,0.47,0.16,6.0,stress,0.0,0.0,0.1816111520811802,0.019335251331296,0,0.9936,2
2025-06-10 00:00:00,0.47,0.12,6.0,comfort,0.47,0.0,0.181424994260982,0.0603677980195395,0,0.9953846153846152,2
2025-06-10 00:00:00,0.43,0.12,6.0,comfort,0.43,0.0,0.1618114813679028,0.0547858248236628,0,0.99625,2
2025-06-11 00:00:00,0.19,0.07,6.0,comfort,0.19,0.0,0.0147221573760298,0.0181630334279393,0,0.9946153846153846,1
2025-06-11 00:00:00,0.19,0.08,6.0,comfort,0.19,0.0,0.0343236475628884,0.0202499082420004,0,0.995,1
2025-06-11 00:00:00,0.29,0.05,6.0,comfort,0.29,0.0,0.0833574297955863,0.0342048412316921,0,0.99875,1
2025-06-11 00:00:00,0.19,0.09,6.0,comfort,0.19,0.0,0.05902441536261,0.0228796782093762,0,0.9925,1
2025-06-11 00:00:00,0.19,0.08,6.0,comfort,0.19,0.0,0.0539371604559676,0.022338063054805,0,0.9938461538461538,1
2025-06-11 00:00:00,0.21,0.06,6.0,comfort,0.21,0.0,0.0784540515723165,0.0266951657623468,0,0.995,1
2025-06-11 00:00:00,0.21,0.06,6.0,comfort,0.21,0.0,0.0588405386792374,0.0246070109495422,0,0.995,1
2025-06-11 00:00:00,0.2,0.05,6.0,comfort,0.2,0.0,0.0588405386792374,0.0237335563537742,0,0.9964285714285712,1
2025-06-11 00:00:00,0.3,0.05,6.0,comfort,0.3,0.0,0.1176810773584748,0.0387325667498682,0,0.9988636363636364,1
2025-06-11 00:00:00,0.2,0.07,6.0,comfort,0.2,0.0,0.0687931106215424,0.0247931580230112,0,0.9946153846153846,1
2025-06-11 00:00:00,0.2,0.07,6.0,comfort,0.2,0.0,0.0735506733490467,0.0252996724633776,0,0.995,1
2025-06-11 00:00:00,0.2,0.07,6.0,comfort,0.2,0.0,0.0735813194629422,0.0253029352052726,0,0.9941666666666666,1
2025-06-11 00:00:00,0.28,0.05,6.0,comfort,0.28,0.0,0.1029709426886654,0.0354195414487287,0,0.9984375,1
2025-06-11 00:00:00,0.28,0.05,6.0,comfort,0.28,0.0,0.1029709426886654,0.0354195414487287,0,0.9986486486486488,1
2025-06-11 00:00:00,0.19,0.07,6.0,comfort,0.19,0.0,0.058929495236869,0.022869572527723,0,0.995625,1
2025-06-11 00:00:00,0.3,0.05,6.0,comfort,0.3,0.0,0.1225844555817445,0.0392546054530693,0,0.9989130434782608,1
2025-06-11 00:00:00,0.2,0.07,6.0,comfort,0.2,0.0,0.0736823183948236,0.0253136880676918,0,0.9953333333333332,1
2025-06-11 00:00:00,0.27,0.04,6.0,comfort,0.27,0.0,0.0980675644653956,0.0340240481497595,0,0.99953488372093,1
2025-06-11 00:00:00,0.27,0.04,6.0,comfort,0.27,0.0,0.107885191967531,0.0350692829442945,0,0.9993333333333332,1
2025-06-11 00:00:00,0.31,0.06,6.0,comfort,0.31,0.0,0.1177185988614006,0.0396100160765824,0,0.998695652173913,1
2025-06-11 00:00:00,0.3,0.05,6.0,comfort,0.3,0.0,0.1274878338050143,0.0397766441562705,0,0.998936170212766,1
2025-06-11 00:00:00,0.47,0.05,6.0,comfort,0.47,0.0,0.2108502481221988,0.0635005609163879,0,0.9988888888888888,2
2025-06-11 00:00:00,0.3,0.05,6.0,comfort,0.3,0.0,0.1176810773584748,0.0387325667498682,0,0.9989130434782608,1
2025-06-11 00:00:00,0.26,0.04,6.0,comfort,0.26,0.0,0.1029709426886654,0.0336726322571926,0,0.9991666666666666,1
2025-06-12 00:00:00,0.2,0.06,6.0,comfort,0.2,0.0,0.0736776358208992,0.0253131895369427,0,0.9957142857142856,1
2025-06-12 00:00:00,0.22,0.08,6.0,comfort,0.22,0.0,0.083481924658268,0.0281039134205985,0,0.9927272727272728,1
2025-06-12 00:00:00,0.22,0.08,6.0,comfort,0.22,0.0,0.0882608080188561,0.0286126977645171,0,0.9927272727272728,1
2025-06-12 00:00:00,0.22,0.07,6.0,comfort,0.22,0.0,0.0784540515723165,0.0275686203581148,0,0.9941666666666666,1
2025-06-12 00:00:00,0.21,0.08,6.0,comfort,0.21,0.0,0.0637897932063385,0.0251339338784892,0,0.9927272727272728,1
2025-06-12 00:00:00,0.21,0.08,6.0,comfort,0.21,0.0,0.0637439169025071,0.0251290496527434,0,0.9933333333333332,1
2025-06-12 00:00:00,0.21,0.08,6.0,comfort,0.21,0.0,0.0686472951257769,0.0256510883559445,0,0.9933333333333332,1
2025-06-12 00:00:00,0.21,0.08,6.0,comfort,0.21,0.0,0.0637439169025071,0.0251290496527434,0,0.9933333333333332,1
2025-06-12 00:00:00,0.2,0.08,6.0,comfort,0.2,0.0,0.0588405386792374,0.0237335563537742,0,0.9938461538461538,1
2025-06-12 00:00:00,0.2,0.05,6.0,comfort,0.2,0.0,0.0588405386792374,0.0237335563537742,0,0.996875,1
2025-06-12 00:00:00,0.22,0.07,6.0,comfort,0.22,0.0,0.0687402550045931,0.0265344399354607,0,0.9941666666666666,1
2025-06-12 00:00:00,0.23,0.04,6.0,comfort,0.23,0.0,0.0735506733490467,0.0279200362506817,0,0.9973333333333334,1
2025-06-12 00:00:00,0.21,0.08,6.0,comfort,0.21,0.0,0.0785736006032838,0.0267078935631105,0,0.9942857142857144,1
2025-06-12 00:00:00,0.24,0.04,6.0,comfort,0.24,0.0,0.0833574297955863,0.029837568252852,0,0.998,1
2025-06-12 00:00:00,0.23,0.04,6.0,comfort,0.23,0.0,0.0931806269808745,0.0300099414285499,0,0.9976470588235294,1
2025-06-12 00:00:00,0.24,0.03,6.0,comfort,0.24,0.0,0.0784687354857124,0.0293170928741096,0,0.9972727272727272,1
2025-06-12 00:00:00,0.24,0.03,6.0,comfort,0.24,0.0,0.0980675644653956,0.0314036843624554,0,0.998125,1
2025-06-12 00:00:00,0.25,0.03,6.0,comfort,0.25,0.0,0.1029709426886654,0.0327991776614246,0,0.998125,1
2025-06-12 00:00:00,0.26,0.03,6.0,comfort,0.26,0.0,0.112777699135205,0.0347167096635949,0,0.9986363636363637,1
2025-06-12 00:00:00,0.24,0.03,6.0,comfort,0.24,0.0,0.1030195478539205,0.0319308978199348,0,0.9976923076923078,1
2025-06-12 00:00:00,0.26,0.03,6.0,comfort,0.26,0.0,0.112777699135205,0.0347167096635949,0,0.9986363636363637,1
2025-06-12 00:00:00,0.26,0.14,6.0,comfort,0.26,0.0,0.1130044375163335,0.0347408493903426,0,0.9946153846153846,1
2025-06-12 00:00:00,0.25,0.04,6.0,comfort,0.25,0.0,0.1078743209119352,0.0333212163646258,0,0.9981818181818182,1
2025-06-12 00:00:00,0.25,0.04,6.0,comfort,0.25,0.0,0.1078789907959574,0.0333217135443431,0,0.998095238095238,1
2025-06-13 00:00:00,0.23,0.08,6.0,comfort,0.23,0.0,0.0442241609117191,0.0247977858704152,0,0.9938461538461538,1
2025-06-13 00:00:00,0.23,0.05,6.0,comfort,0.23,0.0,0.0931641862421258,0.0300081910634863,0,0.9966666666666666,1
2025-06-13 00:00:00,0.22,0.05,6.0,comfort,0.22,0.0,0.0882608080188561,0.0286126977645171,0,0.9966666666666666,1
2025-06-13 00:00:00,0.21,0.05,6.0,comfort,0.21,0.0,0.0637439169025071,0.0251290496527434,0,0.9966666666666666,1
2025-06-13 00:00:00,0.22,0.05,6.0,comfort,0.22,0.0,0.0833574297955863,0.028090659061316,0,0.9976190476190476,1
2025-06-13 00:00:00,0.22,0.05,6.0,comfort,0.22,0.0,0.0833574297955863,0.028090659061316,0,0.9976190476190476,1
2025-06-13 00:00:00,0.22,0.05,6.0,comfort,0.22,0.0,0.0834070473133217,0.0280959415958126,0,0.9964285714285712,1
2025-06-13 00:00:00,0.23,0.05,6.0,comfort,0.23,0.0,0.0882608080188561,0.0294861523602851,0,0.9964285714285712,1
2025-06-13 00:00:00,0.23,0.06,6.0,comfort,0.23,0.0,0.0882923297360056,0.0294895083233771,0,0.9957142857142856,1
2025-06-13 00:00:00,0.26,0.06,6.0,comfort,0.26,0.0,0.1029709426886654,0.0336726322571926,0,0.9957142857142856,1
2025-06-13 00:00:00,0.23,0.06,6.0,comfort,0.23,0.0,0.0882608080188561,0.0294861523602851,0,0.99625,1
2025-06-13 00:00:00,0.23,0.06,6.0,comfort,0.23,0.0,0.0833574297955863,0.028964113657084,0,0.99625,1
2025-06-14 00:00:00,0.24,0.08,6.0,comfort,0.24,0.0,0.0882608080188561,0.0303596069560532,0,0.9971428571428572,1
2025-06-14 00:00:00,0.24,0.08,6.0,comfort,0.24,0.0,0.0882705070087482,0.0303606395600815,0,0.996923076923077,1
2025-06-14 00:00:00,0.24,0.08,6.0,comfort,0.24,0.0,0.0882608080188561,0.0303596069560532,0,0.996923076923077,1
2025-06-14 00:00:00,0.25,0.08,6.0,comfort,0.25,0.0,0.0833574297955863,0.03071102284862,0,0.997037037037037,1
2025-06-14 00:00:00,0.23,0.05,6.0,comfort,0.23,0.0,0.0735506733490467,0.0279200362506817,0,0.998148148148148,1
2025-06-14 00:00:00,0.23,0.05,6.0,comfort,0.23,0.0,0.0735506733490467,0.0279200362506817,0,0.9983870967741936,1
2025-06-14 00:00:00,0.23,0.06,6.0,comfort,0.23,0.0,0.0735509939709881,0.027920070385732,0,0.9983783783783784,1
2025-06-14 00:00:00,0.23,0.07,6.0,comfort,0.23,0.0,0.0882608080188561,0.0294861523602851,0,0.9985714285714286,1
2025-06-14 00:00:00,0.23,0.05,6.0,comfort,0.23,0.0,0.088327559890467,0.0294932591056564,0,0.9970588235294118,1
2025-06-14 00:00:00,0.23,0.05,6.0,comfort,0.23,0.0,0.0833574297955863,0.028964113657084,0,0.9970588235294118,1
2025-06-14 00:00:00,0.23,0.05,6.0,comfort,0.23,0.0,0.0784787744877279,0.0284447070817981,0,0.9964285714285712,1
2025-06-14 00:00:00,0.23,0.05,6.0,comfort,0.23,0.0,0.0882608080188561,0.0294861523602851,0,0.9964285714285712,1
2025-06-15 00:00:00,0.25,0.04,6.0,comfort,0.25,0.0,0.0980675644653956,0.0322771389582235,0,0.9978947368421052,1
2025-06-15 00:00:00,0.23,0.04,6.0,comfort,0.23,0.0,0.0882608080188561,0.0294861523602851,0,0.9985185185185186,1
2025-06-15 00:00:00,0.23,0.05,6.0,comfort,0.23,0.0,0.0882802958041024,0.0294882271294902,0,0.9980769230769232,1
2025-06-15 00:00:00,0.24,0.05,6.0,comfort,0.24,0.0,0.0980675644653956,0.0314036843624554,0,0.998148148148148,1
2025-06-15 00:00:00,0.23,0.04,6.0,comfort,0.23,0.0,0.0931641862421258,0.0300081910634863,0,0.9984,1
2025-06-15 00:00:00,0.23,0.04,6.0,comfort,0.23,0.0,0.0882608080188561,0.0294861523602851,0,0.9984,1
2025-06-15 00:00:00,0.24,0.04,6.0,comfort,0.24,0.0,0.0931743496078977,0.0308827277031118,0,0.9981818181818182,1
2025-06-15 00:00:00,0.23,0.05,6.0,comfort,0.23,0.0,0.0931726557136024,0.0300090927667009,0,0.998,1
2025-06-15 00:00:00,0.25,0.04,6.0,comfort,0.25,0.0,0.1029709426886654,0.0327991776614246,0,0.998,1
2025-06-15 00:00:00,0.24,0.05,6.0,comfort,0.24,0.0,0.0980675644653956,0.0314036843624554,0,0.998,1
2025-06-15 00:00:00,0.24,0.05,6.0,comfort,0.24,0.0,0.0931641862421258,0.0308816456592543,0,0.998,1
2025-06-15 00:00:00,0.23,0.05,6.0,comfort,0.23,0.0,0.0931680680832193,0.0300086043441263,0,0.9979166666666668,1
2025-06-16 00:00:00,0.26,0.04,6.0,comfort,0.26,0.0,0.1029923949683922,0.0336749161765191,0,0.9975,1
2025-06-16 00:00:00,0.27,0.03,6.0,comfort,0.27,0.0,0.1078743209119352,0.0350681255561618,0,0.998695652173913,1
2025-06-16 00:00:00,0.26,0.04,6.0,comfort,0.26,0.0,0.1029973976739412,0.033675448790117,0,0.9981818181818182,1
2025-06-16 00:00:00,0.26,0.04,6.0,comfort,0.26,0.0,0.1078789907959574,0.0341951681401111,0,0.998095238095238,1
2025-06-16 00:00:00,0.24,0.04,6.0,comfort,0.24,0.0,0.1029812655901881,0.0319268220945054,0,0.9978947368421052,1
2025-06-16 00:00:00,0.25,0.04,6.0,comfort,0.25,0.0,0.1029836945081934,0.0328005352852967,0,0.9976470588235294,1
2025-06-16 00:00:00,0.27,0.04,6.0,comfort,0.27,0.0,0.1127859916130826,0.0355910471189345,0,0.9975,1
2025-06-16 00:00:00,0.25,0.04,6.0,comfort,0.25,0.0,0.1029709426886654,0.0327991776614246,0,0.9978947368421052,1
2025-06-16 00:00:00,0.27,0.03,6.0,comfort,0.27,0.0,0.112777699135205,0.035590164259363,0,0.9988461538461538,1
2025-06-16 00:00:00,0.25,0.04,6.0,comfort,0.25,0.0,0.1030199268415639,0.0328043927646641,0,0.9978947368421052,1
2025-06-16 00:00:00,0.26,0.04,6.0,comfort,0.26,0.0,0.1078743209119352,0.0341946709603938,0,0.9983333333333334,1
2025-06-16 00:00:00,0.25,0.04,6.0,comfort,0.25,0.0,0.1078782294018233,0.0333216324824327,0,0.9982608695652174,1
2025-06-18 00:00:00,0.34,0.04,6.0,comfort,0.34,0.0,0.1471013466980935,0.0453586173521471,0,0.9984,1
2025-06-18 00:00:00,0.25,0.03,6.0,comfort,0.25,0.0,0.1029709426886654,0.0327991776614246,0,0.998695652173913,1
2025-06-18 00:00:00,0.25,0.03,6.0,comfort,0.25,0.0,0.1029709426886654,0.0327991776614246,0,0.99875,1
2025-06-18 00:00:00,0.25,0.03,6.0,comfort,0.25,0.0,0.1029709426886654,0.0327991776614246,0,0.9989285714285714,1
2025-06-18 00:00:00,0.25,0.03,6.0,comfort,0.25,0.0,0.1078787662823024,0.0333216896414721,0,0.9988461538461538,1
2025-06-18 00:00:00,0.26,0.03,6.0,comfort,0.26,0.0,0.1127895289637856,0.0347179691275992,0,0.9986363636363637,1
2025-06-18 00:00:00,0.25,0.04,6.0,comfort,0.25,0.0,0.1078988378030515,0.0333238265581418,0,0.9981818181818182,1
2025-06-18 00:00:00,0.28,0.04,6.0,comfort,0.28,0.0,0.1225844555817445,0.0375076962615333,0,0.9983333333333334,1
2025-06-18 00:00:00,0.28,0.04,6.0,comfort,0.28,0.0,0.1225844555817445,0.0375076962615333,0,0.9983333333333334,1
2025-06-18 00:00:00,0.28,0.04,6.0,comfort,0.28,0.0,0.1176810773584748,0.0369856575583321,0,0.9983333333333334,1
2025-06-18 00:00:00,0.27,0.04,6.0,comfort,0.27,0.0,0.112786242900291,0.0355910738722549,0,0.9981818181818182,1
2025-06-18 00:00:00,0.27,0.04,6.0,comfort,0.27,0.0,0.112777699135205,0.035590164259363,0,0.9988235294117648,1
2025-06-19 00:00:00,0.28,0.03,6.0,comfort,0.28,0.0,0.1176824618417378,0.0369858049574954,0,0.9988,1
2025-06-19 00:00:00,0.28,0.03,6.0,comfort,0.28,0.0,0.1176810773584748,0.0369856575583321,0,0.9996052631578948,1
2025-06-19 00:00:00,0.26,0.03,6.0,comfort,0.26,0.0,0.1079035960154722,0.0341977877375198,0,0.9990625,1
2025-06-19 00:00:00,0.26,0.03,6.0,comfort,0.26,0.0,0.1127852512132721,0.0347175136964191,0,0.9989285714285714,1
2025-06-19 00:00:00,0.26,0.03,6.0,comfort,0.26,0.0,0.1127823465678617,0.0347172044530252,0,0.9988461538461538,1
2025-06-19 00:00:00,0.26,0.03,6.0,comfort,0.26,0.0,0.1127831211399711,0.0347172869179302,0,0.99875,1
2025-06-19 00:00:00,0.26,0.03,6.0,comfort,0.26,0.0,0.1127807637465945,0.0347170359377844,0,0.998695652173913,1
2025-06-19 00:00:00,0.27,0.04,6.0,comfort,0.27,0.0,0.1176948527354231,0.0361136695595898,0,0.9984615384615384,1
2025-06-19 00:00:00,0.3,0.04,6.0,comfort,0.3,0.0,0.1323912120282841,0.0402986828594716,0,0.999,1
2025-06-19 00:00:00,0.3,0.04,6.0,comfort,0.3,0.0,0.1323912120282841,0.0402986828594716,0,0.9991304347826088,1
2025-06-19 00:00:00,0.28,0.04,6.0,comfort,0.28,0.0,0.1177368944702653,0.0369916001332935,0,0.9981818181818182,1
2025-06-19 00:00:00,0.27,0.04,6.0,comfort,0.27,0.0,0.112777699135205,0.035590164259363,0,0.9983333333333334,1
2025-06-20 00:00:00,0.27,0.04,6.0,comfort,0.27,0.0,0.112777699135205,0.035590164259363,0,0.9984615384615384,1
2025-06-20 00:00:00,0.3,0.03,6.0,comfort,0.3,0.0,0.1274878338050143,0.0397766441562705,0,0.9992307692307691,1
2025-06-20 00:00:00,0.3,0.03,6.0,comfort,0.3,0.0,0.1274919199535337,0.0397770791885231,0,0.9991666666666666,1
2025-06-20 00:00:00,0.3,0.03,6.0,comfort,0.3,0.0,0.1274878338050143,0.0397766441562705,0,0.9992857142857142,1
2025-06-20 00:00:00,0.27,0.03,6.0,comfort,0.27,0.0,0.1176843103551055,0.0361125471639069,0,0.9992307692307691,1
2025-06-20 00:00:00,0.27,0.03,6.0,comfort,0.27,0.0,0.1176810773584748,0.0361122029625641,0,0.9992307692307691,1
2025-06-20 00:00:00,0.27,0.03,6.0,comfort,0.27,0.0,0.1176848491878773,0.0361126045307973,0,0.9991666666666666,1
2025-06-20 00:00:00,0.27,0.03,6.0,comfort,0.27,0.0,0.1176872065812539,0.0361128555109431,0,0.9990625,1
2025-06-20 00:00:00,0.27,0.03,6.0,comfort,0.27,0.0,0.1176847548921422,0.0361125944915915,0,0.999,1
2025-06-20 00:00:00,0.27,0.04,6.0,comfort,0.27,0.0,0.1177094079882092,0.0361152191861826,0,0.9985185185185186,1
2025-06-20 00:00:00,0.27,0.04,6.0,comfort,0.27,0.0,0.1176844300957215,0.0361125599121048,0,0.9984615384615384,1
2025-06-20 00:00:00,0.27,0.04,6.0,comfort,0.27,0.0,0.1176810773584748,0.0361122029625641,0,0.9984615384615384,1
2025-06-21 00:00:00,0.27,0.04,6.0,comfort,0.27,0.0,0.112777699135205,0.035590164259363,0,0.9985185185185186,1
2025-06-21 00:00:00,0.31,0.04,6.0,comfort,0.31,0.0,0.1323949838576867,0.0411725390234729,0,0.9984615384615384,1
2025-06-21 00:00:00,0.3,0.04,6.0,comfort,0.3,0.0,0.1274878338050143,0.0397766441562705,0,0.9984615384615384,1
2025-06-21 00:00:00,0.32,0.04,6.0,comfort,0.32,0.0,0.1372945902515539,0.0425676307542088,0,0.9985185185185186,1
2025-06-21 00:00:00,0.26,0.04,6.0,comfort,0.26,0.0,0.1078743209119352,0.0341946709603938,0,0.99875,1
2025-06-21 00:00:00,0.28,0.04,6.0,comfort,0.28,0.0,0.1176915845975246,0.0369867762126961,0,0.9985714285714286,1
2025-06-21 00:00:00,0.26,0.04,6.0,comfort,0.26,0.0,0.1078743209119352,0.0341946709603938,0,0.998974358974359,1
2025-06-21 00:00:00,0.27,0.04,6.0,comfort,0.27,0.0,0.1128179319821651,0.0355944476538508,0,0.9982608695652174,1
2025-06-21 00:00:00,0.27,0.04,6.0,comfort,0.27,0.0,0.112777699135205,0.035590164259363,0,0.9988888888888888,1
2025-06-21 00:00:00,0.28,0.04,6.0,comfort,0.28,0.0,0.1176810773584748,0.0369856575583321,0,0.9990476190476192,1
2025-06-21 00:00:00,0.27,0.04,6.0,comfort,0.27,0.0,0.1128220630334155,0.0355948874666776,0,0.9982608695652174,1
2025-06-21 00:00:00,0.27,0.04,6.0,comfort,0.27,0.0,0.112777699135205,0.035590164259363,0,0.9982608695652174,1
2025-06-22 00:00:00,0.3,0.04,6.0,comfort,0.3,0.0,0.1274928728498288,0.0397771806387322,0,0.9981818181818182,1
2025-06-22 00:00:00,0.3,0.04,6.0,comfort,0.3,0.0,0.1274878338050143,0.0397766441562705,0,0.9981818181818182,1
2025-06-22 00:00:00,0.31,0.04,6.0,comfort,0.31,0.0,0.1323912120282841,0.0411721374552396,0,0.9981818181818182,1
2025-06-22 00:00:00,0.3,0.05,6.0,comfort,0.3,0.0,0.1275168083126973,0.0397797289304257,0,0.9977272727272728,1
2025-06-22 00:00:00,0.29,0.05,6.0,comfort,0.29,0.0,0.1225910889397305,0.0383818570784907,0,0.9976190476190476,1
2025-06-22 00:00:00,0.31,0.05,6.0,comfort,0.31,0.0,0.1323912120282841,0.0411721374552396,0,0.9976190476190476,1
2025-06-22 00:00:00,0.3,0.05,6.0,comfort,0.3,0.0,0.1225998170423438,0.0392562409126658,0,0.9973684210526316,1
2025-06-22 00:00:00,0.32,0.05,6.0,comfort,0.32,0.0,0.1323912120282841,0.0420455920510077,0,0.9973684210526316,1
2025-06-22 00:00:00,0.32,0.05,6.0,comfort,0.32,0.0,0.1323912120282841,0.0420455920510077,0,0.9975,1
2025-06-22 00:00:00,0.28,0.05,6.0,comfort,0.28,0.0,0.112777699135205,0.036463618855131,0,0.9975,1
2025-06-22 00:00:00,0.3,0.05,6.0,comfort,0.3,0.0,0.1225925203485591,0.0392554640693575,0,0.9973684210526316,1
2025-06-22 00:00:00,0.29,0.05,6.0,comfort,0.29,0.0,0.1176810773584748,0.0378591121541001,0,0.9976190476190476,1
2025-06-23 00:00:00,0.33,0.05,6.0,comfort,0.33,0.0,0.1373763132219417,0.0434497859950302,0,0.9964285714285712,1
2025-06-23 00:00:00,0.33,0.04,6.0,comfort,0.33,0.0,0.1372945902515539,0.0434410853499768,0,0.9971428571428572,1
2025-06-23 00:00:00,0.37,0.04,6.0,comfort,0.37,0.0,0.156908103144633,0.0490230585458535,0,0.9975,1
2025-06-23 00:00:00,0.31,0.04,6.0,comfort,0.31,0.0,0.1275246091416889,0.0406540140423125,0,0.996923076923077,1
2025-06-23 00:00:00,0.31,0.04,6.0,comfort,0.31,0.0,0.1323912120282841,0.0411721374552396,0,0.996923076923077,1
2025-06-23 00:00:00,0.34,0.05,6.0,comfort,0.34,0.0,0.1471377179101892,0.0453624896172533,0,0.9964285714285712,1
2025-06-23 00:00:00,0.31,0.04,6.0,comfort,0.31,0.0,0.1323912120282841,0.0411721374552396,0,0.996923076923077,1
2025-06-23 00:00:00,0.3,0.04,6.0,comfort,0.3,0.0,0.1275234947375472,0.0397804408013847,0,0.9963636363636365,1
2025-06-23 00:00:00,0.3,0.04,6.0,comfort,0.3,0.0,0.1225844555817445,0.0392546054530693,0,0.9966666666666668,1
2025-06-23 00:00:00,0.31,0.04,6.0,comfort,0.31,0.0,0.1324112713028338,0.0411742730681164,0,0.9963636363636365,1
2025-06-23 00:00:00,0.33,0.03,6.0,comfort,0.33,0.0,0.1421979684748237,0.043963124053178,0,0.9972727272727272,1
2025-06-23 00:00:00,0.32,0.04,6.0,comfort,0.32,0.0,0.1372945902515539,0.0425676307542088,0,0.9973333333333334,1
2025-06-24 00:00:00,0.33,0.04,6.0,comfort,0.33,0.0,0.1422669129443872,0.0439704642337321,0,0.9963636363636365,1
2025-06-24 00:00:00,0.35,0.04,6.0,comfort,0.35,0.0,0.156908103144633,0.0472761493543174,0,0.9986666666666668,1
2025-06-24 00:00:00,0.33,0.04,6.0,comfort,0.33,0.0,0.1423617115900371,0.043980556981994,0,0.9963636363636365,1
2025-06-24 00:00:00,0.32,0.04,6.0,comfort,0.32,0.0,0.1372945902515539,0.0425676307542088,0,0.996923076923077,1
2025-06-24 00:00:00,0.33,0.04,6.0,comfort,0.33,0.0,0.1421979684748237,0.043963124053178,0,0.997777777777778,1
2025-06-24 00:00:00,0.33,0.04,6.0,comfort,0.33,0.0,0.1421979684748237,0.043963124053178,0,0.998095238095238,1
2025-06-24 00:00:00,0.32,0.04,6.0,comfort,0.32,0.0,0.1372945902515539,0.0425676307542088,0,0.9981818181818182,1
2025-06-24 00:00:00,0.32,0.04,6.0,comfort,0.32,0.0,0.1372945902515539,0.0425676307542088,0,0.9983333333333334,1
2025-06-24 00:00:00,0.32,0.04,6.0,comfort,0.32,0.0,0.1372945902515539,0.0425676307542088,0,0.9984615384615384,1
2025-06-24 00:00:00,0.32,0.04,6.0,comfort,0.32,0.0,0.1374386055560136,0.0425829633594776,0,0.9963636363636365,1
2025-06-24 00:00:00,0.33,0.04,6.0,comfort,0.33,0.0,0.1422238226509101,0.0439658766208858,0,0.996,1
2025-06-24 00:00:00,0.33,0.04,6.0,comfort,0.33,0.0,0.1421979684748237,0.043963124053178,0,0.996,1
2025-06-25 00:00:00,0.35,0.05,6.0,comfort,0.35,0.0,0.1520047249213633,0.0467541106511163,0,0.9984375,1
2025-06-25 00:00:00,0.38,0.05,6.0,comfort,0.38,0.0,0.1667513284667082,0.0509444732108789,0,0.998,2
2025-06-25 00:00:00,0.38,0.08,6.0,comfort,0.38,0.0,0.1668148885069273,0.0509512401375691,0,0.9968,2
2025-06-25 00:00:00,0.37,0.05,6.0,comfort,0.37,0.0,0.156908103144633,0.0490230585458535,0,0.998,1
2025-06-25 00:00:00,0.37,0.06,6.0,comfort,0.37,0.0,0.1569473301704192,0.0490272348554791,0,0.9975,1
2025-06-25 00:00:00,0.35,0.05,6.0,comfort,0.35,0.0,0.1323912120282841,0.0446659558383117,0,0.998,1
2025-06-25 00:00:00,0.35,0.05,6.0,comfort,0.35,0.0,0.1471013466980935,0.0462320719479152,0,0.9983870967741936,1
2025-06-25 00:00:00,0.35,0.04,6.0,comfort,0.35,0.0,0.1421979684748237,0.045710033244714,0,0.9986666666666668,1
2025-06-25 00:00:00,0.35,0.05,6.0,comfort,0.35,0.0,0.1471783997844591,0.0462402754132512,0,0.9976190476190476,1
2025-06-25 00:00:00,0.35,0.05,6.0,comfort,0.35,0.0,0.1471013466980935,0.0462320719479152,0,0.9978260869565218,1
2025-06-25 00:00:00,0.36,0.05,6.0,comfort,0.36,0.0,0.156908103144633,0.0481496039500855,0,0.998,1
2025-06-25 00:00:00,0.35,0.04,6.0,comfort,0.35,0.0,0.1471013466980935,0.0462320719479152,0,0.9986206896551724,1
2025-06-26 00:00:00,0.38,0.05,6.0,comfort,0.38,0.0,0.1618925199587357,0.0504271796273312,0,0.9976190476190476,2
2025-06-26 00:00:00,0.36,0.06,6.0,comfort,0.36,0.0,0.152040916522535,0.0476314183896937,0,0.9971428571428572,1
2025-06-26 00:00:00,0.38,0.05,6.0,comfort,0.38,0.0,0.1667148595911726,0.0509405905480238,0,0.9980769230769232,2
2025-06-26 00:00:00,0.36,0.06,6.0,comfort,0.36,0.0,0.1520757161390463,0.0476351233347027,0,0.9971428571428572,1
2025-06-26 00:00:00,0.38,0.05,6.0,comfort,0.38,0.0,0.156908103144633,0.0498965131416215,0,0.998,1
2025-06-26 00:00:00,0.39,0.05,6.0,comfort,0.39,0.0,0.1667466148025233,0.0518174259658697,0,0.9976190476190476,2
2025-06-26 00:00:00,0.36,0.06,6.0,comfort,0.36,0.0,0.1471180973690425,0.0471073099057128,0,0.9973913043478262,1
2025-06-26 00:00:00,0.36,0.06,6.0,comfort,0.36,0.0,0.1520137370592044,0.0476285247251333,0,0.9972727272727272,1
2025-06-26 00:00:00,0.36,0.06,6.0,comfort,0.36,0.0,0.1520047249213633,0.0476275652468843,0,0.9972727272727272,1
2025-06-26 00:00:00,0.41,0.06,6.0,comfort,0.41,0.0,0.1716182378144424,0.054082993038529,0,0.9972727272727272,2
2025-06-26 00:00:00,0.41,0.06,6.0,comfort,0.41,0.0,0.1716551891096656,0.0540869270622493,0,0.996842105263158,2
2025-06-26 00:00:00,0.36,0.06,6.0,comfort,0.36,0.0,0.1471013466980935,0.0471055265436832,0,0.9972727272727272,1
2025-06-27 00:00:00,0.4,0.04,6.0,comfort,0.4,0.0,0.1667148595911726,0.0526874997395599,0,0.9973333333333334,2
2025-06-27 00:00:00,0.4,0.04,6.0,comfort,0.4,0.0,0.1667148595911726,0.0526874997395599,0,0.9973333333333334,2
2025-06-27 00:00:00,0.38,0.04,6.0,comfort,0.38,0.0,0.156908103144633,0.0498965131416215,0,0.9973333333333334,1
2025-06-27 00:00:00,0.39,0.04,6.0,comfort,0.39,0.0,0.1716182378144424,0.052336083846993,0,0.9975,2
2025-06-27 00:00:00,0.45,0.04,6.0,comfort,0.45,0.0,0.2010385071540611,0.060709043640808,0,0.9978947368421052,2
2025-06-27 00:00:00,0.44,0.04,6.0,comfort,0.44,0.0,0.1961465988213721,0.0593147714850042,0,0.997777777777778,2
2025-06-27 00:00:00,0.41,0.04,6.0,comfort,0.41,0.0,0.181424994260982,0.0551270704449313,0,0.998,2
2025-06-27 00:00:00,0.41,0.06,6.0,comfort,0.41,0.0,0.1815300297839751,0.0551382530634683,0,0.996842105263158,2
2025-06-27 00:00:00,0.41,0.06,6.0,comfort,0.41,0.0,0.1814409087341627,0.0551287647810733,0,0.9966666666666668,2
2025-06-27 00:00:00,0.4,0.04,6.0,comfort,0.4,0.0,0.1765216160377122,0.0537315771459622,0,0.9975,2
2025-06-27 00:00:00,0.38,0.04,6.0,comfort,0.38,0.0,0.1569211788198951,0.0498979052448301,0,0.9973333333333334,1
2025-06-27 00:00:00,0.43,0.04,6.0,comfort,0.43,0.0,0.181424994260982,0.0568739796364674,0,0.997777777777778,2
2025-06-28 00:00:00,0.4,0.04,6.0,comfort,0.4,0.0,0.1765461329288285,0.0537341873394782,0,0.9975,2
2025-06-28 00:00:00,0.41,0.06,6.0,comfort,0.41,0.0,0.1815610630066777,0.0551415570189451,0,0.996,2
2025-06-28 00:00:00,0.4,0.06,6.0,comfort,0.4,0.0,0.1765216160377122,0.0537315771459622,0,0.9971428571428572,2
2025-06-28 00:00:00,0.4,0.06,6.0,comfort,0.4,0.0,0.1766477029063106,0.0537450009983302,0,0.9957142857142856,2
2025-06-28 00:00:00,0.4,0.04,6.0,comfort,0.4,0.0,0.1667148595911726,0.0526874997395599,0,0.9973333333333334,2
2025-06-28 00:00:00,0.39,0.04,6.0,comfort,0.39,0.0,0.161826891985176,0.0512936471336579,0,0.9971428571428572,2
2025-06-28 00:00:00,0.39,0.04,6.0,comfort,0.39,0.0,0.1618114813679028,0.0512920064405907,0,0.9975,2
2025-06-28 00:00:00,0.39,0.04,6.0,comfort,0.39,0.0,0.1716182378144424,0.052336083846993,0,0.9975,2
2025-06-28 00:00:00,0.4,0.04,6.0,comfort,0.4,0.0,0.1765216160377122,0.0537315771459622,0,0.9975,2
2025-06-28 00:00:00,0.43,0.04,6.0,comfort,0.43,0.0,0.1912317507075215,0.0579180570428697,0,0.9975,2
2025-06-28 00:00:00,0.43,0.04,6.0,comfort,0.43,0.0,0.1912317507075215,0.0579180570428697,0,0.998,2
2025-06-28 00:00:00,0.41,0.06,6.0,comfort,0.41,0.0,0.1816064192552429,0.0551463858769498,0,0.996,2
2025-06-29 00:00:00,0.41,0.06,6.0,comfort,0.41,0.0,0.181424994260982,0.0551270704449313,0,0.9988461538461538,2
2025-06-29 00:00:00,0.43,0.04,6.0,comfort,0.43,0.0,0.1913126564482055,0.0579266706814725,0,0.998,2
2025-06-29 00:00:00,0.43,0.04,6.0,comfort,0.43,0.0,0.181424994260982,0.0568739796364674,0,0.998,2
2025-06-29 00:00:00,0.43,0.04,6.0,comfort,0.43,0.0,0.1814345429448904,0.0568749962381526,0,0.9978947368421052,2
2025-06-29 00:00:00,0.43,0.04,6.0,comfort,0.43,0.0,0.1912429338508377,0.0579192476574559,0,0.997777777777778,2
2025-06-29 00:00:00,0.43,0.05,6.0,comfort,0.43,0.0,0.1912317507075215,0.0579180570428697,0,0.9986842105263158,2
2025-06-29 00:00:00,0.51,0.05,6.0,comfort,0.51,0.0,0.2304930127295766,0.0690856483992528,0,0.9983870967741936,2
2025-06-29 00:00:00,0.51,0.05,6.0,comfort,0.51,0.0,0.2304649716220802,0.0690826629996513,0,0.9983333333333332,2
2025-06-29 00:00:00,0.41,0.05,6.0,comfort,0.41,0.0,0.1766196836021776,0.0546154725157942,0,0.9972222222222222,2
2025-06-29 00:00:00,0.41,0.05,6.0,comfort,0.41,0.0,0.1765216160377122,0.0546050317417302,0,0.9975,2
2025-06-29 00:00:00,0.46,0.06,6.0,comfort,0.46,0.0,0.2010385071540611,0.061582498236576,0,0.9976,2
2025-06-29 00:00:00,0.44,0.06,6.0,comfort,0.44,0.0,0.191275460821969,0.0587961652407919,0,0.9971428571428572,2
2025-06-30 00:00:00,0.46,0.05,6.0,comfort,0.46,0.0,0.2010385071540611,0.061582498236576,0,0.9997222222222222,2
2025-06-30 00:00:00,0.46,0.04,6.0,comfort,0.46,0.0,0.1961351289307913,0.0610604595333749,0,0.999777777777778,2
2025-06-30 00:00:00,0.43,0.04,6.0,comfort,0.43,0.0,0.181424994260982,0.0568739796364674,0,0.999777777777778,2
2025-06-30 00:00:00,0.41,0.04,6.0,comfort,0.41,0.0,0.1765216160377122,0.0546050317417302,0,0.9997802197802198,2
2025-06-30 00:00:00,0.41,0.04,6.0,comfort,0.41,0.0,0.1815628183130006,0.0551417438978264,0,0.9982608695652174,2
2025-06-30 00:00:00,0.41,0.04,6.0,comfort,0.41,0.0,0.181424994260982,0.0551270704449313,0,0.9983333333333334,2
2025-06-30 00:00:00,0.4,0.04,6.0,comfort,0.4,0.0,0.1765216160377122,0.0537315771459622,0,0.99875,2
2025-06-30 00:00:00,0.4,0.04,6.0,comfort,0.4,0.0,0.1765216160377122,0.0537315771459622,0,0.999,2
2025-06-30 00:00:00,0.4,0.04,6.0,comfort,0.4,0.0,0.1765216160377122,0.0537315771459622,0,0.9991304347826088,2
2025-06-30 00:00:00,0.42,0.04,6.0,comfort,0.42,0.0,0.1863283724842517,0.0565225637439005,0,0.9993103448275862,2
2025-06-30 00:00:00,0.44,0.05,6.0,comfort,0.44,0.0,0.1961453275280811,0.0593146361366238,0,0.9992063492063492,2
2025-06-30 00:00:00,0.41,0.04,6.0,comfort,0.41,0.0,0.1814925579035334,0.0551342636155853,0,0.9984615384615384,2
2025-07-01 00:00:00,0.45,0.11,7.0,comfort,0.45,0.0,0.201062202759743,0.0607115663960797,0,0.998225806451613,2
2025-07-01 00:00:00,0.61,0.23,7.0,stress,0.0,0.0,0.2749094818225311,0.0292682682945537,0,0.9958928571428572,2
2025-07-01 00:00:00,0.12,0.03,7.0,comfort,0.12,0.0,0.0392270257861582,0.0146577647748254,0,0.998235294117647,1
2025-07-01 00:00:00,0.5,0.08,7.0,comfort,0.5,0.0,0.191381736394351,0.064048207455932,0,0.9966666666666668,2
2025-07-01 00:00:00,0.13,0.03,7.0,comfort,0.13,0.0,0.0,0.0113549097449843,0,0.9985,1
2025-07-01 00:00:00,0.14,0.03,7.0,comfort,0.14,0.0,0.0539371604559676,0.0179707900759649,0,0.9986363636363637,1
2025-07-01 00:00:00,0.15,0.03,7.0,comfort,0.15,0.0,0.0343236475628884,0.0167560898589283,0,0.9988,1
2025-07-01 00:00:00,0.15,0.03,7.0,comfort,0.15,0.0,0.0588542681382625,0.019367745083303,0,0.9983333333333332,1
2025-07-01 00:00:00,0.15,0.03,7.0,comfort,0.15,0.0,0.0588405386792374,0.0193662833749341,0,0.9983333333333332,1
2025-07-01 00:00:00,0.14,0.03,7.0,comfort,0.14,0.0,0.0539371604559676,0.0179707900759649,0,0.9988888888888888,1
2025-07-01 00:00:00,0.15,0.03,7.0,comfort,0.15,0.0,0.0588519798950916,0.0193675014652415,0,0.9985,1
2025-07-01 00:00:00,0.15,0.03,7.0,comfort,0.15,0.0,0.0588405386792374,0.0193662833749341,0,0.9988461538461538,1
2025-07-01 00:00:00,0.12,0.03,7.0,comfort,0.12,0.0,0.0441417194976355,0.0151810081827262,0,0.9983333333333332,1
2025-07-01 00:00:00,0.14,0.03,7.0,comfort,0.14,0.0,0.0539371604559676,0.0179707900759649,0,0.9989655172413792,1
2025-07-01 00:00:00,0.59,0.27,7.0,stress,0.0,0.0,0.2751336245678984,0.0292921316766539,0,0.995,2
2025-07-01 00:00:00,0.5,0.08,7.0,comfort,0.5,0.0,0.2304587764936798,0.068208548838855,0,0.9963636363636365,2
2025-07-01 00:00:00,0.67,0.39,7.0,stress,0.0,0.0,0.3150999998604495,0.033547156228984,0,0.9881818181818182,2
2025-07-01 00:00:00,0.67,0.37,7.0,stress,0.0,0.0,0.1961351289307913,0.0208815481280457,0,0.9884375,2
2025-07-01 00:00:00,0.67,0.32,7.0,stress,0.0,0.0,0.2892993151729173,0.0308002834888674,0,0.9889655172413792,2
2025-07-01 00:00:00,0.64,0.39,7.0,stress,0.0,0.0,0.1225844555817445,0.0130509675800285,0,0.9894594594594596,2
2025-07-01 00:00:00,0.65,0.25,7.0,stress,0.0,0.0,0.1372945902515539,0.014617083689632,0,0.9907407407407408,2
2025-07-01 00:00:00,0.5,0.08,7.0,comfort,0.5,0.0,0.0882608080188561,0.0530694264460218,0,0.996923076923077,2
2025-07-01 00:00:00,0.13,0.06,7.0,comfort,0.13,0.0,0.0,0.0113549097449843,0,0.9980645161290324,1
2025-07-01 00:00:00,0.56,0.46,7.0,stress,0.0,0.0,0.1525431350792125,0.0162405216960575,0,0.9909803921568628,2
2025-07-02 00:00:00,0.45,0.06,7.0,comfort,0.45,0.0,0.181424994260982,0.0586208888280034,0,0.9983333333333332,2
2025-07-02 00:00:00,0.48,0.05,7.0,comfort,0.48,0.0,0.2060154360506799,0.0638592767118612,0,0.9976190476190476,2
2025-07-02 00:00:00,0.45,0.05,7.0,comfort,0.45,0.0,0.0,0.0393054568095611,0,0.9976190476190476,1
2025-07-02 00:00:00,0.45,0.05,7.0,comfort,0.45,0.0,0.1912431335498255,0.0596661781099667,0,0.9975,2
2025-07-02 00:00:00,0.44,0.06,7.0,comfort,0.44,0.0,0.1912795586451984,0.0587966015159939,0,0.997,2
2025-07-02 00:00:00,0.44,0.06,7.0,comfort,0.44,0.0,0.1912317507075215,0.0587915116386377,0,0.9971428571428572,2
2025-07-02 00:00:00,0.44,0.06,7.0,comfort,0.44,0.0,0.1912317507075215,0.0587915116386377,0,0.9973913043478262,2
2025-07-02 00:00:00,0.48,0.07,7.0,comfort,0.48,0.0,0.206052632157797,0.0638632367995068,0,0.9963157894736842,2
2025-07-02 00:00:00,0.58,0.08,7.0,comfort,0.58,0.0,0.2549916435290519,0.0778080799989853,0,0.9961904761904764,2
2025-07-02 00:00:00,0.44,0.06,7.0,comfort,0.44,0.0,0.1863283724842517,0.0582694729354365,0,0.9976,2
2025-07-02 00:00:00,0.48,0.08,7.0,comfort,0.48,0.0,0.2011627855039381,0.063342638736335,0,0.9963636363636365,2
2025-07-02 00:00:00,0.66,0.14,7.0,comfort,0.66,0.0,0.2848268398844196,0.0879721242348191,0,0.9933333333333332,2
2025-07-02 00:00:00,5.0,0.1,7.0,comfort,1.0,0.2288945872960295,1.0,0.3783429667386687,1,0.9958333333333332,2
2025-07-02 00:00:00,5.0,0.09,7.0,comfort,1.0,0.4053964424986395,1.0,0.5206368968066953,1,0.9965384615384616,3
2025-07-02 00:00:00,5.0,0.08,7.0,comfort,1.0,0.5414979783976643,1.0,0.6303605164770708,1,0.997037037037037,3
2025-07-02 00:00:00,5.0,0.07,7.0,comfort,1.0,0.6464466094067263,1.0,0.7149689935063693,1,0.9974074074074074,3
2025-07-02 00:00:00,5.0,0.06,7.0,comfort,1.0,0.7273730668336855,1.0,0.7802110481043008,1,0.9976,3
2025-07-02 00:00:00,5.0,0.1,7.0,comfort,1.0,0.7897758961865713,1.0,0.8305195495406937,1,0.9956521739130434,3
2025-07-02 00:00:00,5.0,0.05,7.0,comfort,1.0,0.8378950556686238,1.0,0.8693127073033219,1,0.9983333333333332,3
2025-07-02 00:00:00,5.0,0.05,7.0,comfort,1.0,0.875,1.0,0.8992263212299634,1,0.998,3
2025-07-02 00:00:00,5.0,0.14,7.0,comfort,1.0,0.9036118234120036,1.0,0.9222928708423336,1,0.9941666666666666,3
2025-07-02 00:00:00,5.0,0.05,7.0,comfort,1.0,0.92567455531233,1.0,0.9400796121008368,1,0.998,3
2025-07-02 00:00:00,5.0,0.05,7.0,comfort,1.0,0.942687247299708,1.0,0.9537950645596338,1,0.998148148148148,3
2025-07-02 00:00:00,5.0,0.06,7.0,comfort,1.0,0.9558058261758408,1.0,0.9643711241882962,1,0.9975,3
2025-07-03 00:00:00,0.19,0.18,7.0,stress,0.0,0.0,0.068760784605622,0.0073206245148013,0,0.9941935483870968,2
2025-07-03 00:00:00,0.18,0.03,7.0,comfort,0.18,0.0,0.0637439169025071,0.0225086858654393,0,0.9996938775510203,1
2025-07-03 00:00:00,0.17,0.03,7.0,comfort,0.17,0.0,0.0539411632137009,0.0205915800173124,0,0.9995454545454544,1
2025-07-03 00:00:00,0.16,0.03,7.0,comfort,0.16,0.0,0.0,0.0139752735322884,0,0.9993333333333332,1
2025-07-03 00:00:00,0.16,0.03,7.0,comfort,0.16,0.0,0.0637459898754145,0.0207619973731924,0,0.9992682926829268,1
2025-07-03 00:00:00,0.21,0.1,7.0,comfort,0.21,0.0,0.0883511019349187,0.0277488563204788,0,0.9972222222222222,1
2025-07-03 00:00:00,0.15,0.06,7.0,comfort,0.15,0.0,0.0588405386792374,0.0193662833749341,0,0.9983333333333332,1
2025-07-03 00:00:00,0.15,0.06,7.0,comfort,0.15,0.0,0.0588405386792374,0.0193662833749341,0,0.9983783783783784,1
2025-07-03 00:00:00,0.15,0.06,7.0,comfort,0.15,0.0,0.0245168911163489,0.0157120124525261,0,0.9983783783783784,1
2025-07-03 00:00:00,0.17,0.03,7.0,comfort,0.17,0.0,0.0539371604559676,0.020591153863269,0,0.9994117647058824,1
2025-07-03 00:00:00,0.17,0.16,7.0,stress,0.0,0.0,0.054117431714176,0.0057616183345949,0,0.9927272727272728,2
2025-07-03 00:00:00,0.18,0.03,7.0,comfort,0.18,0.0,0.0588405386792374,0.0219866471622381,0,0.9996052631578948,1
2025-07-03 00:00:00,0.47,0.06,7.0,comfort,0.47,0.0,0.2159757456573693,0.0640462475766221,0,0.9975,2
2025-07-03 00:00:00,0.47,0.06,7.0,comfort,0.47,0.0,0.1520427261025936,0.0572396116002824,0,0.997,2
2025-07-03 00:00:00,0.46,0.06,7.0,comfort,0.46,0.0,0.2108452636006007,0.0626265756429783,0,0.997,2
2025-07-03 00:00:00,0.46,0.06,7.0,comfort,0.46,0.0,0.1961506132830753,0.0610621080766482,0,0.996842105263158,2
2025-07-03 00:00:00,0.47,0.06,7.0,comfort,0.47,0.0,0.2010758517683931,0.0624599287308266,0,0.9964705882352942,2
2025-07-03 00:00:00,0.47,0.06,7.0,comfort,0.47,0.0,0.2010385071540611,0.0624559528323441,0,0.9966666666666668,2
2025-07-03 00:00:00,0.48,0.06,7.0,comfort,0.48,0.0,0.2059418853773309,0.0638514461313132,0,0.9971428571428572,2
2025-07-03 00:00:00,0.48,0.06,7.0,comfort,0.48,0.0,0.2059909191595636,0.0638566665183452,0,0.9966666666666668,2
2025-07-03 00:00:00,0.47,0.06,7.0,comfort,0.47,0.0,0.2010385071540611,0.0624559528323441,0,0.9966666666666668,2
2025-07-03 00:00:00,0.47,0.06,7.0,comfort,0.47,0.0,0.2010385071540611,0.0624559528323441,0,0.997,2
2025-07-03 00:00:00,0.47,0.06,7.0,comfort,0.47,0.0,0.2010385071540611,0.0624559528323441,0,0.9971428571428572,2
2025-07-03 00:00:00,0.48,0.06,7.0,comfort,0.48,0.0,0.2059728540818989,0.0638547432178597,0,0.996842105263158,2
2025-07-04 00:00:00,0.24,0.22,7.0,stress,0.0,0.0,0.0882755550210313,0.0093982666988332,0,0.9965079365079366,2
2025-07-04 00:00:00,1.3,0.37,7.0,stress,0.06,0.1591035847462855,0.6080188996854532,0.1982411550946177,1,0.9981773399014778,3
2025-07-04 00:00:00,0.62,0.23,7.0,stress,0.0,0.0,0.2745891805031079,0.029234167379264,0,0.9983687943262411,2
2025-07-04 00:00:00,0.29,0.28,7.0,stress,0.0,0.0,0.0343405625439735,0.0036560717777343,0,0.9973831775700934,2
2025-07-04 00:00:00,0.23,0.3,7.0,stress,0.0,0.0,0.0,0.0,0,0.996629213483146,2
2025-07-04 00:00:00,0.22,0.26,7.0,stress,0.0,0.0,0.0,0.0,0,0.9961764705882352,2
2025-07-04 00:00:00,0.21,0.28,7.0,stress,0.0,0.0,0.0,0.0,0,0.9955555555555556,2
2025-07-04 00:00:00,0.21,0.25,7.0,stress,0.0,0.0,0.0,0.0,0,0.995967741935484,2
2025-07-04 00:00:00,0.21,0.24,7.0,stress,0.0,0.0,0.0,0.0,0,0.996,2
2025-07-04 00:00:00,0.22,0.26,7.0,stress,0.0,0.0,0.0,0.0,0,0.9958064516129032,2
2025-07-04 00:00:00,0.28,0.28,7.0,stress,0.0,0.0,0.0147101346698093,0.0015661161096034,0,0.9958823529411764,2
2025-07-04 00:00:00,0.19,0.29,7.0,stress,0.0,0.0,0.0,0.0,0,0.99868778280543,2
2025-07-04 00:00:00,0.6,0.07,7.0,comfort,0.6,0.0,0.1667148595911726,0.0701565916549204,0,0.999375,2
2025-07-04 00:00:00,0.47,0.07,7.0,comfort,0.47,0.0,0.0932558408234983,0.0509808593770308,0,0.9974074074074074,2
2025-07-04 00:00:00,0.58,0.07,7.0,comfort,0.58,0.0,0.1421979684748237,0.0657994889473786,0,0.9992708333333334,2
2025-07-04 00:00:00,0.51,0.06,7.0,comfort,0.51,0.0,0.215762447168511,0.067517357112559,0,0.9991428571428572,2
2025-07-04 00:00:00,0.51,0.06,7.0,comfort,0.51,0.0,0.215752781989705,0.0675163281082317,0,0.9991044776119402,2
2025-07-04 00:00:00,0.5,0.06,7.0,comfort,0.5,0.0,0.2108580647296834,0.0661217568996697,0,0.9989830508474576,2
2025-07-04 00:00:00,0.5,0.06,7.0,comfort,0.5,0.0,0.2157587994812068,0.0666435141653599,0,0.9988888888888888,2
2025-07-04 00:00:00,0.5,0.06,7.0,comfort,0.5,0.0,0.215758230652396,0.0666434536049378,0,0.9988,2
2025-07-04 00:00:00,0.47,0.06,7.0,comfort,0.47,0.0,0.2010435331167399,0.0624564879220148,0,0.99875,2
2025-07-04 00:00:00,0.46,0.06,7.0,comfort,0.46,0.0,0.1961433012278301,0.0610613295978802,0,0.9986666666666666,2
2025-07-04 00:00:00,0.47,0.07,7.0,comfort,0.47,0.0,0.201084900655712,0.0624608921216128,0,0.9982051282051282,2
2025-07-04 00:00:00,0.47,0.07,7.0,comfort,0.47,0.0,0.2010385071540611,0.0624559528323441,0,0.9982051282051282,2
2025-07-05 00:00:00,0.47,0.07,7.0,comfort,0.47,0.0,0.2010385071540611,0.0624559528323441,0,0.9984090909090908,2
2025-07-05 00:00:00,0.51,0.08,7.0,comfort,0.51,0.0,0.2157646311006854,0.0675175896251387,0,0.9982608695652174,2
2025-07-05 00:00:00,0.47,0.06,7.0,comfort,0.47,0.0,0.1961351289307913,0.0619339141291429,0,0.9985,2
2025-07-05 00:00:00,0.52,0.09,7.0,comfort,0.52,0.0,0.220707183052152,0.0689172535593998,0,0.998,2
2025-07-05 00:00:00,0.54,0.07,7.0,comfort,0.54,0.0,0.22555539827041,0.071180328518726,0,0.9985714285714286,2
2025-07-05 00:00:00,0.52,0.06,7.0,comfort,0.52,0.0,0.22555539827041,0.0694334193271899,0,0.998867924528302,2
2025-07-05 00:00:00,0.51,0.06,7.0,comfort,0.51,0.0,0.2059464567843315,0.0664722966139677,0,0.9988235294117648,2
2025-07-05 00:00:00,0.51,0.06,7.0,comfort,0.51,0.0,0.2157565737592316,0.0675167317993924,0,0.99875,2
2025-07-05 00:00:00,0.5,0.07,7.0,comfort,0.5,0.0,0.2158025789843264,0.0666481751549868,0,0.99825,2
2025-07-05 00:00:00,0.49,0.07,7.0,comfort,0.49,0.0,0.210860222217275,0.065248532001056,0,0.998108108108108,2
2025-07-05 00:00:00,0.49,0.07,7.0,comfort,0.49,0.0,0.2108918015191432,0.0652518940949114,0,0.9976666666666668,2
2025-07-05 00:00:00,0.47,0.06,7.0,comfort,0.47,0.0,0.1961351289307913,0.0619339141291429,0,0.9985,2
2025-07-06 00:00:00,0.49,0.07,7.0,comfort,0.49,0.0,0.2060543906665648,0.0647368786151047,0,0.9974074074074074,2
2025-07-06 00:00:00,0.49,0.07,7.0,comfort,0.49,0.0,0.2059418853773309,0.0647249007270812,0,0.9975862068965518,2
2025-07-06 00:00:00,0.52,0.07,7.0,comfort,0.52,0.0,0.2255651204858527,0.069434454403929,0,0.9975,2
2025-07-06 00:00:00,0.64,0.12,7.0,comfort,0.64,0.0,0.2797642876029172,0.0856862298564212,0,0.9955555555555556,2
2025-07-06 00:00:00,0.49,0.07,7.0,comfort,0.49,0.0,0.2059418853773309,0.0647249007270812,0,0.9975,2
2025-07-06 00:00:00,0.63,0.09,7.0,comfort,0.63,0.0,0.2747035926616509,0.0842739878157243,0,0.9966666666666668,2
2025-07-06 00:00:00,0.54,0.05,7.0,comfort,0.54,0.0,0.2059418853773309,0.0690921737059214,0,0.9982142857142856,2
2025-07-06 00:00:00,0.53,0.04,7.0,comfort,0.53,0.0,0.22555539827041,0.0703068739229579,0,0.9984615384615384,2
2025-07-06 00:00:00,0.52,0.04,7.0,comfort,0.52,0.0,0.2108452636006007,0.0678673032175865,0,0.9984615384615384,2
2025-07-06 00:00:00,0.5,0.04,7.0,comfort,0.5,0.0,0.2206661644073997,0.0671659773133273,0,0.9983333333333334,2
2025-07-06 00:00:00,0.49,0.04,7.0,comfort,0.49,0.0,0.2206520200471402,0.0662910168366847,0,0.9983333333333334,2
2025-07-06 00:00:00,0.49,0.04,7.0,comfort,0.49,0.0,0.220668736109265,0.066292796514082,0,0.9981818181818182,2
2025-07-07 00:00:00,0.5,0.04,7.0,comfort,0.5,0.0,0.22555539827041,0.0676865101356539,0,0.9981818181818182,2
2025-07-07 00:00:00,0.49,0.04,7.0,comfort,0.49,0.0,0.220683692585903,0.0662943888570164,0,0.9978947368421052,2
2025-07-07 00:00:00,0.53,0.04,7.0,comfort,0.53,0.0,0.2402795835561808,0.0718744859329389,0,0.997777777777778,2
2025-07-07 00:00:00,0.51,0.04,7.0,comfort,0.51,0.0,0.2304587764936798,0.069082003434623,0,0.9997333333333334,2
2025-07-07 00:00:00,0.51,0.04,7.0,comfort,0.51,0.0,0.2306124156780089,0.0690983606473233,0,0.9984,2
2025-07-07 00:00:00,0.51,0.04,7.0,comfort,0.51,0.0,0.2305048682489785,0.0690869105984331,0,0.998,2
2025-07-07 00:00:00,0.51,0.04,7.0,comfort,0.51,0.0,0.2304709059029689,0.0690832947935204,0,0.9978947368421052,2
2025-07-07 00:00:00,0.49,0.04,7.0,comfort,0.49,0.0,0.2206520200471402,0.0662910168366847,0,0.998,2
2025-07-07 00:00:00,0.5,0.04,7.0,comfort,0.5,0.0,0.2255672696071611,0.06768777401883,0,0.9978947368421052,2
2025-07-07 00:00:00,0.49,0.04,7.0,comfort,0.49,0.0,0.2206793453747002,0.0662939260306963,0,0.9976470588235294,2
2025-07-07 00:00:00,0.49,0.04,7.0,comfort,0.49,0.0,0.2206520200471402,0.0662910168366847,0,0.9976470588235294,2
2025-07-07 00:00:00,0.51,0.04,7.0,comfort,0.51,0.0,0.2304587764936798,0.069082003434623,0,0.9978947368421052,2
2025-07-08 00:00:00,0.5,0.04,7.0,comfort,0.5,0.0,0.2255833308274714,0.0676894839784213,0,0.9976470588235294,2
2025-07-08 00:00:00,0.49,0.04,7.0,comfort,0.49,0.0,0.220707646606816,0.0662969391244941,0,0.9971428571428572,2
2025-07-08 00:00:00,0.49,0.04,7.0,comfort,0.49,0.0,0.2206520200471402,0.0662910168366847,0,0.9971428571428572,2
2025-07-08 00:00:00,0.53,0.04,7.0,comfort,0.53,0.0,0.2402655329402194,0.0718729900325614,0,0.998,2
2025-07-08 00:00:00,0.53,0.04,7.0,comfort,0.53,0.0,0.2402655329402194,0.0718729900325614,0,0.998,2
2025-07-08 00:00:00,0.53,0.04,7.0,comfort,0.53,0.0,0.2402781784945847,0.0718743363429012,0,0.9978947368421052,2
2025-07-08 00:00:00,0.49,0.04,7.0,comfort,0.49,0.0,0.2206793453747002,0.0662939260306963,0,0.9976470588235294,2
2025-07-08 00:00:00,0.66,0.04,7.0,comfort,0.66,0.0,0.3040094498427266,0.0900144029191606,0,0.9976470588235294,2
2025-07-08 00:00:00,0.52,0.04,7.0,comfort,0.52,0.0,0.2353621547169496,0.0704774967335922,0,0.9978947368421052,2
2025-07-08 00:00:00,0.53,0.04,7.0,comfort,0.53,0.0,0.2402952871857847,0.0718761578215963,0,0.9976470588235294,2
2025-07-08 00:00:00,0.49,0.04,7.0,comfort,0.49,0.0,0.2206520200471402,0.0662910168366847,0,0.9978947368421052,2
2025-07-08 00:00:00,0.52,0.04,7.0,comfort,0.52,0.0,0.2353621547169496,0.0704774967335922,0,0.998,2
2025-07-09 00:00:00,2.7,3.0,7.0,stress,0.34,0.1591035847462855,1.0,0.2644301948420854,1,0.9142857142857144,3
2025-07-09 00:00:00,0.32,1.5,7.0,stress,0.0,0.0,0.1372945902515539,0.014617083689632,0,0.98125,2
2025-07-09 00:00:00,0.92,1.8,7.0,stress,0.0,0.0,0.4339244558682595,0.0461978150397852,0,0.97,2
2025-07-09 00:00:00,0.96,2.0,7.0,stress,0.0,0.0,0.0,0.0,0,0.9672131147540984,2
2025-07-09 00:00:00,6.0,9.8,7.0,stress,1.0,0.1591035847462855,1.0,0.3220781981627751,1,0.8280701754385965,3
2025-07-09 00:00:00,7.1,8.9,7.0,stress,1.0,0.2928932188134524,1.0,0.4299379870127385,1,0.8106382978723404,3
2025-07-09 00:00:00,6.8,8.6,7.0,stress,1.0,0.4053964424986395,1.0,0.5206368968066953,1,0.8208333333333333,3
2025-07-09 00:00:00,6.4,7.6,7.0,stress,1.0,0.5,0.0,0.4904401746569489,1,0.8146341463414634,3
2025-07-09 00:00:00,6.0,6.4,7.0,stress,1.0,0.5795517923731428,0.0,0.5545739888184829,1,0.8358974358974359,3
2025-07-09 00:00:00,5.0,2.2,7.0,stress,0.8,0.6464466094067263,0.0,0.5910347913281041,1,0.9639344262295082,4
2025-07-09 00:00:00,6.6,8.1,7.0,stress,1.0,0.7026982212493197,0.0,0.6538533381404429,1,0.8024390243902438,4
2025-07-09 00:00:00,2.4,2.4,7.0,stress,0.2799999999999999,0.75,0.0,0.6290988013017242,1,0.925,4
2025-07-09 00:00:00,0.51,0.04,7.0,comfort,0.51,0.0,0.0,0.0445461843841693,0,0.9985714285714286,1
2025-07-09 00:00:00,0.51,0.04,7.0,comfort,0.51,0.0,0.0,0.0445461843841693,0,0.9986666666666668,1
2025-07-09 00:00:00,0.49,0.04,7.0,comfort,0.49,0.0,0.0,0.0427992751926332,0,0.9973333333333334,1
2025-07-09 00:00:00,0.49,0.04,7.0,comfort,0.49,0.0,0.2206520200471402,0.0662910168366847,0,0.998,2
2025-07-09 00:00:00,0.5,0.04,7.0,comfort,0.5,0.0,0.22555539827041,0.0676865101356539,0,0.9992,2
2025-07-09 00:00:00,0.53,0.04,7.0,comfort,0.53,0.0,0.2404096922599835,0.0718883379704355,0,0.998,2
2025-07-09 00:00:00,0.52,0.04,7.0,comfort,0.52,0.0,0.2353621547169496,0.0704774967335922,0,0.9985714285714286,2
2025-07-09 00:00:00,0.53,0.04,7.0,comfort,0.53,0.0,0.2402655329402194,0.0718729900325614,0,0.9991304347826088,2
2025-07-09 00:00:00,0.53,0.03,7.0,comfort,0.53,0.0,0.2402853449406867,0.0718750993193756,0,0.9989655172413792,2
2025-07-09 00:00:00,0.54,0.03,7.0,comfort,0.54,0.0,0.2451783046083613,0.0732694834056746,0,0.9988888888888888,2
2025-07-09 00:00:00,0.54,0.08,7.0,comfort,0.54,0.0,0.2454098891530942,0.0732941390797648,0,0.996923076923077,2
2025-07-09 00:00:00,0.53,0.04,7.0,comfort,0.53,0.0,0.2451689111634891,0.0723950287357625,0,0.9978947368421052,2
2025-07-10 00:00:00,0.5,0.08,7.0,comfort,0.5,0.0,0.2308307450452135,0.0682481505117084,0,0.9946666666666668,2
2025-07-10 00:00:00,0.49,0.12,7.0,comfort,0.49,0.0,0.2013065584969331,0.0642314001396551,0,0.992,2
2025-07-10 00:00:00,0.5,0.15,7.0,stress,0.0,0.0,0.2257809536686805,0.0240377941275998,0,0.99,2
2025-07-10 00:00:00,0.5,0.14,7.0,comfort,0.5,0.0,0.2059418853773309,0.0655983553228493,0,0.99,2
2025-07-10 00:00:00,0.59,0.03,7.0,comfort,0.59,0.0,0.2304587764936798,0.0760696402007672,0,0.9992307692307691,2
2025-07-10 00:00:00,0.5,0.03,7.0,comfort,0.5,0.0,0.1716182378144424,0.0619440844004413,0,0.9994,2
2025-07-10 00:00:00,0.56,0.03,7.0,comfort,0.56,0.0,0.2059418853773309,0.0708390828974574,0,0.9995774647887324,2
2025-07-10 00:00:00,0.49,0.1,7.0,comfort,0.49,0.0,0.2260716342171556,0.0668680166568778,0,0.995,2
2025-07-10 00:00:00,0.64,0.03,7.0,comfort,0.64,0.0,0.2991060716194568,0.0877454550244234,0,0.9992105263157894,2
2025-07-10 00:00:00,0.54,0.04,7.0,comfort,0.54,0.0,0.2501402915005395,0.0737977618872734,0,0.9986666666666668,2
2025-07-10 00:00:00,0.54,0.04,7.0,comfort,0.54,0.0,0.215753601562763,0.0701367791514717,0,0.9986206896551724,2
2025-07-10 00:00:00,0.54,0.04,7.0,comfort,0.54,0.0,0.250108219313395,0.0737943473183327,0,0.9983333333333334,2
2025-07-10 00:00:00,0.51,0.04,7.0,comfort,0.51,0.0,0.2304671264493498,0.0690828924135741,0,0.9982608695652174,2
2025-07-10 00:00:00,0.51,0.04,7.0,comfort,0.51,0.0,0.2304778621066399,0.0690840353865113,0,0.998095238095238,2
2025-07-10 00:00:00,0.54,0.03,7.0,comfort,0.54,0.0,0.2451689111634891,0.0732684833315305,0,0.9996153846153846,2
2025-07-10 00:00:00,0.45,0.05,7.0,comfort,0.45,0.0,0.2013139685701135,0.0607383706708412,0,0.996875,2
2025-07-10 00:00:00,0.55,0.04,7.0,comfort,0.55,0.0,0.2500722893867589,0.0746639766304997,0,0.9987096774193548,2
2025-07-10 00:00:00,0.42,0.04,7.0,comfort,0.42,0.0,0.1913633510520944,0.0570586132922972,0,0.9973333333333334,2
2025-07-10 00:00:00,0.45,0.06,7.0,comfort,0.45,0.0,0.1962413687922955,0.0601983157761762,0,0.99625,2
2025-07-10 00:00:00,0.43,0.12,7.0,comfort,0.43,0.0,0.1916927558208343,0.0579671380030903,0,0.9914285714285714,2
2025-07-10 00:00:00,0.54,0.03,7.0,comfort,0.54,0.0,0.2451689111634891,0.0732684833315305,0,0.9996153846153846,2
2025-07-10 00:00:00,0.42,0.07,7.0,comfort,0.42,0.0,0.1768738106081721,0.0555159827712762,0,0.995625,2
2025-07-10 00:00:00,0.42,0.1,7.0,comfort,0.42,0.0,0.1472392542106229,0.0523609364568189,0,0.99375,2
2025-07-10 00:00:00,0.42,0.06,7.0,comfort,0.42,0.0,0.1912317507075215,0.0570446024471016,0,0.99625,2
2025-07-11 00:00:00,0.28,0.04,7.0,comfort,0.28,0.0,0.1029709426886654,0.0354195414487287,0,0.9991111111111112,1
2025-07-11 00:00:00,0.28,0.04,7.0,comfort,0.28,0.0,0.0882608080188561,0.0338534253391253,0,0.9991489361702128,1
2025-07-11 00:00:00,0.51,0.04,7.0,comfort,0.51,0.0,0.2207499968923046,0.0680483571438444,0,0.9982608695652174,2
2025-07-11 00:00:00,0.54,0.04,7.0,comfort,0.54,0.0,0.2451689111634891,0.0732684833315305,0,0.9983333333333334,2
2025-07-11 00:00:00,0.54,0.04,7.0,comfort,0.54,0.0,0.2451689111634891,0.0732684833315305,0,0.9984,2
2025-07-11 00:00:00,0.54,0.04,7.0,comfort,0.54,0.0,0.2451956568628888,0.0732713308153662,0,0.9981818181818182,2
2025-07-11 00:00:00,0.54,0.04,7.0,comfort,0.54,0.0,0.2451795245362668,0.0732696132854336,0,0.998095238095238,2
2025-07-11 00:00:00,0.54,0.04,7.0,comfort,0.54,0.0,0.2451689111634891,0.0732684833315305,0,0.9981818181818182,2
2025-07-11 00:00:00,0.54,0.04,7.0,comfort,0.54,0.0,0.2451689111634891,0.0732684833315305,0,0.9981818181818182,2
2025-07-11 00:00:00,0.54,0.04,7.0,comfort,0.54,0.0,0.2451689111634891,0.0732684833315305,0,0.9981818181818182,2
2025-07-11 00:00:00,0.51,0.04,7.0,comfort,0.51,0.0,0.2304797272915429,0.0690842339636276,0,0.998,2
2025-07-11 00:00:00,0.54,0.04,7.0,comfort,0.54,0.0,0.2451689111634891,0.0732684833315305,0,0.9982608695652174,2
2025-07-11 00:00:00,0.28,0.04,7.0,comfort,0.28,0.0,0.1176810773584748,0.0369856575583321,0,0.9992592592592592,1
2025-07-11 00:00:00,0.3,0.04,7.0,comfort,0.3,0.0,0.1274948662308349,0.0397773928642609,0,0.9991489361702128,1
2025-07-11 00:00:00,0.31,0.04,7.0,comfort,0.31,0.0,0.1324010709483288,0.0411731870862493,0,0.999,1
2025-07-11 00:00:00,0.31,0.04,7.0,comfort,0.31,0.0,0.1323912120282841,0.0411721374552396,0,0.9990697674418604,1
2025-07-11 00:00:00,0.31,0.04,7.0,comfort,0.31,0.0,0.1323912120282841,0.0411721374552396,0,0.9990909090909093,1
2025-07-11 00:00:00,0.32,0.04,7.0,comfort,0.32,0.0,0.1372945902515539,0.0425676307542088,0,0.9991111111111112,1
2025-07-11 00:00:00,0.32,0.04,7.0,comfort,0.32,0.0,0.1373077837256922,0.0425690353988877,0,0.9989189189189188,1
2025-07-11 00:00:00,0.31,0.04,7.0,comfort,0.31,0.0,0.1324050628961511,0.0411736120894143,0,0.9987096774193548,1
2025-07-11 00:00:00,0.31,0.04,7.0,comfort,0.31,0.0,0.1324117113127272,0.0411743199138182,0,0.9984,1
2025-07-11 00:00:00,0.3,0.04,7.0,comfort,0.3,0.0,0.1275200412577651,0.0397800731262789,0,0.9978947368421052,1
2025-07-11 00:00:00,0.54,0.04,7.0,comfort,0.54,0.0,0.2451689111634891,0.0732684833315305,0,0.9982608695652174,2
2025-07-11 00:00:00,0.51,0.04,7.0,comfort,0.51,0.0,0.2304888363340921,0.069085203758847,0,0.998,2
2025-07-12 00:00:00,0.53,0.04,7.0,comfort,0.53,0.0,0.2402655329402194,0.0718729900325614,0,0.998095238095238,2
2025-07-12 00:00:00,0.53,0.04,7.0,comfort,0.53,0.0,0.2402655329402194,0.0718729900325614,0,0.998095238095238,2
2025-07-12 00:00:00,0.24,0.03,7.0,comfort,0.24,0.0,0.0980675644653956,0.0314036843624554,0,0.9985,1
2025-07-12 00:00:00,0.24,0.03,7.0,comfort,0.24,0.0,0.098107168674122,0.0314079008289044,0,0.9976923076923078,1
2025-07-12 00:00:00,0.24,0.03,7.0,comfort,0.24,0.0,0.0980675644653956,0.0314036843624554,0,0.998,1
2025-07-12 00:00:00,0.24,0.03,7.0,comfort,0.24,0.0,0.1029709426886654,0.0319257230656566,0,0.9985,1
2025-07-12 00:00:00,0.24,0.03,7.0,comfort,0.24,0.0,0.1029709426886654,0.0319257230656566,0,0.9988888888888888,1
2025-07-12 00:00:00,0.24,0.03,7.0,comfort,0.24,0.0,0.1029709426886654,0.0319257230656566,0,0.9988888888888888,1
2025-07-12 00:00:00,0.25,0.03,7.0,comfort,0.25,0.0,0.1078743209119352,0.0333212163646258,0,0.99925,1
2025-07-12 00:00:00,0.25,0.03,7.0,comfort,0.25,0.0,0.1078743209119352,0.0333212163646258,0,0.9995384615384616,1
2025-07-12 00:00:00,0.24,0.03,7.0,comfort,0.24,0.0,0.1029986656347739,0.0319286745921708,0,0.999,1
2025-07-12 00:00:00,0.24,0.03,7.0,comfort,0.24,0.0,0.1030224281600097,0.0319312044720402,0,0.998,1
2025-07-12 00:00:00,0.24,0.03,7.0,comfort,0.24,0.0,0.102986784372156,0.0319274096522362,0,0.9976923076923078,1
2025-07-12 00:00:00,0.53,0.04,7.0,comfort,0.53,0.0,0.2451689111634891,0.0723950287357625,0,0.998,2
2025-07-12 00:00:00,0.56,0.04,7.0,comfort,0.56,0.0,0.2598927236778161,0.0765829648458947,0,0.9978947368421052,2
2025-07-12 00:00:00,0.24,0.03,7.0,comfort,0.24,0.0,0.1029709426886654,0.0319257230656566,0,0.998695652173913,1
2025-07-12 00:00:00,0.57,0.04,7.0,comfort,0.57,0.0,0.2599831163894102,0.0774660431116696,0,0.9978947368421052,2
2025-07-12 00:00:00,0.86,0.04,7.0,comfort,0.86,0.0,0.4020770143081222,0.1179242688985439,0,0.9978947368421052,2
2025-07-12 00:00:00,0.86,0.04,7.0,comfort,0.86,0.0,0.407004192554347,0.1184488414738133,0,0.997777777777778,2
2025-07-12 00:00:00,0.86,0.04,7.0,comfort,0.86,0.0,0.4020770143081222,0.1179242688985439,0,0.998,2
2025-07-12 00:00:00,0.54,0.05,7.0,comfort,0.54,0.0,0.2453323571042648,0.0732858846216372,0,0.9966666666666666,2
2025-07-12 00:00:00,0.54,0.05,7.0,comfort,0.54,0.0,0.2451689111634891,0.0732684833315305,0,0.9966666666666666,2
2025-07-12 00:00:00,0.54,0.05,7.0,comfort,0.54,0.0,0.2451689111634891,0.0732684833315305,0,0.9966666666666666,2
2025-07-12 00:00:00,0.86,0.04,7.0,comfort,0.86,0.0,0.3971736360848524,0.1174022301953428,0,0.9978947368421052,2
2025-07-13 00:00:00,0.58,0.07,7.0,comfort,0.58,0.0,0.2598790458332985,0.0783284178242061,0,0.99825,2
2025-07-13 00:00:00,0.58,0.07,7.0,comfort,0.58,0.0,0.2598790458332985,0.0783284178242061,0,0.99825,2
2025-07-13 00:00:00,0.58,0.07,7.0,comfort,0.58,0.0,0.2647824240565682,0.0788504565274072,0,0.9985416666666668,2
2025-07-13 00:00:00,0.58,0.08,7.0,comfort,0.58,0.0,0.2500722893867589,0.0772843404178038,0,0.9989189189189188,2
2025-07-13 00:00:00,0.55,0.08,7.0,comfort,0.55,0.0,0.2353621547169496,0.0730978605208963,0,0.9991011235955056,2
2025-07-13 00:00:00,0.55,0.05,7.0,comfort,0.55,0.0,0.2353621547169496,0.0730978605208963,0,0.9995412844036696,2
2025-07-13 00:00:00,0.55,0.03,7.0,comfort,0.55,0.0,0.2305139465276168,0.0725816955014414,0,0.9990625,2
2025-07-13 00:00:00,0.55,0.03,7.0,comfort,0.55,0.0,0.230483705928637,0.0725784759327366,0,0.9988461538461538,2
2025-07-13 00:00:00,0.54,0.04,7.0,comfort,0.54,0.0,0.2404272501258522,0.0727636618663292,0,0.9975,2
2025-07-13 00:00:00,0.53,0.04,7.0,comfort,0.53,0.0,0.2451893419060861,0.0723972038970258,0,0.9973333333333334,2
2025-07-13 00:00:00,0.53,0.04,7.0,comfort,0.53,0.0,0.2451689111634891,0.0723950287357625,0,0.9973333333333334,2
2025-07-13 00:00:00,0.55,0.04,7.0,comfort,0.55,0.0,0.2500722893867589,0.0746639766304997,0,0.9995604395604396,2
2025-07-14 00:00:00,0.61,0.06,7.0,comfort,0.61,0.0,0.279677742871623,0.0830566520747572,0,0.998235294117647,2
2025-07-14 00:00:00,0.55,0.05,7.0,comfort,0.55,0.0,0.250112129334823,0.0746682181949632,0,0.9979166666666668,2
2025-07-14 00:00:00,0.57,0.05,7.0,comfort,0.57,0.0,0.2598790458332985,0.077454963228438,0,0.9983870967741936,2
2025-07-14 00:00:00,0.59,0.05,7.0,comfort,0.59,0.0,0.2598790458332985,0.0792018724199741,0,0.9984848484848484,2
2025-07-14 00:00:00,0.67,0.08,7.0,comfort,0.67,0.0,0.3040831491032946,0.0908957039148313,0,0.998,2
2025-07-14 00:00:00,0.56,0.05,7.0,comfort,0.56,0.0,0.2500722893867589,0.0755374312262677,0,0.998148148148148,2
2025-07-14 00:00:00,0.58,0.07,7.0,comfort,0.58,0.0,0.2598790458332985,0.0783284178242061,0,0.99875,2
2025-07-14 00:00:00,0.57,0.05,7.0,comfort,0.57,0.0,0.2402655329402193,0.0753668084156335,0,0.9989795918367348,2
2025-07-14 00:00:00,0.57,0.05,7.0,comfort,0.57,0.0,0.2550049377759533,0.0769360407766795,0,0.99875,2
2025-07-14 00:00:00,0.55,0.05,7.0,comfort,0.55,0.0,0.2353784993110272,0.0730996006499069,0,0.9986111111111112,2
2025-07-14 00:00:00,0.55,0.06,7.0,comfort,0.55,0.0,0.2451922093787313,0.0741444183743532,0,0.9984210526315788,2
2025-07-14 00:00:00,0.92,0.09,7.0,comfort,0.92,0.0,0.4266488906754388,0.1257810439999649,0,0.9981632653061224,2
2025-07-15 00:00:00,0.6,0.06,7.0,comfort,0.6,0.0,0.2698058850118365,0.0811321890434473,0,0.9972727272727272,2
2025-07-15 00:00:00,0.55,0.05,7.0,comfort,0.55,0.0,0.2402655329402194,0.0736198992240974,0,0.9978260869565218,2
2025-07-15 00:00:00,0.55,0.05,7.0,comfort,0.55,0.0,0.22555539827041,0.072053783114494,0,0.9978260869565218,2
2025-07-15 00:00:00,0.55,0.05,7.0,comfort,0.55,0.0,0.2402774037669457,0.0736211630529737,0,0.9977272727272728,2
2025-07-15 00:00:00,0.59,0.07,7.0,comfort,0.59,0.0,0.2649228389784164,0.0797388604133123,0,0.9966666666666668,2
2025-07-15 00:00:00,0.57,0.06,7.0,comfort,0.57,0.0,0.2550970845946049,0.0769458511978876,0,0.9957142857142856,2
2025-07-15 00:00:00,0.68,0.09,7.0,comfort,0.68,0.0,0.3089825076512744,0.0922907692586275,0,0.9952631578947368,2
2025-07-15 00:00:00,0.6,0.07,7.0,comfort,0.6,0.0,0.2598790458332985,0.0800753270157421,0,0.9965,2
2025-07-15 00:00:00,0.61,0.07,7.0,comfort,0.61,0.0,0.2697690876011304,0.0820017259988271,0,0.9958823529411764,2
2025-07-15 00:00:00,0.64,0.07,7.0,comfort,0.64,0.0,0.2696858022798381,0.0846132228052165,0,0.9961111111111112,2
2025-07-15 00:00:00,0.61,0.07,7.0,comfort,0.61,0.0,0.2648127096279473,0.0814740446714075,0,0.9958823529411764,2
2025-07-15 00:00:00,0.57,0.06,7.0,comfort,0.57,0.0,0.2451895135929986,0.075891040558764,0,0.9957142857142856,2
2025-07-16 00:00:00,0.58,0.06,7.0,comfort,0.58,0.0,0.2501616009186828,0.0772938489798978,0,0.995,2
2025-07-16 00:00:00,0.6,0.08,7.0,comfort,0.6,0.0,0.2600956117048263,0.0800983837251335,0,0.9933333333333332,2
2025-07-16 00:00:00,0.62,0.09,7.0,comfort,0.62,0.0,0.2747035926616509,0.0834005332199563,0,0.9925,2
2025-07-16 00:00:00,0.65,0.09,7.0,comfort,0.65,0.0,0.2892993151729173,0.0875748322137891,0,0.9925,2
2025-07-16 00:00:00,0.74,0.1,7.0,comfort,0.74,0.0,0.3237578056369457,0.0991045505624474,0,0.9916666666666668,2
2025-07-16 00:00:00,0.68,0.11,7.0,comfort,0.68,0.0,0.2896850475931478,0.090236263045745,0,0.989,2
2025-07-16 00:00:00,0.65,0.12,7.0,comfort,0.65,0.0,0.2747264750933594,0.0860233331878753,0,0.988,2
2025-07-16 00:00:00,0.61,0.12,7.0,comfort,0.61,0.0,0.2500722893867589,0.0799047042051079,0,0.988,2
2025-07-16 00:00:00,0.61,0.12,7.0,comfort,0.61,0.0,0.2451689111634891,0.0793826655019067,0,0.988,2
2025-07-16 00:00:00,0.59,0.06,7.0,comfort,0.59,0.0,0.2304587764936798,0.0760696402007672,0,0.9957142857142856,2
2025-07-16 00:00:00,0.92,0.09,7.0,comfort,0.92,0.0,0.3929006922045746,0.12218803832859,0,0.9925,2
2025-07-16 00:00:00,0.57,0.06,7.0,comfort,0.57,0.0,0.2206520200471402,0.0732786536028289,0,0.9953846153846152,2
2025-07-17 00:00:00,0.25,0.05,7.0,comfort,0.25,0.0,0.0931641862421258,0.0317551002550223,0,0.9980769230769232,1
2025-07-17 00:00:00,0.25,0.05,7.0,comfort,0.25,0.0,0.0784540515723165,0.0301889841454189,0,0.9980769230769232,1
2025-07-17 00:00:00,0.25,0.05,7.0,comfort,0.25,0.0,0.0931641862421258,0.0317551002550223,0,0.9980769230769232,1
2025-07-17 00:00:00,0.25,0.04,7.0,comfort,0.25,0.0,0.0980675644653956,0.0322771389582235,0,0.9982608695652174,1
2025-07-17 00:00:00,0.28,0.04,7.0,comfort,0.28,0.0,0.112777699135205,0.036463618855131,0,0.9983333333333334,1
2025-07-17 00:00:00,0.25,0.04,7.0,comfort,0.25,0.0,0.0980675644653956,0.0322771389582235,0,0.9984615384615384,1
2025-07-17 00:00:00,0.25,0.04,7.0,comfort,0.25,0.0,0.1029709426886654,0.0327991776614246,0,0.9984615384615384,1
2025-07-17 00:00:00,0.25,0.03,7.0,comfort,0.25,0.0,0.1029709426886654,0.0327991776614246,0,0.999032258064516,1
2025-07-17 00:00:00,0.62,0.14,7.0,comfort,0.62,0.0,0.2862490975710612,0.0846297266731776,0,0.986,2
2025-07-17 00:00:00,0.6,0.08,7.0,comfort,0.6,0.0,0.2745891805031079,0.0816414431253455,0,0.9885714285714284,2
2025-07-17 00:00:00,0.6,0.08,7.0,comfort,0.6,0.0,0.2794925587263776,0.0821634818285467,0,0.9885714285714284,2
2025-07-17 00:00:00,0.63,0.11,7.0,comfort,0.63,0.0,0.2407803876536627,0.0806623500540777,0,0.9842857142857142,2
2025-07-17 00:00:00,0.61,0.12,7.0,comfort,0.61,0.0,0.2598790458332985,0.0809487816115101,0,0.988,2
2025-07-17 00:00:00,0.64,0.11,7.0,comfort,0.64,0.0,0.2745891805031079,0.0851352615084177,0,0.989,2
2025-07-17 00:00:00,0.66,0.14,7.0,comfort,0.66,0.0,0.2700903309832579,0.0864032001897667,0,0.986,2
2025-07-17 00:00:00,0.64,0.14,7.0,comfort,0.64,0.0,0.2549756676100287,0.0830471066956131,0,0.986,2
2025-07-17 00:00:00,0.63,0.11,7.0,comfort,0.63,0.0,0.2549756676100287,0.082173652099845,0,0.98625,2
2025-07-17 00:00:00,0.27,0.04,7.0,comfort,0.27,0.0,0.0637439169025071,0.0303697772273515,0,0.9986206896551724,1
2025-07-17 00:00:00,0.25,0.03,7.0,comfort,0.25,0.0,0.0539371604559676,0.0275787906294132,0,0.999,1
2025-07-17 00:00:00,0.27,0.04,7.0,comfort,0.27,0.0,0.0785128921109958,0.0319421578013934,0,0.9975,1
2025-07-17 00:00:00,0.66,0.08,7.0,comfort,0.66,0.0,0.3048454758297941,0.0901034105180564,0,0.992,2
2025-07-17 00:00:00,0.61,0.12,7.0,comfort,0.61,0.0,0.2851543261148464,0.083639717113611,0,0.9866666666666668,2
2025-07-17 00:00:00,0.65,0.11,7.0,comfort,0.65,0.0,0.2991060716194568,0.0886189096201914,0,0.989,2
2025-07-17 00:00:00,0.25,0.03,7.0,comfort,0.25,0.0,0.0833574297955863,0.03071102284862,0,0.999090909090909,1
2025-07-18 00:00:00,0.6,0.1,7.0,comfort,0.6,0.0,0.2367261853863319,0.0776103551753542,0,0.9875,2
2025-07-18 00:00:00,0.6,0.09,7.0,comfort,0.6,0.0,0.2402655329402194,0.0779871722029375,0,0.98875,2
2025-07-18 00:00:00,0.63,0.1,7.0,comfort,0.63,0.0,0.294202693396187,0.0863499617254542,0,0.995,2
2025-07-18 00:00:00,0.65,0.04,7.0,comfort,0.65,0.0,0.2696858022798381,0.0854866774009845,0,0.9973333333333334,2
2025-07-18 00:00:00,0.65,0.04,7.0,comfort,0.65,0.0,0.2745891805031079,0.0860087161041857,0,0.9976470588235294,2
2025-07-18 00:00:00,0.62,0.05,7.0,comfort,0.62,0.0,0.2551006556823866,0.0813135043729822,0,0.9966666666666666,2
2025-07-18 00:00:00,0.65,0.04,7.0,comfort,0.65,0.0,0.2991060716194568,0.0886189096201914,0,0.9973333333333334,2
2025-07-18 00:00:00,0.69,0.04,7.0,comfort,0.69,0.0,0.3187195845125359,0.0942008828160681,0,0.9982608695652174,2
2025-07-18 00:00:00,0.63,0.04,7.0,comfort,0.63,0.0,0.2845278307175081,0.0853199264035902,0,0.9973333333333334,2
2025-07-18 00:00:00,0.6,0.04,7.0,comfort,0.6,0.0,0.2745891805031079,0.0816414431253455,0,0.9973333333333334,2
2025-07-18 00:00:00,0.6,0.04,7.0,comfort,0.6,0.0,0.274645506488852,0.0816474398776285,0,0.996923076923077,2
2025-07-18 00:00:00,0.6,0.04,7.0,comfort,0.6,0.0,0.2745891805031079,0.0816414431253455,0,0.996923076923077,2
2025-07-19 00:00:00,0.63,0.05,7.0,comfort,0.63,0.0,0.2892993151729172,0.0858279230222531,0,0.9976190476190476,2
2025-07-19 00:00:00,0.6,0.04,7.0,comfort,0.6,0.0,0.2746847335146382,0.0816516161872541,0,0.996923076923077,2
2025-07-19 00:00:00,0.6,0.04,7.0,comfort,0.6,0.0,0.2745891805031079,0.0816414431253455,0,0.9971428571428572,2
2025-07-19 00:00:00,0.6,0.04,7.0,comfort,0.6,0.0,0.269685802279838,0.0811194044221444,0,0.9975,2
2025-07-19 00:00:00,0.61,0.04,7.0,comfort,0.61,0.0,0.2794925587263776,0.0830369364243147,0,0.997777777777778,2
2025-07-19 00:00:00,0.63,0.04,7.0,comfort,0.63,0.0,0.2892993151729172,0.0858279230222531,0,0.997777777777778,2
2025-07-19 00:00:00,0.63,0.05,7.0,comfort,0.63,0.0,0.2893222754360262,0.0858303674891966,0,0.9976190476190476,2
2025-07-19 00:00:00,0.63,0.05,7.0,comfort,0.63,0.0,0.2892993151729172,0.0858279230222531,0,0.9976190476190476,2
2025-07-19 00:00:00,0.63,0.05,7.0,comfort,0.63,0.0,0.2892993151729172,0.0858279230222531,0,0.998,2
2025-07-19 00:00:00,0.6,0.05,7.0,comfort,0.6,0.0,0.2697092532191667,0.0811219011289858,0,0.9978260869565218,2
2025-07-19 00:00:00,0.56,0.05,7.0,comfort,0.56,0.0,0.2500981767873166,0.0755401873312225,0,0.9976190476190476,2
2025-07-19 00:00:00,0.56,0.05,7.0,comfort,0.56,0.0,0.2500871746420796,0.0755390159866167,0,0.9975,2
2025-07-20 00:00:00,0.61,0.06,7.0,comfort,0.61,0.0,0.2748343494142713,0.0825409996562736,0,0.9957142857142856,2
2025-07-20 00:00:00,0.61,0.05,7.0,comfort,0.61,0.0,0.2745891805031079,0.0825148977211136,0,0.9958333333333332,2
2025-07-20 00:00:00,0.63,0.06,7.0,comfort,0.63,0.0,0.2843959369496474,0.0853058843190519,0,0.99625,2
2025-07-20 00:00:00,0.59,0.05,7.0,comfort,0.59,0.0,0.2599331873011805,0.0792076365973219,0,0.9958333333333332,2
2025-07-20 00:00:00,0.63,0.06,7.0,comfort,0.63,0.0,0.2843959369496474,0.0853058843190519,0,0.996,2
2025-07-20 00:00:00,0.59,0.05,7.0,comfort,0.59,0.0,0.2599007024204514,0.0792041780909132,0,0.9958333333333332,2
2025-07-20 00:00:00,0.63,0.05,7.0,comfort,0.63,0.0,0.2843959369496474,0.0853058843190519,0,0.9966666666666666,2
2025-07-20 00:00:00,0.6,0.05,7.0,comfort,0.6,0.0,0.2647824240565683,0.0805973657189433,0,0.9972222222222222,2
2025-07-20 00:00:00,0.6,0.05,7.0,comfort,0.6,0.0,0.2697607150026935,0.0811273800134433,0,0.9966666666666666,2
2025-07-20 00:00:00,0.6,0.05,7.0,comfort,0.6,0.0,0.269685802279838,0.0811194044221444,0,0.996875,2
2025-07-20 00:00:00,0.6,0.05,7.0,comfort,0.6,0.0,0.269685802279838,0.0811194044221444,0,0.9975,2
2025-07-20 00:00:00,0.61,0.05,7.0,comfort,0.61,0.0,0.2747035926616508,0.0825270786241883,0,0.9966666666666666,2
2025-07-21 00:00:00,0.6,0.03,7.0,comfort,0.6,0.0,0.269685802279838,0.0811194044221444,0,0.9972727272727272,2
2025-07-21 00:00:00,0.59,0.03,7.0,comfort,0.59,0.0,0.2648185307507578,0.0797277552263533,0,0.997,2
2025-07-21 00:00:00,0.62,0.03,7.0,comfort,0.62,0.0,0.2794925587263776,0.0839103910200827,0,0.9975,2
2025-07-21 00:00:00,0.62,0.03,7.0,comfort,0.62,0.0,0.2893321900950959,0.0849579684586997,0,0.9972727272727272,2
2025-07-21 00:00:00,0.62,0.03,7.0,comfort,0.62,0.0,0.2892993151729172,0.084954468426485,0,0.9975,2
2025-07-21 00:00:00,0.62,0.03,7.0,comfort,0.62,0.0,0.2892993151729172,0.084954468426485,0,0.9975,2
2025-07-21 00:00:00,0.62,0.03,7.0,comfort,0.62,0.0,0.2893321900950959,0.0849579684586997,0,0.9972727272727272,2
2025-07-21 00:00:00,0.63,0.04,7.0,comfort,0.63,0.0,0.2943364218931853,0.0863641991446324,0,0.9963636363636365,2
2025-07-21 00:00:00,0.66,0.04,7.0,comfort,0.66,0.0,0.3089128280659963,0.0905364416223617,0,0.9966666666666668,2
2025-07-21 00:00:00,0.64,0.04,7.0,comfort,0.64,0.0,0.2991060716194568,0.0877454550244234,0,0.9966666666666668,2
2025-07-21 00:00:00,0.59,0.04,7.0,comfort,0.59,0.0,0.269685802279838,0.0802459498263764,0,0.9966666666666668,2
2025-07-21 00:00:00,0.62,0.03,7.0,comfort,0.62,0.0,0.2843959369496474,0.0844324297232839,0,0.9972727272727272,2
2025-07-22 00:00:00,0.6,0.04,7.0,comfort,0.6,0.0,0.2746371856045944,0.0816465539937685,0,0.996923076923077,2
2025-07-22 00:00:00,0.63,0.04,7.0,comfort,0.63,0.0,0.2892993151729172,0.0858279230222531,0,0.996923076923077,2
2025-07-22 00:00:00,0.6,0.04,7.0,comfort,0.6,0.0,0.2794925587263776,0.0821634818285467,0,0.996923076923077,2
2025-07-22 00:00:00,0.8,0.04,7.0,comfort,0.8,0.0,0.3726567449685035,0.1095513091047289,0,0.996923076923077,2
2025-07-22 00:00:00,0.63,0.04,7.0,comfort,0.63,0.0,0.2892993151729172,0.0858279230222531,0,0.996923076923077,2
2025-07-22 00:00:00,0.63,0.04,7.0,comfort,0.63,0.0,0.2892993151729172,0.0858279230222531,0,0.9971428571428572,2
2025-07-22 00:00:00,0.63,0.04,7.0,comfort,0.63,0.0,0.2893311063064527,0.0858313076687903,0,0.996923076923077,2
2025-07-22 00:00:00,0.63,0.05,7.0,comfort,0.63,0.0,0.2892993151729172,0.0858279230222531,0,0.99975,2
2025-07-22 00:00:00,0.6,0.04,7.0,comfort,0.6,0.0,0.2745971013448531,0.0816422864186353,0,0.9996923076923078,2
2025-07-22 00:00:00,0.6,0.05,7.0,comfort,0.6,0.0,0.2745997416254349,0.0816425675163986,0,0.9996153846153846,2
2025-07-22 00:00:00,0.6,0.04,7.0,comfort,0.6,0.0,0.269685802279838,0.0811194044221444,0,0.9996923076923078,2
2025-07-22 00:00:00,0.63,0.04,7.0,comfort,0.63,0.0,0.2896998834554643,0.0858705695686223,0,0.996923076923077,2
2025-07-23 00:00:00,0.64,0.04,7.0,comfort,0.64,0.0,0.2893802380582803,0.0867099930819341,0,0.9963636363636365,2
2025-07-23 00:00:00,0.64,0.04,7.0,comfort,0.64,0.0,0.2942561847949863,0.0872291112888935,0,0.996,2
2025-07-23 00:00:00,0.64,0.04,7.0,comfort,0.64,0.0,0.2942680717724973,0.0872303768372649,0,0.9955555555555556,2
2025-07-23 00:00:00,0.64,0.04,7.0,comfort,0.64,0.0,0.294202693396187,0.0872234163212222,0,0.9955555555555556,2
2025-07-23 00:00:00,0.63,0.04,7.0,comfort,0.63,0.0,0.2892993151729172,0.0858279230222531,0,0.996,2
2025-07-23 00:00:00,0.64,0.04,7.0,comfort,0.64,0.0,0.294202693396187,0.0872234163212222,0,0.9963636363636365,2
2025-07-23 00:00:00,0.62,0.04,7.0,comfort,0.62,0.0,0.2843959369496474,0.0844324297232839,0,0.9963636363636365,2
2025-07-23 00:00:00,0.64,0.04,7.0,comfort,0.64,0.0,0.2942561847949863,0.0872291112888935,0,0.996,2
2025-07-23 00:00:00,0.61,0.04,7.0,comfort,0.61,0.0,0.2794925587263776,0.0830369364243147,0,0.996923076923077,2
2025-07-23 00:00:00,0.61,0.04,7.0,comfort,0.61,0.0,0.2794925587263776,0.0830369364243147,0,0.9971428571428572,2
2025-07-23 00:00:00,0.64,0.04,7.0,comfort,0.64,0.0,0.2943173178221855,0.087235619823375,0,0.9963636363636365,2
2025-07-23 00:00:00,0.61,0.04,7.0,comfort,0.61,0.0,0.279543375555237,0.0830423466436024,0,0.996,2
2025-07-24 00:00:00,0.69,0.05,7.0,comfort,0.69,0.0,0.3190781440451125,0.0942390568962397,0,0.99375,2
2025-07-24 00:00:00,0.69,0.05,7.0,comfort,0.69,0.0,0.3187195845125359,0.0942008828160681,0,0.99375,2
2025-07-24 00:00:00,0.64,0.05,7.0,comfort,0.64,0.0,0.294202693396187,0.0872234163212222,0,0.99375,2
2025-07-24 00:00:00,0.69,0.08,7.0,comfort,0.69,0.0,0.3144046116760585,0.0937414887572511,0,0.99,2
2025-07-24 00:00:00,0.64,0.08,7.0,comfort,0.64,0.0,0.2892993151729172,0.0867013776180211,0,0.99,2
2025-07-24 00:00:00,0.69,0.05,7.0,comfort,0.69,0.0,0.3138162062892661,0.0936788441128669,0,0.9928571428571428,2
2025-07-24 00:00:00,0.67,0.05,7.0,comfort,0.67,0.0,0.2892993151729173,0.0893217414053252,0,0.99375,2
2025-07-24 00:00:00,0.68,0.06,7.0,comfort,0.68,0.0,0.2942639856239779,0.0907237601880844,0,0.9933333333333332,2
2025-07-24 00:00:00,0.62,0.05,7.0,comfort,0.62,0.0,0.2794925587263776,0.0839103910200827,0,0.9944444444444444,2
2025-07-24 00:00:00,0.62,0.05,7.0,comfort,0.62,0.0,0.2794925587263776,0.0839103910200827,0,0.9944444444444444,2
2025-07-24 00:00:00,0.64,0.08,7.0,comfort,0.64,0.0,0.2850279279206466,0.0862466239032325,0,0.99,2
2025-07-24 00:00:00,0.68,0.05,7.0,comfort,0.68,0.0,0.3089128280659963,0.0922833508138978,0,0.9928571428571428,2
2025-07-25 00:00:00,0.67,0.07,7.0,comfort,0.67,0.0,0.3044437490567876,0.0909340952286407,0,0.99,2
2025-07-25 00:00:00,0.69,0.06,7.0,comfort,0.69,0.0,0.2991060716194568,0.0921127280032635,0,0.9933333333333332,2
2025-07-25 00:00:00,0.68,0.08,7.0,comfort,0.68,0.0,0.3094276827794397,0.0923381648777339,0,0.99,2
2025-07-25 00:00:00,0.71,0.08,7.0,comfort,0.71,0.0,0.3138162062892661,0.095425753304403,0,0.99,2
2025-07-25 00:00:00,0.66,0.05,7.0,comfort,0.66,0.0,0.294202693396187,0.0889703255127583,0,0.9958333333333332,2
2025-07-25 00:00:00,0.65,0.05,7.0,comfort,0.65,0.0,0.2795454929231061,0.0865363904524782,0,0.9954545454545454,2
2025-07-25 00:00:00,0.65,0.05,7.0,comfort,0.65,0.0,0.2794925587263777,0.0865307548073868,0,0.9954545454545454,2
2025-07-25 00:00:00,0.66,0.05,7.0,comfort,0.66,0.0,0.2991740502720976,0.0894996015707084,0,0.995,2
2025-07-25 00:00:00,0.67,0.05,7.0,comfort,0.67,0.0,0.3040938969121273,0.0908968481814837,0,0.9944444444444444,2
2025-07-25 00:00:00,0.68,0.05,7.0,comfort,0.68,0.0,0.3089128280659963,0.0922833508138978,0,0.9944444444444444,2
2025-07-25 00:00:00,0.65,0.05,7.0,comfort,0.65,0.0,0.294202693396187,0.0880968709169903,0,0.9954545454545454,2
2025-07-25 00:00:00,0.65,0.06,7.0,comfort,0.65,0.0,0.2947949195971793,0.0881599223447795,0,0.9914285714285714,2
2025-07-26 00:00:00,0.69,0.05,7.0,comfort,0.69,0.0,0.3138162062892661,0.0936788441128669,0,0.9944444444444444,2
2025-07-26 00:00:00,0.69,0.05,7.0,comfort,0.69,0.0,0.3138162062892661,0.0936788441128669,0,0.9944444444444444,2
2025-07-26 00:00:00,0.68,0.05,7.0,comfort,0.68,0.0,0.3040094498427266,0.0917613121106966,0,0.9944444444444444,2
2025-07-26 00:00:00,0.65,0.05,7.0,comfort,0.65,0.0,0.294202693396187,0.0880968709169903,0,0.9954545454545454,2
2025-07-26 00:00:00,0.68,0.05,7.0,comfort,0.68,0.0,0.3090688446458277,0.0922999611362724,0,0.9944444444444444,2
2025-07-26 00:00:00,0.66,0.05,7.0,comfort,0.66,0.0,0.2991060716194568,0.0894923642159594,0,0.995,2
2025-07-26 00:00:00,0.67,0.05,7.0,comfort,0.67,0.0,0.3040094498427266,0.0908878575149286,0,0.9984375,2
2025-07-26 00:00:00,0.63,0.05,7.0,comfort,0.63,0.0,0.2848847424662796,0.0853579250522773,0,0.995,2
2025-07-26 00:00:00,0.64,0.05,7.0,comfort,0.64,0.0,0.2892993151729172,0.0867013776180211,0,0.995,2
2025-07-26 00:00:00,0.63,0.05,7.0,comfort,0.63,0.0,0.2843959369496474,0.0853058843190519,0,0.995,2
2025-07-26 00:00:00,0.64,0.05,7.0,comfort,0.64,0.0,0.2892993151729172,0.0867013776180211,0,0.9954545454545454,2
2025-07-26 00:00:00,0.65,0.05,7.0,comfort,0.65,0.0,0.294202693396187,0.0880968709169903,0,0.9954545454545454,2
2025-07-27 00:00:00,0.65,0.05,7.0,comfort,0.65,0.0,0.294202693396187,0.0880968709169903,0,0.9954545454545454,2
2025-07-27 00:00:00,0.69,0.04,7.0,comfort,0.69,0.0,0.3138162062892661,0.0936788441128669,0,0.9955555555555556,2
2025-07-27 00:00:00,0.66,0.04,7.0,comfort,0.66,0.0,0.2991060716194568,0.0894923642159594,0,0.9955555555555556,2
2025-07-27 00:00:00,0.66,0.04,7.0,comfort,0.66,0.0,0.2991060716194568,0.0894923642159594,0,0.9955555555555556,2
2025-07-27 00:00:00,0.66,0.04,7.0,comfort,0.66,0.0,0.3040094498427266,0.0900144029191606,0,0.9955555555555556,2
2025-07-27 00:00:00,0.67,0.05,7.0,comfort,0.67,0.0,0.3090844463038108,0.0914281675727418,0,0.9944444444444444,2
2025-07-27 00:00:00,0.66,0.04,7.0,comfort,0.66,0.0,0.3040094498427266,0.0900144029191606,0,0.9955555555555556,2
2025-07-27 00:00:00,0.67,0.05,7.0,comfort,0.67,0.0,0.3090844463038108,0.0914281675727418,0,0.9944444444444444,2
2025-07-27 00:00:00,0.68,0.05,7.0,comfort,0.68,0.0,0.3089128280659963,0.0922833508138978,0,0.9944444444444444,2
2025-07-27 00:00:00,0.69,0.05,7.0,comfort,0.69,0.0,0.3187195845125359,0.0942008828160681,0,0.995,2
2025-07-27 00:00:00,0.69,0.05,7.0,comfort,0.69,0.0,0.3138162062892661,0.0936788441128669,0,0.995,2
2025-07-27 00:00:00,0.66,0.04,7.0,comfort,0.66,0.0,0.2991060716194568,0.0894923642159594,0,0.9955555555555556,2
2025-07-28 00:00:00,0.7,0.05,7.0,comfort,0.7,0.0,0.3188966509483762,0.0950931888094517,0,0.9944444444444444,2
2025-07-28 00:00:00,0.7,0.06,7.0,comfort,0.7,0.0,0.3188966509483762,0.0950931888094517,0,0.9933333333333332,2
2025-07-28 00:00:00,0.7,0.05,7.0,comfort,0.7,0.0,0.3236229627358056,0.0955963761150372,0,0.9944444444444444,2
2025-07-28 00:00:00,0.7,0.05,7.0,comfort,0.7,0.0,0.3187195845125359,0.0950743374118361,0,0.9944444444444444,2
2025-07-28 00:00:00,0.7,0.04,7.0,comfort,0.7,0.0,0.3138162062892661,0.0945522987086349,0,0.9955555555555556,2
2025-07-28 00:00:00,0.69,0.04,7.0,comfort,0.69,0.0,0.3138162062892661,0.0936788441128669,0,0.996,2
2025-07-28 00:00:00,0.72,0.04,7.0,comfort,0.72,0.0,0.328599346812622,0.0978730965860221,0,0.9955555555555556,2
2025-07-28 00:00:00,0.76,0.06,7.0,comfort,0.76,0.0,0.3534355023332861,0.1040110990051084,0,0.9933333333333332,2
2025-07-28 00:00:00,0.69,0.04,7.0,comfort,0.69,0.0,0.3187195845125359,0.0942008828160681,0,0.996,2
2025-07-28 00:00:00,0.69,0.04,7.0,comfort,0.69,0.0,0.3187195845125359,0.0942008828160681,0,0.996,2
2025-07-28 00:00:00,0.69,0.04,7.0,comfort,0.69,0.0,0.3089128280659963,0.0931568054096658,0,0.996,2
2025-07-28 00:00:00,0.71,0.04,7.0,comfort,0.71,0.0,0.328599346812622,0.0969996419902541,0,0.9955555555555556,2
2025-07-29 00:00:00,0.69,0.05,7.0,comfort,0.69,0.0,0.3190073174707763,0.0942315163371934,0,0.99375,2
2025-07-29 00:00:00,0.69,0.05,7.0,comfort,0.69,0.0,0.3188618700413361,0.0942160312605806,0,0.9928571428571428,2
2025-07-29 00:00:00,0.69,0.06,7.0,comfort,0.69,0.0,0.3189472413586162,0.0942251203272881,0,0.9914285714285714,2
2025-07-29 00:00:00,0.69,0.05,7.0,comfort,0.69,0.0,0.3138162062892661,0.0936788441128669,0,0.9928571428571428,2
2025-07-29 00:00:00,0.68,0.05,7.0,comfort,0.68,0.0,0.3089128280659963,0.0922833508138978,0,0.9928571428571428,2
2025-07-29 00:00:00,0.66,0.08,7.0,comfort,0.66,0.0,0.2946229829581815,0.0890150716873184,0,0.99,2
2025-07-29 00:00:00,0.66,0.05,7.0,comfort,0.66,0.0,0.2991060716194568,0.0894923642159594,0,0.9928571428571428,2
2025-07-29 00:00:00,0.67,0.05,7.0,comfort,0.67,0.0,0.3040094498427266,0.0908878575149286,0,0.9928571428571428,2
2025-07-29 00:00:00,0.67,0.04,7.0,comfort,0.67,0.0,0.2892993151729173,0.0893217414053252,0,0.995,2
2025-07-29 00:00:00,0.67,0.04,7.0,comfort,0.67,0.0,0.3040094498427266,0.0908878575149286,0,0.995,2
2025-07-29 00:00:00,0.66,0.05,7.0,comfort,0.66,0.0,0.2992930129142189,0.089512266941519,0,0.99375,2
2025-07-29 00:00:00,0.67,0.04,7.0,comfort,0.67,0.0,0.3089128280659963,0.0914098962181297,0,0.995,2
2025-07-30 00:00:00,0.69,0.04,7.0,comfort,0.69,0.0,0.3187195845125359,0.0942008828160681,0,0.995,2
2025-07-30 00:00:00,0.68,0.05,7.0,comfort,0.68,0.0,0.3091058985835376,0.0923039060878363,0,0.99375,2
2025-07-30 00:00:00,0.67,0.04,7.0,comfort,0.67,0.0,0.3089128280659963,0.0914098962181297,0,0.995,2
2025-07-30 00:00:00,0.67,0.04,7.0,comfort,0.67,0.0,0.3089128280659963,0.0914098962181297,0,0.995,2
2025-07-30 00:00:00,0.68,0.04,7.0,comfort,0.68,0.0,0.3089128280659963,0.0922833508138978,0,0.995,2
2025-07-30 00:00:00,0.69,0.04,7.0,comfort,0.69,0.0,0.3187195845125359,0.0942008828160681,0,0.995,2
2025-07-30 00:00:00,0.66,0.04,7.0,comfort,0.66,0.0,0.3040094498427266,0.0900144029191606,0,0.995,2
2025-07-30 00:00:00,0.67,0.04,7.0,comfort,0.67,0.0,0.3089128280659963,0.0914098962181297,0,0.995,2
2025-07-30 00:00:00,0.67,0.04,7.0,comfort,0.67,0.0,0.3090231540760199,0.0914216420889517,0,0.9942857142857144,2
2025-07-30 00:00:00,0.67,0.04,7.0,comfort,0.67,0.0,0.3089128280659963,0.0914098962181297,0,0.995,2
2025-07-30 00:00:00,0.66,0.04,7.0,comfort,0.66,0.0,0.3040094498427266,0.0900144029191606,0,0.995,2
2025-07-30 00:00:00,0.67,0.04,7.0,comfort,0.67,0.0,0.3089128280659963,0.0914098962181297,0,0.995,2
2025-07-31 00:00:00,0.7,0.07,7.0,comfort,0.7,0.0,0.3240724390729387,0.0956442296628307,0,0.9922222222222222,2
2025-07-31 00:00:00,0.7,0.07,7.0,comfort,0.7,0.0,0.3236229627358056,0.0955963761150372,0,0.9922222222222222,2
2025-07-31 00:00:00,0.7,0.04,7.0,comfort,0.7,0.0,0.3236229627358056,0.0955963761150372,0,0.9955555555555556,2
2025-07-31 00:00:00,0.69,0.04,7.0,comfort,0.69,0.0,0.3040094498427265,0.0926347667064646,0,0.9955555555555556,2
2025-07-31 00:00:00,0.69,0.04,7.0,comfort,0.69,0.0,0.3040094498427265,0.0926347667064646,0,0.9955555555555556,2
2025-07-31 00:00:00,0.7,0.07,7.0,comfort,0.7,0.0,0.3241623343403653,0.0956538003723894,0,0.9922222222222222,2
2025-07-31 00:00:00,0.69,0.04,7.0,comfort,0.69,0.0,0.3187195845125359,0.0942008828160681,0,0.9955555555555556,2
2025-07-31 00:00:00,0.69,0.04,7.0,comfort,0.69,0.0,0.3187195845125359,0.0942008828160681,0,0.9963636363636365,2
2025-07-31 00:00:00,0.7,0.04,7.0,comfort,0.7,0.0,0.3089128280659963,0.0940302600054338,0,0.9963636363636365,2
2025-07-31 00:00:00,0.69,0.05,7.0,comfort,0.69,0.0,0.3191360930604784,0.0942452264445502,0,0.99375,2
2025-07-31 00:00:00,0.69,0.05,7.0,comfort,0.69,0.0,0.3187195845125359,0.0942008828160681,0,0.99375,2
2025-07-31 00:00:00,0.7,0.04,7.0,comfort,0.7,0.0,0.3236229627358056,0.0955963761150372,0,0.9955555555555556,2
2025-08-01 00:00:00,0.12,0.03,8.0,comfort,0.12,0.0,0.0343236475628884,0.0141357260716243,0,0.9985714285714286,1
2025-08-01 00:00:00,0.11,0.03,8.0,comfort,0.11,0.0,0.0294224813899449,0.012740468278837,0,0.9984210526315788,1
2025-08-01 00:00:00,0.69,0.05,8.0,comfort,0.69,0.0,0.319264762749202,0.0942589252771477,0,0.995,2
2025-08-01 00:00:00,0.69,0.08,8.0,comfort,0.69,0.0,0.3241083971799094,0.0947746033508861,0,0.992,2
2025-08-01 00:00:00,0.12,0.03,8.0,comfort,0.12,0.0,0.044130404009428,0.0151798034780266,0,0.9983333333333332,1
2025-08-01 00:00:00,0.68,0.05,8.0,comfort,0.68,0.0,0.3094276827794397,0.0923381648777339,0,0.995,2
2025-08-01 00:00:00,0.68,0.05,8.0,comfort,0.68,0.0,0.294202693396187,0.0907172347042943,0,0.995,2
2025-08-01 00:00:00,0.68,0.05,8.0,comfort,0.68,0.0,0.3187195845125359,0.0933274282203,0,0.995,2
2025-08-01 00:00:00,0.13,0.03,8.0,comfort,0.13,0.0,0.0392270257861582,0.0155312193705934,0,0.9985714285714286,1
2025-08-01 00:00:00,0.68,0.05,8.0,comfort,0.68,0.0,0.3094644581161142,0.0923420801680079,0,0.995,2
2025-08-01 00:00:00,0.69,0.05,8.0,comfort,0.69,0.0,0.3138162062892661,0.0936788441128669,0,0.995,2
2025-08-01 00:00:00,0.69,0.06,8.0,comfort,0.69,0.0,0.3240274914392254,0.0947659897122833,0,0.9925,2
2025-08-01 00:00:00,0.14,0.03,8.0,comfort,0.14,0.0,0.044130404009428,0.0169267126695626,0,0.9985,1
2025-08-01 00:00:00,0.14,0.03,8.0,comfort,0.14,0.0,0.044130404009428,0.0169267126695626,0,0.9988,1
2025-08-01 00:00:00,0.14,0.03,8.0,comfort,0.14,0.0,0.0392270257861582,0.0164046739663615,0,0.999090909090909,1
2025-08-01 00:00:00,0.14,0.04,8.0,comfort,0.14,0.0,0.0539463542901362,0.0179717688985334,0,0.99875,1
2025-08-01 00:00:00,0.13,0.04,8.0,comfort,0.13,0.0,0.0490381602489686,0.0165757628829807,0,0.9985714285714286,1
2025-08-01 00:00:00,0.12,0.04,8.0,comfort,0.12,0.0,0.044132828756901,0.0151800616290336,0,0.9984615384615384,1
2025-08-01 00:00:00,0.67,0.06,8.0,comfort,0.67,0.0,0.3097049122405245,0.0914942255471084,0,0.9933333333333332,2
2025-08-01 00:00:00,0.7,0.06,8.0,comfort,0.7,0.0,0.3237578056369456,0.0956107321793753,0,0.9925,2
2025-08-01 00:00:00,0.72,0.07,8.0,comfort,0.72,0.0,0.333476028865565,0.0983922930785058,0,0.9922222222222222,2
2025-08-01 00:00:00,0.13,0.06,8.0,comfort,0.13,0.0,0.0343236475628884,0.0150091806673923,0,0.997777777777778,1
2025-08-01 00:00:00,0.14,0.03,8.0,comfort,0.14,0.0,0.0392270257861582,0.0164046739663615,0,0.9985714285714286,1
2025-08-01 00:00:00,0.72,0.07,8.0,comfort,0.72,0.0,0.3197313927173376,0.0969289688754613,0,0.9922222222222222,2
2025-08-02 00:00:00,5.0,0.06,8.0,comfort,1.0,0.2288945872960295,1.0,0.3783429667386687,1,0.996842105263158,2
2025-08-02 00:00:00,5.0,0.15,8.0,stress,0.8,0.2928932188134524,1.0,0.412468895097378,1,0.9925,3
2025-08-02 00:00:00,5.0,0.16,8.0,stress,0.8,0.4053964424986395,1.0,0.5031678048913348,1,0.9927272727272728,3
2025-08-02 00:00:00,5.0,0.15,8.0,stress,0.8,0.5,1.0,0.5794361930044931,1,0.99375,4
2025-08-02 00:00:00,5.0,0.15,8.0,stress,0.8,0.5795517923731428,1.0,0.6435700071660271,1,0.994,4
2025-08-02 00:00:00,5.0,0.18,8.0,stress,0.8,0.6464466094067263,1.0,0.6974999015910088,1,0.9935714285714284,4
2025-08-02 00:00:00,5.0,0.06,8.0,comfort,1.0,0.8378950556686238,1.0,0.8693127073033219,1,0.9953846153846152,3
2025-08-02 00:00:00,5.0,0.06,8.0,comfort,1.0,0.875,1.0,0.8992263212299634,1,0.996,3
2025-08-02 00:00:00,5.0,0.18,8.0,stress,0.8,0.7897758961865713,1.0,0.8130504576253332,1,0.9921739130434782,4
2025-08-02 00:00:00,5.0,0.1,8.0,comfort,1.0,0.92567455531233,1.0,0.9400796121008368,1,0.9956521739130434,3
2025-08-02 00:00:00,5.0,0.16,8.0,stress,0.8,0.8513491106246599,1.0,0.8626901322863134,1,0.9933333333333332,4
2025-08-02 00:00:00,5.0,0.17,8.0,stress,0.8,0.875,1.0,0.8817572293146029,1,0.9926086956521738,4
2025-08-02 00:00:00,0.2,0.1,8.0,comfort,0.2,0.0,0.0490337822326978,0.0226894789473719,0,0.996551724137931,1
2025-08-02 00:00:00,0.2,0.1,8.0,comfort,0.2,0.0,0.0196135128930791,0.019557246728165,0,0.996551724137931,1
2025-08-02 00:00:00,0.2,0.1,8.0,comfort,0.2,0.0,0.0147101346698093,0.0190352080249639,0,0.996551724137931,1
2025-08-02 00:00:00,0.19,0.1,8.0,comfort,0.19,0.0,0.044130404009428,0.0212939856484027,0,0.996875,1
2025-08-02 00:00:00,0.18,0.09,8.0,comfort,0.18,0.0,0.0392270257861582,0.0198984923494336,0,0.9980851063829786,1
2025-08-02 00:00:00,0.19,0.08,8.0,comfort,0.19,0.0,0.0441722094073498,0.0212984364647021,0,0.9961904761904764,1
2025-08-02 00:00:00,0.18,0.09,8.0,comfort,0.18,0.0,0.0392270257861582,0.0198984923494336,0,0.99775,1
2025-08-02 00:00:00,0.71,0.08,8.0,comfort,0.71,0.0,0.3042201836659129,0.0944041116977223,0,0.9963636363636365,2
2025-08-02 00:00:00,0.75,0.08,8.0,comfort,0.75,0.0,0.3285860730210681,0.1004920471776448,0,0.996,2
2025-08-02 00:00:00,0.68,0.07,8.0,comfort,0.68,0.0,0.2892993151729173,0.0901951960010932,0,0.9977419354838708,2
2025-08-02 00:00:00,0.68,0.07,8.0,comfort,0.68,0.0,0.2943182288157535,0.0907295351954777,0,0.9969565217391304,2
2025-08-02 00:00:00,0.2,0.07,8.0,comfort,0.2,0.0,0.0588405386792374,0.0237335563537742,0,0.9970833333333332,1
2025-08-03 00:00:00,0.15,0.05,8.0,comfort,0.15,0.0,0.0392270257861582,0.0172781285621295,0,0.999425287356322,1
2025-08-03 00:00:00,0.21,0.2,8.0,stress,0.0,0.0,0.0688490117790479,0.0073300176305483,0,0.9935483870967742,2
2025-08-03 00:00:00,0.15,0.05,8.0,comfort,0.15,0.0,0.0392270257861582,0.0172781285621295,0,0.9986486486486488,1
2025-08-03 00:00:00,0.15,0.05,8.0,comfort,0.15,0.0,0.0490337822326978,0.0183222059685318,0,0.9994791666666668,1
2025-08-03 00:00:00,0.17,0.05,8.0,comfort,0.17,0.0,0.0,0.0148487281280564,0,0.9992307692307691,1
2025-08-03 00:00:00,0.21,0.13,8.0,comfort,0.21,0.0,0.0785513647709014,0.0267055262227642,0,0.99675,1
2025-08-03 00:00:00,0.21,0.2,8.0,stress,0.0,0.0,0.0785796413242286,0.0083659901780035,0,0.9935483870967742,2
2025-08-03 00:00:00,0.21,0.2,8.0,stress,0.0,0.0,0.0784540515723165,0.0083526192512182,0,0.9935483870967742,2
2025-08-03 00:00:00,0.19,0.11,8.0,comfort,0.19,0.0,0.0294202693396187,0.0197278695387993,0,0.9971052631578948,1
2025-08-03 00:00:00,0.18,0.09,8.0,comfort,0.18,0.0,0.0,0.0157221827238244,0,0.9978571428571428,1
2025-08-03 00:00:00,0.17,0.06,8.0,comfort,0.17,0.0,0.0,0.0148487281280564,0,0.999032258064516,1
2025-08-03 00:00:00,0.19,0.05,8.0,comfort,0.19,0.0,0.0392570787494621,0.0207751465372535,0,0.9975,1
2025-08-03 00:00:00,0.18,0.09,8.0,comfort,0.18,0.0,0.044130404009428,0.0204205310526347,0,0.998,1
2025-08-03 00:00:00,0.2,0.06,8.0,comfort,0.2,0.0,0.0686722577785499,0.0247802914117564,0,0.9972727272727272,1
2025-08-03 00:00:00,0.21,0.13,8.0,comfort,0.21,0.0,0.0785899027438703,0.0267096291723056,0,0.9938095238095238,1
2025-08-03 00:00:00,0.21,0.12,8.0,comfort,0.21,0.0,0.0588405386792374,0.0246070109495422,0,0.994,1
2025-08-03 00:00:00,0.19,0.05,8.0,comfort,0.19,0.0,0.0637439169025071,0.0233821404612073,0,0.9977272727272728,1
2025-08-03 00:00:00,0.19,0.06,8.0,comfort,0.19,0.0,0.0294252114797251,0.0197283957042907,0,0.9973913043478262,1
2025-08-03 00:00:00,0.19,0.06,8.0,comfort,0.19,0.0,0.0343256825617558,0.0202501248983792,0,0.9972727272727272,1
2025-08-03 00:00:00,0.18,0.05,8.0,comfort,0.18,0.0,0.0637439169025071,0.0225086858654393,0,0.9976190476190476,1
2025-08-03 00:00:00,0.2,0.09,8.0,comfort,0.2,0.0,0.0687200285694221,0.024785377334274,0,0.9955,1
2025-08-03 00:00:00,0.2,0.11,8.0,comfort,0.2,0.0,0.0686569952870447,0.0247786664889154,0,0.9952173913043478,1
2025-08-03 00:00:00,0.19,0.05,8.0,comfort,0.19,0.0,0.0686472951257769,0.0239041791644085,0,0.9976190476190476,1
2025-08-03 00:00:00,0.2,0.11,8.0,comfort,0.2,0.0,0.053991611303666,0.0232173147660772,0,0.9956,1
2025-08-04 00:00:00,0.29,0.5,8.0,stress,0.0,0.0,0.0885169444862087,0.0094239662548596,0,0.9897959183673468,2
2025-08-04 00:00:00,0.31,0.46,8.0,stress,0.0,0.0,0.1274878338050143,0.0135730062832297,0,0.9906122448979592,2
2025-08-04 00:00:00,0.33,0.51,8.0,stress,0.0,0.0,0.1078743209119352,0.0114848514704251,0,0.9907272727272728,2
2025-08-04 00:00:00,0.1,0.07,8.0,comfort,0.1,0.0,0.0,0.0087345459576802,0,0.9985416666666668,1
2025-08-04 00:00:00,0.12,0.06,8.0,comfort,0.12,0.0,0.0,0.0104814551492163,0,0.9986666666666666,1
2025-08-04 00:00:00,0.14,0.05,8.0,comfort,0.14,0.0,0.0,0.0122283643407523,0,0.9988636363636364,1
2025-08-04 00:00:00,0.34,0.53,8.0,stress,0.0,0.0,0.1329656873633058,0.0141562065663172,0,0.9901851851851852,2
2025-08-04 00:00:00,0.34,0.51,8.0,stress,0.0,0.0,0.1372945902515539,0.014617083689632,0,0.9908928571428572,2
2025-08-04 00:00:00,0.32,0.6,8.0,stress,0.0,0.0,0.132473141318979,0.0141037675973984,0,0.9896551724137932,2
2025-08-04 00:00:00,0.31,0.65,8.0,stress,0.0,0.0,0.0,0.0,0,0.9896825396825396,2
2025-08-04 00:00:00,0.35,0.31,8.0,stress,0.0,0.0,0.0,0.0,0,0.994561403508772,2
2025-08-04 00:00:00,0.32,0.33,8.0,stress,0.0,0.0,0.0,0.0,0,0.993529411764706,2
2025-08-04 00:00:00,0.19,0.05,8.0,comfort,0.19,0.0,0.0,0.0165956373195924,0,0.998148148148148,1
2025-08-04 00:00:00,0.18,0.08,8.0,comfort,0.18,0.0,0.0,0.0157221827238244,0,0.9942857142857144,1
2025-08-04 00:00:00,0.21,0.08,8.0,comfort,0.21,0.0,0.0,0.0183425465111285,0,0.9942857142857144,1
2025-08-04 00:00:00,0.24,0.08,8.0,comfort,0.24,0.0,0.0931641862421258,0.0308816456592543,0,0.9946666666666668,1
2025-08-04 00:00:00,0.3,0.08,8.0,comfort,0.3,0.0,0.1078743209119352,0.0376884893434659,0,0.9946666666666668,1
2025-08-04 00:00:00,0.2,0.11,8.0,comfort,0.2,0.0,0.0588739970247609,0.0237371185002196,0,0.993529411764706,1
2025-08-04 00:00:00,0.18,0.06,8.0,comfort,0.18,0.0,0.0490337822326978,0.0209425697558359,0,0.9966666666666668,1
2025-08-04 00:00:00,0.17,0.05,8.0,comfort,0.17,0.0,0.044130404009428,0.0195470764568667,0,0.9980769230769232,1
2025-08-04 00:00:00,0.17,0.04,8.0,comfort,0.17,0.0,0.0294202693396187,0.0179809603472633,0,0.9984615384615384,1
2025-08-04 00:00:00,0.17,0.05,8.0,comfort,0.17,0.0,0.0539438285115185,0.0205918637785384,0,0.9982142857142856,1
2025-08-04 00:00:00,0.18,0.05,8.0,comfort,0.18,0.0,0.0637439169025071,0.0225086858654393,0,0.9982758620689656,1
2025-08-04 00:00:00,0.2,0.06,8.0,comfort,0.2,0.0,0.078524867095541,0.0258292505490672,0,0.9964705882352942,1
2025-08-05 00:00:00,0.27,0.1,8.0,comfort,0.27,0.0,0.1082832562461112,0.0351116629016053,0,0.9888888888888888,1
2025-08-05 00:00:00,0.19,0.1,8.0,comfort,0.19,0.0,0.0686472951257769,0.0239041791644085,0,0.9888888888888888,1
2025-08-05 00:00:00,0.31,0.11,8.0,comfort,0.31,0.0,0.1225844555817445,0.0401280600488373,0,0.989,1
2025-08-05 00:00:00,0.19,0.1,8.0,comfort,0.19,0.0,0.044130404009428,0.0212939856484027,0,0.9923076923076924,1
2025-08-05 00:00:00,0.21,0.14,8.0,comfort,0.21,0.0,0.054107269962021,0.0241030829736598,0,0.986,1
2025-08-05 00:00:00,0.19,0.07,8.0,comfort,0.19,0.0,0.0392270257861582,0.0207719469452016,0,0.9936363636363637,1
2025-08-05 00:00:00,0.21,0.07,8.0,comfort,0.21,0.0,0.0539371604559676,0.0240849722463411,0,0.9989552238805972,1
2025-08-05 00:00:00,0.19,0.07,8.0,comfort,0.19,0.0,0.0245255360648955,0.0192067512209984,0,0.99825,1
2025-08-05 00:00:00,0.18,0.08,8.0,comfort,0.18,0.0,0.0540697559754218,0.0214787252556361,0,0.9933333333333332,1
2025-08-05 00:00:00,0.19,0.1,8.0,comfort,0.19,0.0,0.0588545483313038,0.0228615932971582,0,0.9928571428571428,1
2025-08-05 00:00:00,0.18,0.1,8.0,comfort,0.18,0.0,0.0539371604559676,0.021464608459037,0,0.9933333333333334,1
2025-08-05 00:00:00,0.45,0.12,8.0,comfort,0.45,0.0,0.1818098351578992,0.0586618609565274,0,0.9890909090909092,2
2025-08-06 00:00:00,0.19,0.1,8.0,comfort,0.19,0.0,0.04416550773989,0.021297722970937,0,0.9875,1
2025-08-06 00:00:00,0.2,0.09,8.0,comfort,0.2,0.0,0.0490337822326978,0.0226894789473719,0,0.98875,1
2025-08-06 00:00:00,0.2,0.09,8.0,comfort,0.2,0.0,0.0392585475033078,0.0216487575040616,0,0.9871428571428572,1
2025-08-06 00:00:00,0.21,0.09,8.0,comfort,0.21,0.0,0.0539371604559676,0.0240849722463411,0,0.9871428571428572,1
2025-08-06 00:00:00,0.2,0.08,8.0,comfort,0.2,0.0,0.0539371604559676,0.023211517650573,0,0.99,1
2025-08-06 00:00:00,0.2,0.09,8.0,comfort,0.2,0.0,0.0540142135423332,0.0232197211159091,0,0.9871428571428572,1
2025-08-06 00:00:00,0.2,0.06,8.0,comfort,0.2,0.0,0.0539371604559676,0.023211517650573,0,0.994,1
2025-08-06 00:00:00,0.19,0.11,8.0,comfort,0.19,0.0,0.0540720033571075,0.0223524191191431,0,0.989,1
2025-08-06 00:00:00,0.2,0.09,8.0,comfort,0.2,0.0,0.0539371604559676,0.023211517650573,0,0.991,1
2025-08-06 00:00:00,0.19,0.11,8.0,comfort,0.19,0.0,0.0638076608194097,0.0233889269643489,0,0.989,1
2025-08-06 00:00:00,0.19,0.11,8.0,comfort,0.19,0.0,0.0392270257861582,0.0207719469452016,0,0.989,1
2025-08-06 00:00:00,0.2,0.1,8.0,comfort,0.2,0.0,0.0539371604559676,0.023211517650573,0,0.99,1
2025-08-07 00:00:00,0.24,0.09,8.0,comfort,0.24,0.0,0.0639032766947634,0.0277663796979015,0,0.985,1
2025-08-07 00:00:00,0.24,0.09,8.0,comfort,0.24,0.0,0.0637439169025071,0.0277494134400474,0,0.9871428571428572,1
2025-08-07 00:00:00,0.21,0.09,8.0,comfort,0.21,0.0,0.0539949502707418,0.0240911248453431,0,0.985,1
2025-08-07 00:00:00,0.24,0.09,8.0,comfort,0.24,0.0,0.0735506733490467,0.0287934908464497,0,0.985,1
2025-08-07 00:00:00,0.19,0.09,8.0,comfort,0.19,0.0,0.0490337822326978,0.0218160243516039,0,0.991,1
2025-08-07 00:00:00,0.21,0.09,8.0,comfort,0.21,0.0,0.058869958948577,0.0246101431817614,0,0.99,1
2025-08-07 00:00:00,0.19,0.09,8.0,comfort,0.19,0.0,0.0490337822326978,0.0218160243516039,0,0.991,1
2025-08-07 00:00:00,0.19,0.09,8.0,comfort,0.19,0.0,0.0490582991238141,0.0218186345451199,0,0.99,1
2025-08-07 00:00:00,0.19,0.09,8.0,comfort,0.19,0.0,0.0490337822326978,0.0218160243516039,0,0.99,1
2025-08-07 00:00:00,0.19,0.09,8.0,comfort,0.19,0.0,0.0490337822326978,0.0218160243516039,0,0.99,1
2025-08-07 00:00:00,0.19,0.09,8.0,comfort,0.19,0.0,0.0490644283465932,0.0218192870934989,0,0.98875,1
2025-08-07 00:00:00,0.19,0.09,8.0,comfort,0.19,0.0,0.0490337822326978,0.0218160243516039,0,0.98875,1
2025-08-08 00:00:00,0.3,0.08,8.0,comfort,0.3,0.0,0.1029709426886654,0.0371664506402647,0,0.9933333333333332,1
2025-08-08 00:00:00,0.21,0.05,8.0,comfort,0.21,0.0,0.0588405386792374,0.0246070109495422,0,0.9973684210526316,1
2025-08-08 00:00:00,0.21,0.05,8.0,comfort,0.21,0.0,0.0588405386792374,0.0246070109495422,0,0.9973684210526316,1
2025-08-08 00:00:00,0.26,0.08,8.0,comfort,0.26,0.0,0.0884388780701222,0.0321254743952318,0,0.9933333333333332,1
2025-08-08 00:00:00,0.24,0.06,8.0,comfort,0.24,0.0,0.0931641862421258,0.0308816456592543,0,0.99625,1
2025-08-08 00:00:00,0.2,0.09,8.0,comfort,0.2,0.0,0.0736334178565644,0.0253084818664941,0,0.994,1
2025-08-08 00:00:00,0.2,0.06,8.0,comfort,0.2,0.0,0.0588405386792374,0.0237335563537742,0,0.9945454545454544,1
2025-08-08 00:00:00,0.2,0.06,8.0,comfort,0.2,0.0,0.0686472951257769,0.0247776337601765,0,0.9953846153846152,1
2025-08-08 00:00:00,0.2,0.05,8.0,comfort,0.2,0.0,0.0539371604559676,0.023211517650573,0,0.9964285714285712,1
2025-08-08 00:00:00,0.2,0.08,8.0,comfort,0.2,0.0,0.0687077701238639,0.024784072237516,0,0.9946666666666668,1
2025-08-08 00:00:00,0.21,0.09,8.0,comfort,0.21,0.0,0.0735506733490467,0.0261731270591456,0,0.995,1
2025-08-08 00:00:00,0.21,0.06,8.0,comfort,0.21,0.0,0.0784718820385829,0.0266970640849039,0,0.9945454545454544,1
2025-08-09 00:00:00,2.0,2.6,8.0,stress,0.2,0.1591035847462855,0.9878363599065574,0.2509068272175864,1,0.8959999999999999,3
2025-08-09 00:00:00,2.0,1.8,8.0,stress,0.2,0.2928932188134524,0.9365452406445286,0.35330590139981,1,0.9307692307692308,3
2025-08-09 00:00:00,2.4,3.0,8.0,stress,0.2799999999999999,0.4053964424986395,1.0,0.4577481659113975,1,0.8846153846153846,3
2025-08-09 00:00:00,2.4,2.8,8.0,stress,0.2799999999999999,0.5,0.0,0.427551443761651,1,0.8833333333333333,3
2025-08-09 00:00:00,1.7,1.4,8.0,stress,0.1399999999999999,0.5795517923731428,0.0,0.4794568935824326,1,0.9391304347826088,3
2025-08-09 00:00:00,2.3,3.1,8.0,stress,0.2599999999999999,0.6464466094067263,0.0,0.5438682431566306,1,0.8851851851851852,3
2025-08-09 00:00:00,1.1,0.69,8.0,stress,0.02,0.7026982212493197,0.0,0.5682547877551763,1,0.9655,3
2025-08-09 00:00:00,0.24,0.08,8.0,comfort,0.24,0.0,0.0,0.0209629102984326,0,0.9927272727272728,1
2025-08-09 00:00:00,0.2,0.14,8.0,comfort,0.2,0.0,0.0,0.0174690919153605,0,0.99,1
2025-08-09 00:00:00,0.2,0.17,8.0,stress,0.0,0.0,0.0,0.0,0,0.989375,2
2025-08-09 00:00:00,1.4,0.94,8.0,stress,0.0799999999999999,0.1591035847462855,0.6582934117292889,0.2053405457543144,1,0.9552380952380952,3
2025-08-09 00:00:00,0.24,0.08,8.0,comfort,0.24,0.0,0.0490337822326978,0.026183297330444,0,0.992,1
2025-08-09 00:00:00,0.24,0.06,8.0,comfort,0.24,0.0,0.0343236475628884,0.0246171812208406,0,0.994,1
2025-08-09 00:00:00,0.24,0.1,8.0,comfort,0.24,0.0,0.0,0.0209629102984326,0,0.9941176470588234,1
2025-08-09 00:00:00,0.24,0.09,8.0,comfort,0.24,0.0,0.0784540515723165,0.0293155295496509,0,0.99625,1
2025-08-09 00:00:00,0.23,0.09,8.0,comfort,0.23,0.0,0.0834217866347667,0.0289709654150635,0,0.9947058823529412,1
2025-08-09 00:00:00,2.0,2.4,8.0,stress,0.2,0.1591035847462855,0.9691032599984498,0.2489124056703037,1,0.9142857142857144,3
2025-08-09 00:00:00,0.22,0.09,8.0,comfort,0.22,0.0,0.0637439169025071,0.0260025042485114,0,0.9925,1
2025-08-09 00:00:00,0.22,0.08,8.0,comfort,0.22,0.0,0.0637439169025071,0.0260025042485114,0,0.9927272727272728,1
2025-08-09 00:00:00,0.46,0.15,8.0,stress,0.0,0.0,0.0,0.0,0,0.9916666666666668,2
2025-08-09 00:00:00,0.46,0.16,8.0,stress,0.0,0.0,0.1814753900927211,0.0193207974162252,0,0.991111111111111,2
2025-08-09 00:00:00,0.46,0.16,8.0,stress,0.0,0.0,0.1863283724842517,0.0198374707216434,0,0.991111111111111,2
2025-08-09 00:00:00,0.22,0.08,8.0,comfort,0.22,0.0,0.0343236475628884,0.0228702720293045,0,0.995,1
2025-08-09 00:00:00,0.27,0.08,8.0,comfort,0.27,0.0,0.0539984526837585,0.0293322253047392,0,0.9927272727272728,1
2025-08-10 00:00:00,0.47,0.15,8.0,stress,0.0,0.0,0.1523289308031885,0.0162177164141918,0,0.9884615384615384,2
2025-08-10 00:00:00,0.47,0.1,8.0,comfort,0.47,0.0,0.1912317507075215,0.0614118754259418,0,0.9923076923076924,2
2025-08-10 00:00:00,0.48,0.14,8.0,comfort,0.48,0.0,0.1962960603186319,0.0628245023028621,0,0.9906666666666666,2
2025-08-10 00:00:00,0.48,0.12,8.0,comfort,0.48,0.0,0.1618114813679028,0.0591530978025029,0,0.9907692307692308,2
2025-08-10 00:00:00,0.47,0.14,8.0,comfort,0.47,0.0,0.181645960600146,0.060391323225203,0,0.9883333333333332,2
2025-08-10 00:00:00,0.47,0.16,8.0,stress,0.0,0.0,0.1620443918335081,0.0172520740440397,0,0.9854545454545456,2
2025-08-10 00:00:00,0.49,0.21,8.0,stress,0.0,0.0,0.1818373237933933,0.0193593307275751,0,0.9809090909090908,2
2025-08-10 00:00:00,0.49,0.21,8.0,stress,0.0,0.0,0.1716182378144424,0.01827135461204,0,0.9809090909090908,2
2025-08-10 00:00:00,0.49,0.13,8.0,comfort,0.49,0.0,0.1618114813679028,0.0600265523982709,0,0.9907142857142855,2
2025-08-10 00:00:00,0.43,0.07,8.0,comfort,0.43,0.0,0.1078743209119352,0.0490433990884502,0,0.99825,1
2025-08-10 00:00:00,0.43,0.1,8.0,comfort,0.43,0.0,0.1081948321154139,0.0490775223490691,0,0.9923076923076924,1
2025-08-10 00:00:00,0.25,0.08,8.0,comfort,0.25,0.0,0.0588405386792374,0.0281008293326143,0,0.9961904761904764,1
2025-08-10 00:00:00,0.25,0.08,8.0,comfort,0.25,0.0,0.0882608080188561,0.0312330615518212,0,0.996923076923077,1
2025-08-10 00:00:00,0.23,0.13,8.0,comfort,0.23,0.0,0.0638760357046341,0.0268900248871157,0,0.992777777777778,1
2025-08-10 00:00:00,0.23,0.12,8.0,comfort,0.23,0.0,0.0735506733490467,0.0279200362506817,0,0.995,1
2025-08-10 00:00:00,0.23,0.04,8.0,comfort,0.23,0.0,0.0735506733490467,0.0279200362506817,0,0.9983333333333334,1
2025-08-10 00:00:00,0.24,0.07,8.0,comfort,0.24,0.0,0.0539742911099047,0.0267092891528107,0,0.9969565217391304,1
2025-08-10 00:00:00,0.28,0.07,8.0,comfort,0.28,0.0,0.0784540515723165,0.032809347932723,0,0.9969565217391304,1
2025-08-10 00:00:00,0.21,0.07,8.0,comfort,0.21,0.0,0.0833574297955863,0.0272172044655479,0,0.9970833333333332,1
2025-08-10 00:00:00,0.21,0.07,8.0,comfort,0.21,0.0,0.0686472951257769,0.0256510883559445,0,0.9973076923076925,1
2025-08-10 00:00:00,0.22,0.15,8.0,stress,0.0,0.0,0.0736092714129787,0.0078368191973548,0,0.9957142857142858,2
2025-08-10 00:00:00,0.25,0.08,8.0,comfort,0.25,0.0,0.0882608080188561,0.0312330615518212,0,0.9973333333333334,1
2025-08-10 00:00:00,0.43,0.1,8.0,comfort,0.43,0.0,0.1769166882259871,0.0563940023373527,0,0.9928571428571428,2
2025-08-10 00:00:00,0.23,0.09,8.0,comfort,0.23,0.0,0.0392270257861582,0.0242657653282737,0,0.9967857142857144,1
2025-08-11 00:00:00,0.23,0.11,8.0,comfort,0.23,0.0,0.0737695741625855,0.0279433415499317,0,0.9908333333333332,1
2025-08-11 00:00:00,0.23,0.12,8.0,comfort,0.23,0.0,0.0637459599767668,0.0268761763604057,0,0.9907692307692308,1
2025-08-11 00:00:00,0.26,0.11,8.0,comfort,0.26,0.0,0.0833574297955863,0.0315844774443881,0,0.9915384615384616,1
2025-08-11 00:00:00,0.32,0.04,8.0,comfort,0.32,0.0,0.1029709426886654,0.0389133598318008,0,0.9985185185185186,1
2025-08-11 00:00:00,0.22,0.14,8.0,comfort,0.22,0.0,0.0492614889707015,0.0244606309618771,0,0.9892307692307692,1
2025-08-11 00:00:00,0.22,0.12,8.0,comfort,0.22,0.0,0.0539371604559676,0.0249584268421091,0,0.99,1
2025-08-11 00:00:00,0.22,0.12,8.0,comfort,0.22,0.0,0.0883009265679555,0.0286169689902706,0,0.9890909090909092,1
2025-08-11 00:00:00,0.22,0.11,8.0,comfort,0.22,0.0,0.0392288088327849,0.0233925005647614,0,0.989,1
2025-08-11 00:00:00,0.22,0.12,8.0,comfort,0.22,0.0,0.0490337822326978,0.024436388138908,0,0.9890909090909092,1
2025-08-11 00:00:00,0.21,0.1,8.0,comfort,0.21,0.0,0.044130404009428,0.0230408948399388,0,0.990909090909091,1
2025-08-11 00:00:00,0.26,0.1,8.0,comfort,0.26,0.0,0.0735506733490467,0.0305404000379858,0,0.9952380952380953,1
2025-08-11 00:00:00,0.26,0.12,8.0,comfort,0.26,0.0,0.0686710690807989,0.0300208924315274,0,0.9945454545454544,1
2025-08-11 00:00:00,0.22,0.08,8.0,comfort,0.22,0.0,0.0588940300780367,0.0254861605129815,0,0.9927272727272728,1
2025-08-11 00:00:00,0.33,0.04,8.0,comfort,0.33,0.0,0.112777699135205,0.0408308918339711,0,0.9988235294117648,1
2025-08-11 00:00:00,0.32,0.04,8.0,comfort,0.32,0.0,0.0980775104658485,0.0383923800306345,0,0.9986206896551724,1
2025-08-11 00:00:00,0.33,0.04,8.0,comfort,0.33,0.0,0.122594210312958,0.0418760077789076,0,0.9984615384615384,1
2025-08-11 00:00:00,0.34,0.04,8.0,comfort,0.34,0.0,0.1471013466980935,0.0453586173521471,0,0.9986206896551724,1
2025-08-11 00:00:00,0.33,0.04,8.0,comfort,0.33,0.0,0.1421979684748237,0.043963124053178,0,0.9986206896551724,1
2025-08-11 00:00:00,0.33,0.05,8.0,comfort,0.33,0.0,0.1422420988788331,0.0439678224015068,0,0.998,1
2025-08-11 00:00:00,0.32,0.04,8.0,comfort,0.32,0.0,0.1372945902515539,0.0425676307542088,0,0.9986666666666668,1
2025-08-11 00:00:00,0.33,0.04,8.0,comfort,0.33,0.0,0.1422324407096055,0.043966794143455,0,0.9981818181818182,1
2025-08-11 00:00:00,0.31,0.04,8.0,comfort,0.31,0.0,0.1274994236080875,0.0406513326617006,0,0.998,1
2025-08-11 00:00:00,0.3,0.04,8.0,comfort,0.3,0.0,0.1274878338050143,0.0397766441562705,0,0.9985714285714286,1
2025-08-11 00:00:00,0.3,0.04,8.0,comfort,0.3,0.0,0.1275384242152544,0.0397820302698749,0,0.997777777777778,1
2025-08-12 00:00:00,0.22,0.09,8.0,comfort,0.22,0.0,0.0884937184844614,0.0286374946029192,0,0.9925,1
2025-08-12 00:00:00,0.22,0.04,8.0,comfort,0.22,0.0,0.0882608080188561,0.0286126977645171,0,0.996,1
2025-08-12 00:00:00,0.22,0.04,8.0,comfort,0.22,0.0,0.0882608080188561,0.0286126977645171,0,0.996,1
2025-08-12 00:00:00,0.22,0.04,8.0,comfort,0.22,0.0,0.0637439169025071,0.0260025042485114,0,0.9963636363636365,1
2025-08-12 00:00:00,0.22,0.06,8.0,comfort,0.22,0.0,0.0883651162465147,0.0286238029514761,0,0.994,1
2025-08-12 00:00:00,0.22,0.05,8.0,comfort,0.22,0.0,0.0882608080188561,0.0286126977645171,0,0.996153846153846,1
2025-08-12 00:00:00,0.23,0.04,8.0,comfort,0.23,0.0,0.0931641862421258,0.0300081910634863,0,0.9995555555555556,1
2025-08-12 00:00:00,0.23,0.03,8.0,comfort,0.23,0.0,0.0833756812589729,0.0289660568011459,0,0.9991176470588234,1
2025-08-12 00:00:00,0.23,0.03,8.0,comfort,0.23,0.0,0.088272789124017,0.0294874279299672,0,0.9988461538461538,1
2025-08-12 00:00:00,0.23,0.03,8.0,comfort,0.23,0.0,0.0931686652895413,0.0300086679257632,0,0.99875,1
2025-08-12 00:00:00,0.23,0.03,8.0,comfort,0.23,0.0,0.0980675644653956,0.0305302297666874,0,0.9988,1
2025-08-12 00:00:00,0.23,0.03,8.0,comfort,0.23,0.0,0.0980700161545073,0.030530490786039,0,0.99875,1
2025-08-12 00:00:00,0.23,0.03,8.0,comfort,0.23,0.0,0.0980675644653956,0.0305302297666874,0,0.9992682926829268,1
2025-08-12 00:00:00,0.23,0.03,8.0,comfort,0.23,0.0,0.0980714432088814,0.0305306427175403,0,0.9991891891891892,1
2025-08-12 00:00:00,0.23,0.04,8.0,comfort,0.23,0.0,0.0980675644653956,0.0305302297666874,0,0.9997163120567376,1
2025-08-12 00:00:00,0.23,0.03,8.0,comfort,0.23,0.0,0.0980969192745337,0.030533355029679,0,0.9991176470588234,1
2025-08-12 00:00:00,0.22,0.12,8.0,comfort,0.22,0.0,0.0936312526838477,0.0291844627479363,0,0.9890909090909092,1
2025-08-12 00:00:00,0.23,0.04,8.0,comfort,0.23,0.0,0.0931641862421258,0.0300081910634863,0,0.9988571428571428,1
2025-08-12 00:00:00,0.23,0.04,8.0,comfort,0.23,0.0,0.0980675644653956,0.0305302297666874,0,0.9992727272727272,1
2025-08-13 00:00:00,0.22,0.11,8.0,comfort,0.22,0.0,0.0491507946675713,0.0244488458806889,0,0.9945,1
2025-08-13 00:00:00,0.22,0.1,8.0,comfort,0.22,0.0,0.0882608080188561,0.0286126977645171,0,0.9954545454545454,1
2025-08-13 00:00:00,0.21,0.12,8.0,comfort,0.21,0.0,0.0833854352561895,0.027220186069999,0,0.9947826086956522,1
2025-08-13 00:00:00,0.22,0.1,8.0,comfort,0.22,0.0,0.0539371604559676,0.0249584268421091,0,0.995,1
2025-08-13 00:00:00,0.22,0.1,8.0,comfort,0.22,0.0,0.0588568832733149,0.0254822056743209,0,0.9944444444444444,1
2025-08-13 00:00:00,0.22,0.1,8.0,comfort,0.22,0.0,0.0490337822326978,0.024436388138908,0,0.9956521739130434,1
2025-08-13 00:00:00,0.21,0.15,8.0,stress,0.0,0.0,0.0539754937221779,0.0057465068906263,0,0.9942307692307693,2
2025-08-13 00:00:00,0.22,0.1,8.0,comfort,0.22,0.0,0.0588405386792374,0.0254804655453102,0,0.9956521739130434,1
2025-08-13 00:00:00,0.23,0.18,8.0,stress,0.0,0.0,0.0637965749208179,0.0067921093833405,0,0.994,2
2025-08-13 00:00:00,0.29,0.18,8.0,stress,0.0,0.0,0.0686472951257769,0.007308541844816,0,0.994375,2
2025-08-13 00:00:00,0.29,0.18,8.0,stress,0.0,0.0,0.0931641862421258,0.0099187353608217,0,0.9948571428571428,2
2025-08-13 00:00:00,0.22,0.16,8.0,stress,0.0,0.0,0.0196191167539057,0.0020887514284653,0,0.9942857142857144,2
2025-08-14 00:00:00,0.45,0.21,8.0,stress,0.0,0.0,0.1323912120282841,0.0140950449864308,0,0.9954347826086956,2
2025-08-14 00:00:00,0.34,0.14,8.0,comfort,0.34,0.0,0.0784540515723165,0.0380500755073311,0,0.9968888888888888,1
2025-08-14 00:00:00,0.31,0.07,8.0,comfort,0.31,0.0,0.0735506733490467,0.0349076730168259,0,0.99825,1
2025-08-14 00:00:00,0.31,0.07,8.0,comfort,0.31,0.0,0.0490337822326978,0.0322974795008202,0,0.99825,1
2025-08-14 00:00:00,0.54,0.23,8.0,stress,0.0,0.0,0.1964334177727069,0.0209133054824904,0,0.9952083333333334,2
2025-08-14 00:00:00,0.27,0.06,8.0,comfort,0.27,0.0,0.0980675644653956,0.0340240481497595,0,0.9985714285714286,1
2025-08-14 00:00:00,0.35,0.06,8.0,comfort,0.35,0.0,0.1372945902515539,0.0451879945415129,0,0.9986363636363637,1
2025-08-14 00:00:00,0.29,0.18,8.0,stress,0.0,0.0,0.0294647911441071,0.0031369722380308,0,0.995609756097561,2
2025-08-14 00:00:00,0.24,0.09,8.0,comfort,0.24,0.0,0.0882608080188561,0.0303596069560532,0,0.9979545454545454,1
2025-08-14 00:00:00,0.27,0.08,8.0,comfort,0.27,0.0,0.1029709426886654,0.0345460868529607,0,0.9981818181818182,1
2025-08-14 00:00:00,0.27,0.06,8.0,comfort,0.27,0.0,0.044130404009428,0.0282816224145469,0,0.9985365853658535,1
2025-08-14 00:00:00,0.28,0.09,8.0,comfort,0.28,0.0,0.0931871562032089,0.0343779095417658,0,0.9980434782608696,1
2025-08-15 00:00:00,0.48,0.2,8.0,stress,0.0,0.0,0.1963696383240781,0.0209065151964597,0,0.9956521739130434,2
2025-08-15 00:00:00,0.43,0.2,8.0,stress,0.0,0.0,0.181424994260982,0.0193154320184423,0,0.996,2
2025-08-15 00:00:00,0.4,0.2,8.0,stress,0.0,0.0,0.1520047249213633,0.0161831997992354,0,0.9974025974025974,2
2025-08-15 00:00:00,0.4,0.2,8.0,stress,0.0,0.0,0.098205251463592,0.0104554329254676,0,0.9945945945945944,2
2025-08-15 00:00:00,1.39,0.86,8.0,stress,0.0779999999999999,0.1591035847462855,0.5881976227056299,0.1977030989277916,1,0.9785,3
2025-08-15 00:00:00,1.03,0.75,8.0,stress,0.006,0.2928932188134524,0.406980392531392,0.2799807022961868,1,0.9797297297297296,3
2025-08-15 00:00:00,0.89,0.62,8.0,stress,0.0,0.0,0.338333097405615,0.0360206705208789,0,0.981764705882353,2
2025-08-15 00:00:00,0.79,0.49,8.0,stress,0.0,0.0,0.0,0.0,0,0.9846875,2
2025-08-15 00:00:00,0.64,0.2,8.0,stress,0.0,0.0,0.0,0.0,0,0.9933333333333334,2
2025-08-15 00:00:00,0.54,0.19,8.0,stress,0.0,0.0,0.0,0.0,0,0.9929629629629628,2
2025-08-15 00:00:00,0.36,0.18,8.0,stress,0.0,0.0,0.0,0.0,0,0.9930769230769232,2
2025-08-15 00:00:00,0.4,0.2,8.0,stress,0.0,0.0,0.0980675644653956,0.0104407740640228,0,0.9944444444444444,2
2025-08-16 00:00:00,0.33,0.17,8.0,stress,0.0,0.0,0.0686900089982996,0.0073130893819638,0,0.9932,2
2025-08-16 00:00:00,0.24,0.17,8.0,stress,0.0,0.0,0.0294202693396187,0.0031322322192068,0,0.9939285714285714,2
2025-08-16 00:00:00,0.35,0.17,8.0,stress,0.0,0.0,0.0735878864873483,0.0078345424488896,0,0.9929166666666666,2
2025-08-16 00:00:00,0.31,0.15,8.0,stress,0.0,0.0,0.0686472951257769,0.007308541844816,0,0.9942307692307693,2
2025-08-16 00:00:00,0.27,0.14,8.0,comfort,0.27,0.0,0.0490337822326978,0.0288036611177481,0,0.9944,1
2025-08-16 00:00:00,0.25,0.16,8.0,stress,0.0,0.0,0.0392536319427784,0.0041791422530073,0,0.9930434782608696,2
2025-08-16 00:00:00,0.24,0.14,8.0,comfort,0.24,0.0,0.044130404009428,0.0256612586272429,0,0.9933333333333332,1
2025-08-16 00:00:00,0.24,0.15,8.0,stress,0.0,0.0,0.0490454569427532,0.0052216299813047,0,0.9928571428571428,2
2025-08-16 00:00:00,0.25,0.12,8.0,comfort,0.25,0.0,0.044130404009428,0.0265347132230109,0,0.9952,1
2025-08-16 00:00:00,0.24,0.2,8.0,stress,0.0,0.0,0.0491389819836697,0.0052315871350982,0,0.990909090909091,2
2025-08-16 00:00:00,0.25,0.2,8.0,stress,0.0,0.0,0.0490560703155308,0.0052227599352078,0,0.99,2
2025-08-16 00:00:00,0.28,0.2,8.0,stress,0.0,0.0,0.0785521191367819,0.0083630600252823,0,0.9875,2
2025-08-17 00:00:00,0.19,0.06,8.0,comfort,0.19,0.0,0.0,0.0165956373195924,0,0.9966666666666668,1
2025-08-17 00:00:00,0.19,0.06,8.0,comfort,0.19,0.0,0.0,0.0165956373195924,0,0.997,1
2025-08-17 00:00:00,0.18,0.08,8.0,comfort,0.18,0.0,0.0,0.0157221827238244,0,0.9946666666666668,1
2025-08-17 00:00:00,0.19,0.05,8.0,comfort,0.19,0.0,0.0637439169025071,0.0233821404612073,0,0.9970588235294118,1
2025-08-17 00:00:00,0.19,0.06,8.0,comfort,0.19,0.0,0.0637439169025071,0.0233821404612073,0,0.9976923076923078,1
2025-08-17 00:00:00,0.26,0.05,8.0,comfort,0.26,0.0,0.0882968761375176,0.0321103561438195,0,0.996875,1
2025-08-17 00:00:00,0.21,0.05,8.0,comfort,0.21,0.0,0.0784622238693553,0.0266960358268521,0,0.9966666666666666,1
2025-08-17 00:00:00,0.32,0.22,8.0,stress,0.0,0.0,0.1282102648632428,0.0136499199855013,0,0.9853333333333332,2
2025-08-17 00:00:00,0.34,0.31,8.0,stress,0.0,0.0,0.1426245623802482,0.0151845397600116,0,0.9793333333333332,2
2025-08-17 00:00:00,0.33,0.28,8.0,stress,0.0,0.0,0.1372945902515539,0.014617083689632,0,0.9813333333333334,2
2025-08-17 00:00:00,0.28,0.31,8.0,stress,0.0,0.0,0.0294202693396187,0.0031322322192068,0,0.981764705882353,2
2025-08-17 00:00:00,0.31,0.23,8.0,stress,0.0,0.0,0.0,0.0,0,0.986470588235294,2
2025-08-18 00:00:00,0.22,0.07,8.0,comfort,0.22,0.0,0.0,0.0192160011068965,0,0.9972,1
2025-08-18 00:00:00,0.22,0.07,8.0,comfort,0.22,0.0,0.0,0.0192160011068965,0,0.9972,1
2025-08-18 00:00:00,0.2,0.07,8.0,comfort,0.2,0.0,0.0,0.0174690919153605,0,0.995625,1
2025-08-18 00:00:00,0.2,0.07,8.0,comfort,0.2,0.0,0.0637439169025071,0.0242555950569753,0,0.995625,1
2025-08-18 00:00:00,0.2,0.07,8.0,comfort,0.2,0.0,0.0637439169025071,0.0242555950569753,0,0.9963157894736842,1
2025-08-18 00:00:00,0.2,0.07,8.0,comfort,0.2,0.0,0.0637752297037926,0.0242589287778168,0,0.9953333333333332,1
2025-08-18 00:00:00,0.19,0.06,8.0,comfort,0.19,0.0,0.0588405386792374,0.0228601017580062,0,0.9973913043478262,1
2025-08-18 00:00:00,0.19,0.06,8.0,comfort,0.19,0.0,0.0588520509585442,0.0228613274140919,0,0.997,1
2025-08-18 00:00:00,0.2,0.06,8.0,comfort,0.2,0.0,0.0637439169025071,0.0242555950569753,0,0.998,1
2025-08-18 00:00:00,0.2,0.06,8.0,comfort,0.2,0.0,0.0686472951257769,0.0247776337601765,0,0.9984210526315788,1
2025-08-18 00:00:00,0.2,0.06,8.0,comfort,0.2,0.0,0.0686723083102357,0.0247802967916179,0,0.9976923076923078,1
2025-08-18 00:00:00,0.2,0.07,8.0,comfort,0.2,0.0,0.0687015675599576,0.0247834118808658,0,0.9961111111111112,1
2025-08-19 00:00:00,0.32,0.09,8.0,comfort,0.32,0.0,0.1274878338050143,0.0415235533478065,0,0.9978571428571428,1
2025-08-19 00:00:00,0.32,0.09,8.0,comfort,0.32,0.0,0.1277097992299427,0.0415471849212461,0,0.994375,1
2025-08-19 00:00:00,0.32,0.09,8.0,comfort,0.32,0.0,0.1225844555817445,0.0410015146446054,0,0.9978571428571428,1
2025-08-19 00:00:00,0.44,0.28,8.0,stress,0.0,0.0,0.1719566775070267,0.0183073866312283,0,0.9939130434782608,2
2025-08-19 00:00:00,0.32,0.09,8.0,comfort,0.32,0.0,0.112777699135205,0.0399574372382031,0,0.994375,1
2025-08-19 00:00:00,0.55,0.28,8.0,stress,0.0,0.0,0.22555539827041,0.0240137803472526,0,0.9947169811320754,2
2025-08-19 00:00:00,0.22,0.13,8.0,comfort,0.22,0.0,0.0,0.0192160011068965,0,0.9972916666666666,1
2025-08-19 00:00:00,0.44,0.39,8.0,stress,0.0,0.0,0.171983437338363,0.0183102356196221,0,0.9930357142857142,2
2025-08-19 00:00:00,0.41,0.41,8.0,stress,0.0,0.0,0.063759542440579,0.0067881667162486,0,0.9925454545454546,2
2025-08-19 00:00:00,0.41,0.41,8.0,stress,0.0,0.0,0.1373457636897386,0.0146225318753708,0,0.9918,2
2025-08-19 00:00:00,0.51,0.35,8.0,stress,0.0,0.0,0.058844461381816,0.0062648820693762,0,0.9916666666666666,2
2025-08-19 00:00:00,0.22,0.13,8.0,comfort,0.22,0.0,0.0,0.0192160011068965,0,0.9969047619047618,1
2025-08-20 00:00:00,0.6,0.9,8.0,stress,0.0,0.0,0.0953491082289948,0.0101513533210695,0,0.95,2
2025-08-20 00:00:00,0.6,0.9,8.0,stress,0.0,0.0,0.1225844555817445,0.0130509675800285,0,0.95,2
2025-08-20 00:00:00,0.6,0.9,8.0,stress,0.0,0.0,0.2304587764936798,0.0245358190504537,0,0.95,2
2025-08-20 00:00:00,0.6,0.9,8.0,stress,0.0,0.0,0.0,0.0,0,0.95,2
2025-08-20 00:00:00,0.6,0.9,8.0,stress,0.0,0.0,0.0,0.0,0,0.95,2
2025-08-20 00:00:00,0.6,0.9,8.0,stress,0.0,0.0,0.0,0.0,0,0.95,2
2025-08-20 00:00:00,0.6,0.2,8.0,stress,0.0,0.0,0.0,0.0,0,0.9833333333333334,2
2025-08-20 00:00:00,2.29,1.52,8.0,stress,0.258,0.1591035847462855,0.700556153997604,0.2253875450745942,1,0.9276190476190476,3
2025-08-20 00:00:00,3.24,2.41,8.0,stress,0.448,0.2928932188134524,1.0,0.3817232933263434,1,0.8795,3
2025-08-20 00:00:00,4.35,4.04,8.0,stress,0.6699999999999999,0.4053964424986395,1.0,0.4918128951463505,1,0.8936842105263159,3
2025-08-20 00:00:00,4.53,4.16,8.0,stress,0.7060000000000001,0.5,1.0,0.5712257198042737,1,0.7688888888888888,4
2025-08-20 00:00:00,0.41,0.2,8.0,stress,0.0,0.0,0.0,0.0,0,0.9833333333333334,2
2025-08-21 00:00:00,0.6,0.5,8.0,stress,0.0,0.0,0.0,0.0,0,0.9666666666666668,2
2025-08-21 00:00:00,0.6,0.5,8.0,stress,0.0,0.0,0.0,0.0,0,0.9666666666666668,2
2025-08-21 00:00:00,0.6,0.5,8.0,stress,0.0,0.0,0.1961351289307913,0.0208815481280457,0,0.9666666666666668,2
2025-08-21 00:00:00,0.69,0.66,8.0,stress,0.0,0.0,0.0936610619020838,0.0099716352827461,0,0.956,2
2025-08-21 00:00:00,0.58,0.66,8.0,stress,0.0,0.0,0.0392270257861582,0.0041763096256091,0,0.9685714285714284,2
2025-08-21 00:00:00,0.96,0.64,8.0,stress,0.0,0.0,0.22555539827041,0.0240137803472526,0,0.984,2
2025-08-21 00:00:00,0.76,0.63,8.0,stress,0.0,0.0,0.0496068645625424,0.005281400305448,0,0.960625,2
2025-08-21 00:00:00,1.2,0.92,8.0,stress,0.0399999999999999,0.1591035847462855,0.2653695160384793,0.1600140414915902,1,0.956190476190476,2
2025-08-21 00:00:00,1.25,1.19,8.0,stress,0.05,0.2928932188134524,0.3010288963655819,0.2725437647957535,1,0.9433333333333332,3
2025-08-21 00:00:00,0.76,1.05,8.0,stress,0.0,0.0,0.0637439169025071,0.0067865031416148,0,0.95,2
2025-08-21 00:00:00,0.79,0.87,8.0,stress,0.0,0.0,0.0,0.0,0,0.9888461538461538,2
2025-08-21 00:00:00,0.95,0.8,8.0,stress,0.0,0.0,0.0,0.0,0,0.9619047619047618,2
2025-08-22 00:00:00,0.39,0.35,8.0,stress,0.0,0.0,0.0,0.0,0,0.9730769230769232,2
2025-08-22 00:00:00,0.63,0.46,8.0,stress,0.0,0.0,0.0,0.0,0,0.977,2
2025-08-22 00:00:00,0.54,0.43,8.0,stress,0.0,0.0,0.0,0.0,0,0.966923076923077,2
2025-08-22 00:00:00,0.41,0.4,8.0,stress,0.0,0.0,0.0294202693396187,0.0031322322192068,0,0.9692307692307692,2
2025-08-22 00:00:00,0.38,0.31,8.0,stress,0.0,0.0,0.0,0.0,0,0.9741666666666666,2
2025-08-22 00:00:00,0.3,0.32,8.0,stress,0.0,0.0,0.0,0.0,0,0.9709090909090908,2
2025-08-22 00:00:00,0.31,0.27,8.0,stress,0.0,0.0,0.0,0.0,0,0.973,2
2025-08-22 00:00:00,0.29,0.21,8.0,stress,0.0,0.0,0.0,0.0,0,0.9809090909090908,2
2025-08-22 00:00:00,0.29,0.21,8.0,stress,0.0,0.0,0.0,0.0,0,0.9809090909090908,2
2025-08-22 00:00:00,0.33,0.24,8.0,stress,0.0,0.0,0.0294924827279977,0.003139920425563,0,0.976,2
2025-08-22 00:00:00,0.33,0.24,8.0,stress,0.0,0.0,0.0588405386792374,0.0062644644384137,0,0.976,2
2025-08-22 00:00:00,0.27,0.21,8.0,stress,0.0,0.0,0.0294202693396187,0.0031322322192068,0,0.9809090909090908,2
2025-08-23 00:00:00,0.24,0.17,8.0,stress,0.0,0.0,0.0,0.0,0,0.983,2
2025-08-23 00:00:00,0.24,0.17,8.0,stress,0.0,0.0,0.0,0.0,0,0.983,2
2025-08-23 00:00:00,0.24,0.17,8.0,stress,0.0,0.0,0.0147101346698093,0.0015661161096034,0,0.983,2
2025-08-23 00:00:00,0.23,0.17,8.0,stress,0.0,0.0,0.0294202693396187,0.0031322322192068,0,0.983,2
2025-08-23 00:00:00,0.23,0.17,8.0,stress,0.0,0.0,0.0294480551495505,0.003135190438525,0,0.9811111111111112,2
2025-08-23 00:00:00,0.24,0.17,8.0,stress,0.0,0.0,0.0343236475628884,0.003654270922408,0,0.983,2
2025-08-23 00:00:00,0.26,0.15,8.0,stress,0.0,0.0,0.044130404009428,0.0046983483288102,0,0.985,2
2025-08-23 00:00:00,0.26,0.17,8.0,stress,0.0,0.0,0.0441404336467029,0.0046994161352486,0,0.9845454545454544,2
2025-08-23 00:00:00,0.27,0.18,8.0,stress,0.0,0.0,0.0490560703155308,0.0052227599352078,0,0.9836363636363636,2
2025-08-23 00:00:00,0.29,0.22,8.0,stress,0.0,0.0,0.0687149023103705,0.0073157396511783,0,0.9816666666666666,2
2025-08-23 00:00:00,0.3,0.21,8.0,stress,0.0,0.0,0.0638289087917105,0.0067955518124703,0,0.979,2
2025-08-23 00:00:00,0.23,0.17,8.0,stress,0.0,0.0,0.0245168911163489,0.0026101935160057,0,0.983,2
2025-08-24 00:00:00,0.2,0.08,8.0,comfort,0.2,0.0,0.0,0.0174690919153605,0,0.9933333333333332,1
2025-08-24 00:00:00,0.18,0.08,8.0,comfort,0.18,0.0,0.0,0.0157221827238244,0,0.9927272727272728,1
2025-08-24 00:00:00,0.18,0.08,8.0,comfort,0.18,0.0,0.0049033782232697,0.0162442214270256,0,0.9927272727272728,1
2025-08-24 00:00:00,0.18,0.08,8.0,comfort,0.18,0.0,0.0490337822326978,0.0209425697558359,0,0.9927272727272728,1
2025-08-24 00:00:00,0.18,0.08,8.0,comfort,0.18,0.0,0.0490337822326978,0.0209425697558359,0,0.9933333333333332,1
2025-08-24 00:00:00,0.23,0.2,8.0,stress,0.0,0.0,0.0740410111713737,0.0078827844183372,0,0.98,2
2025-08-24 00:00:00,0.23,0.21,8.0,stress,0.0,0.0,0.0736732578046285,0.0078436315155971,0,0.9766666666666666,2
2025-08-24 00:00:00,0.24,0.24,8.0,stress,0.0,0.0,0.0784802029228406,0.0083554034576353,0,0.976,2
2025-08-24 00:00:00,0.24,0.24,8.0,stress,0.0,0.0,0.0196135128930791,0.0020881548128045,0,0.976,2
2025-08-24 00:00:00,0.26,0.25,8.0,stress,0.0,0.0,0.0245291495619071,0.0026114986127637,0,0.975,2
2025-08-24 00:00:00,0.19,0.09,8.0,comfort,0.19,0.0,0.0,0.0165956373195924,0,0.9918181818181818,1
2025-08-24 00:00:00,0.2,0.09,8.0,comfort,0.2,0.0,0.0,0.0174690919153605,0,0.9918181818181818,1
2025-08-25 00:00:00,0.19,0.08,8.0,comfort,0.19,0.0,0.0,0.0165956373195924,0,0.9952941176470588,1
2025-08-25 00:00:00,0.19,0.08,8.0,comfort,0.19,0.0,0.0490337822326978,0.0218160243516039,0,0.9952941176470588,1
2025-08-25 00:00:00,0.2,0.12,8.0,comfort,0.2,0.0,0.0540259981320127,0.0232209757635487,0,0.992,1
2025-08-25 00:00:00,0.2,0.09,8.0,comfort,0.2,0.0,0.0588405386792374,0.0237335563537742,0,0.9947058823529412,1
2025-08-25 00:00:00,0.2,0.1,8.0,comfort,0.2,0.0,0.0588809194410761,0.0237378554960358,0,0.9933333333333334,1
2025-08-25 00:00:00,0.2,0.08,8.0,comfort,0.2,0.0,0.0392270257861582,0.0216454015409696,0,0.9946666666666668,1
2025-08-25 00:00:00,0.18,0.07,8.0,comfort,0.18,0.0,0.044130404009428,0.0204205310526347,0,0.9953333333333332,1
2025-08-25 00:00:00,0.18,0.07,8.0,comfort,0.18,0.0,0.0392411072825943,0.0198999915375043,0,0.9946153846153846,1
2025-08-25 00:00:00,0.17,0.06,8.0,comfort,0.17,0.0,0.044130404009428,0.0195470764568667,0,0.995,1
2025-08-25 00:00:00,0.17,0.06,8.0,comfort,0.17,0.0,0.0490337822326978,0.0200691151600678,0,0.9957142857142856,1
2025-08-25 00:00:00,0.17,0.06,8.0,comfort,0.17,0.0,0.0490337822326978,0.0200691151600678,0,0.9957142857142856,1
2025-08-25 00:00:00,0.17,0.06,8.0,comfort,0.17,0.0,0.0539460511967021,0.0205921004169616,0,0.9953846153846152,1
2025-08-26 00:00:00,0.19,0.11,8.0,comfort,0.19,0.0,0.0638472380864975,0.0233931405624533,0,0.9921428571428572,1
2025-08-26 00:00:00,0.21,0.13,8.0,comfort,0.21,0.0,0.0736601237558161,0.0261847797087707,0,0.9891666666666666,1
2025-08-26 00:00:00,0.21,0.14,8.0,comfort,0.21,0.0,0.0735813194629422,0.0261763898010407,0,0.9883333333333332,1
2025-08-26 00:00:00,0.2,0.11,8.0,comfort,0.2,0.0,0.044130404009428,0.0221674402441708,0,0.9908333333333332,1
2025-08-26 00:00:00,0.2,0.1,8.0,comfort,0.2,0.0,0.0343236475628884,0.0211233628377685,0,0.9916666666666668,1
2025-08-26 00:00:00,0.18,0.09,8.0,comfort,0.18,0.0,0.0196135128930791,0.017810337536629,0,0.994,1
2025-08-26 00:00:00,0.21,0.11,8.0,comfort,0.21,0.0,0.0491563666882795,0.02357598451072,0,0.989,1
2025-08-26 00:00:00,0.22,0.08,8.0,comfort,0.22,0.0,0.0588405386792374,0.0254804655453102,0,0.991111111111111,1
2025-08-26 00:00:00,0.34,0.09,8.0,comfort,0.34,0.0,0.1225844555817445,0.0427484238361414,0,0.9957142857142858,1
2025-08-26 00:00:00,0.22,0.22,8.0,stress,0.0,0.0,0.0542453728014303,0.0057752395965566,0,0.9842857142857142,2
2025-08-26 00:00:00,0.22,0.12,8.0,comfort,0.22,0.0,0.0686472951257769,0.0265245429517125,0,0.9907692307692308,1
2025-08-26 00:00:00,0.22,0.09,8.0,comfort,0.22,0.0,0.0637439169025071,0.0260025042485114,0,0.9925,1
2025-08-27 00:00:00,0.22,0.14,8.0,comfort,0.22,0.0,0.0,0.0192160011068965,0,0.9906666666666666,1
2025-08-27 00:00:00,0.22,0.13,8.0,comfort,0.22,0.0,0.0490337822326978,0.024436388138908,0,0.9913333333333332,1
2025-08-27 00:00:00,0.2,0.1,8.0,comfort,0.2,0.0,0.0539371604559676,0.023211517650573,0,0.995,1
2025-08-27 00:00:00,0.2,0.08,8.0,comfort,0.2,0.0,0.0294202693396187,0.0206013241345673,0,0.996,1
2025-08-27 00:00:00,0.2,0.09,8.0,comfort,0.2,0.0,0.0343236475628884,0.0211233628377685,0,0.9960869565217392,1
2025-08-27 00:00:00,0.2,0.07,8.0,comfort,0.2,0.0,0.0490808617699864,0.0226944912755005,0,0.9941666666666666,1
2025-08-27 00:00:00,0.22,0.07,8.0,comfort,0.22,0.0,0.0686472951257769,0.0265245429517125,0,0.9946153846153846,1
2025-08-27 00:00:00,0.2,0.07,8.0,comfort,0.2,0.0,0.0539371604559676,0.023211517650573,0,0.9946153846153846,1
2025-08-27 00:00:00,0.2,0.1,8.0,comfort,0.2,0.0,0.0638174675758562,0.0242634256375234,0,0.9923076923076924,1
2025-08-27 00:00:00,0.19,0.11,8.0,comfort,0.19,0.0,0.0588405386792374,0.0228601017580062,0,0.9926666666666668,1
2025-08-27 00:00:00,0.18,0.1,8.0,comfort,0.18,0.0,0.0539371604559676,0.021464608459037,0,0.9933333333333334,1
2025-08-27 00:00:00,0.2,0.07,8.0,comfort,0.2,0.0,0.0490337822326978,0.0226894789473719,0,0.9946153846153846,1
2025-08-28 00:00:00,0.21,0.12,8.0,comfort,0.21,0.0,0.0491280779677607,0.0235729727489707,0,0.9907692307692308,1
2025-08-28 00:00:00,0.21,0.13,8.0,comfort,0.21,0.0,0.0540069392999141,0.0240924012586559,0,0.9881818181818182,1
2025-08-28 00:00:00,0.21,0.15,8.0,stress,0.0,0.0,0.0687097017577094,0.0073151859737658,0,0.9863636363636364,2
2025-08-28 00:00:00,0.21,0.16,8.0,stress,0.0,0.0,0.0441825581232573,0.0047039009222897,0,0.984,2
2025-08-28 00:00:00,0.22,0.13,8.0,comfort,0.22,0.0,0.044130404009428,0.0239143494357068,0,0.9891666666666666,1
2025-08-28 00:00:00,0.2,0.08,8.0,comfort,0.2,0.0,0.0245168911163489,0.0200792854313662,0,0.9927272727272728,1
2025-08-28 00:00:00,0.22,0.08,8.0,comfort,0.22,0.0,0.0294202693396187,0.0223482333261034,0,0.9946666666666668,1
2025-08-28 00:00:00,0.22,0.09,8.0,comfort,0.22,0.0,0.0441451141440978,0.0239159155518164,0,0.994,1
2025-08-28 00:00:00,0.22,0.13,8.0,comfort,0.22,0.0,0.0687202328768481,0.0265323082774226,0,0.991875,1
2025-08-28 00:00:00,0.22,0.13,8.0,comfort,0.22,0.0,0.0686658871015402,0.0265265223484622,0,0.9913333333333332,1
2025-08-28 00:00:00,0.21,0.12,8.0,comfort,0.21,0.0,0.0588571347286084,0.0246087778497684,0,0.9907692307692308,1
2025-08-28 00:00:00,0.2,0.09,8.0,comfort,0.2,0.0,0.0343236475628884,0.0211233628377685,0,0.9918181818181818,1
2025-08-29 00:00:00,0.21,0.08,8.0,comfort,0.21,0.0,0.0392270257861582,0.0225188561367376,0,0.998987341772152,1
2025-08-29 00:00:00,0.21,0.09,8.0,comfort,0.21,0.0,0.0441647985919381,0.0230445566629582,0,0.9974285714285712,1
2025-08-29 00:00:00,0.2,0.04,8.0,comfort,0.2,0.0,0.0539756869991504,0.0232156193832411,0,0.996,1
2025-08-29 00:00:00,0.2,0.09,8.0,comfort,0.2,0.0,0.0589635688964758,0.0237466547794181,0,0.9918181818181818,1
2025-08-29 00:00:00,0.2,0.09,8.0,comfort,0.2,0.0,0.0539371604559676,0.023211517650573,0,0.99625,1
2025-08-29 00:00:00,0.21,0.08,8.0,comfort,0.21,0.0,0.0833574297955863,0.0272172044655479,0,0.9986206896551724,1
2025-08-29 00:00:00,0.24,0.1,8.0,comfort,0.24,0.0,0.0735548373089378,0.0287939341628987,0,0.9985074626865672,1
2025-08-29 00:00:00,0.24,0.11,8.0,comfort,0.24,0.0,0.0735766905275299,0.0287962607682257,0,0.9978,1
2025-08-29 00:00:00,0.24,0.11,8.0,comfort,0.24,0.0,0.0784576473830135,0.0293159123780332,0,0.9977083333333332,1
2025-08-29 00:00:00,0.24,0.11,8.0,comfort,0.24,0.0,0.0686525390163768,0.0282720104346395,0,0.9975555555555556,1
2025-08-29 00:00:00,0.24,0.11,8.0,comfort,0.24,0.0,0.0637494818476336,0.0277500059125439,0,0.9973809523809524,1
2025-08-29 00:00:00,0.21,0.09,8.0,comfort,0.21,0.0,0.0490337822326978,0.0235629335431399,0,0.99775,1
2025-08-30 00:00:00,0.24,0.16,8.0,stress,0.0,0.0,0.0638480502839987,0.0067975897135574,0,0.9944827586206896,2
2025-08-30 00:00:00,0.21,0.1,8.0,comfort,0.21,0.0,0.0490337822326978,0.0235629335431399,0,0.9966666666666666,1
2025-08-30 00:00:00,0.23,0.1,8.0,comfort,0.23,0.0,0.0686554674228157,0.0273988676119859,0,0.9964285714285712,1
2025-08-30 00:00:00,0.22,0.1,8.0,comfort,0.22,0.0,0.0294202693396187,0.0223482333261034,0,0.9970588235294118,1
2025-08-30 00:00:00,0.23,0.13,8.0,comfort,0.23,0.0,0.0637838324481956,0.0268802084572523,0,0.9958064516129032,1
2025-08-30 00:00:00,0.23,0.14,8.0,comfort,0.23,0.0,0.0637641249295563,0.0268781102941074,0,0.9951724137931034,1
2025-08-30 00:00:00,0.22,0.1,8.0,comfort,0.22,0.0,0.0588405386792374,0.0254804655453102,0,0.996774193548387,1
2025-08-30 00:00:00,0.22,0.1,8.0,comfort,0.22,0.0,0.044130404009428,0.0239143494357068,0,0.996969696969697,1
2025-08-30 00:00:00,0.22,0.1,8.0,comfort,0.22,0.0,0.0392270257861582,0.0233923107325057,0,0.9970588235294118,1
2025-08-30 00:00:00,0.27,0.25,8.0,stress,0.0,0.0,0.0836069767230205,0.0089012259955645,0,0.9910714285714286,2
2025-08-30 00:00:00,0.24,0.1,8.0,comfort,0.24,0.0,0.0686472951257769,0.0282714521432486,0,0.9970588235294118,1
2025-08-30 00:00:00,0.3,0.28,8.0,stress,0.0,0.0,0.098431845941242,0.0104795573315155,0,0.9896296296296296,2
2025-08-31 00:00:00,0.22,0.1,8.0,comfort,0.22,0.0,0.0,0.0192160011068965,0,0.996153846153846,1
2025-08-31 00:00:00,0.31,0.28,8.0,stress,0.0,0.0,0.1032877763584767,0.0109965444988154,0,0.99,2
2025-08-31 00:00:00,0.28,0.1,8.0,comfort,0.28,0.0,0.0,0.0244567286815047,0,0.9964285714285712,1
2025-08-31 00:00:00,0.25,0.08,8.0,comfort,0.25,0.0,0.0735506733490467,0.0296669454422177,0,0.9971428571428572,1
2025-08-31 00:00:00,0.24,0.08,8.0,comfort,0.24,0.0,0.0,0.0209629102984326,0,0.9968,1
2025-08-31 00:00:00,0.29,0.07,8.0,comfort,0.29,0.0,0.0931641862421258,0.0352489186380944,0,0.9974074074074074,1
2025-08-31 00:00:00,0.23,0.07,8.0,comfort,0.23,0.0,0.0735506733490467,0.0279200362506817,0,0.9974074074074074,1
2025-08-31 00:00:00,0.22,0.08,8.0,comfort,0.22,0.0,0.068663919114625,0.0265263128265183,0,0.996923076923077,1
2025-08-31 00:00:00,0.31,0.28,8.0,stress,0.0,0.0,0.1181102277260498,0.0125746184180306,0,0.9896296296296296,2
2025-08-31 00:00:00,0.22,0.08,8.0,comfort,0.22,0.0,0.0735506733490467,0.0270465816549137,0,0.997037037037037,1
2025-08-31 00:00:00,0.22,0.08,8.0,comfort,0.22,0.0,0.0686512066525647,0.0265249593928433,0,0.996923076923077,1
2025-08-31 00:00:00,0.22,0.08,8.0,comfort,0.22,0.0,0.0,0.0192160011068965,0,0.996923076923077,1
2025-08-31 02:00:00,0.23,0.1,8.0,comfort,0.23,0.0,0.0735643299727455,0.0279214902046296,0,0.996551724137931,1
2025-09-01 00:00:00,0.14,0.03,9.0,comfort,0.14,0.0,0.0294202693396187,0.0153605965599592,0,0.9985714285714286,1
2025-09-01 00:00:00,0.13,0.06,9.0,comfort,0.13,0.0,0.0245276677717846,0.0139662505987992,0,0.9976923076923078,1
2025-09-01 00:00:00,0.17,0.03,9.0,comfort,0.17,0.0,0.0343236475628884,0.0185029990504644,0,0.9988461538461538,1
2025-09-01 00:00:00,0.17,0.03,9.0,comfort,0.17,0.0,0.0686472951257769,0.0221572699728724,0,0.9988888888888888,1
2025-09-01 00:00:00,0.16,0.03,9.0,comfort,0.16,0.0,0.0490337822326978,0.0191956605642998,0,0.9989655172413792,1
2025-09-01 00:00:00,0.16,0.03,9.0,comfort,0.16,0.0,0.0637507858590699,0.0207625079781211,0,0.99875,1
2025-09-01 00:00:00,0.14,0.03,9.0,comfort,0.14,0.0,0.0539371604559676,0.0179707900759649,0,0.9988,1
2025-09-01 00:00:00,0.14,0.03,9.0,comfort,0.14,0.0,0.0539371604559676,0.0179707900759649,0,0.9988,1
2025-09-01 00:00:00,0.13,0.03,9.0,comfort,0.13,0.0,0.0490337822326978,0.0165752967769957,0,0.9988888888888888,1
2025-09-01 00:00:00,0.14,0.04,9.0,comfort,0.14,0.0,0.053948685490253,0.0179720170900109,0,0.9984615384615384,1
2025-09-01 00:00:00,0.2,0.03,9.0,comfort,0.2,0.0,0.0833574297955863,0.0263437498697799,0,0.9988,1
2025-09-01 00:00:00,0.14,0.04,9.0,comfort,0.14,0.0,0.0539497457934073,0.0179721299753031,0,0.9983333333333334,1
2025-09-02 00:00:00,0.27,0.05,9.0,comfort,0.27,0.0,0.1129005979099036,0.0356032486909624,0,0.996153846153846,1
2025-09-02 00:00:00,0.29,0.08,9.0,comfort,0.29,0.0,0.1274878338050143,0.0389031895605024,0,0.9961904761904764,1
2025-09-02 00:00:00,0.29,0.08,9.0,comfort,0.29,0.0,0.1225844555817445,0.0383811508573013,0,0.9965217391304348,1
2025-09-02 00:00:00,0.29,0.08,9.0,comfort,0.29,0.0,0.1176810773584748,0.0378591121541001,0,0.9965217391304348,1
2025-09-02 00:00:00,0.28,0.05,9.0,comfort,0.28,0.0,0.0980675644653956,0.0348975027455275,0,0.998,1
2025-09-02 00:00:00,0.28,0.04,9.0,comfort,0.28,0.0,0.0980675644653956,0.0348975027455275,0,0.9983333333333334,1
2025-09-02 00:00:00,0.27,0.05,9.0,comfort,0.27,0.0,0.0932321184612607,0.033509241857759,0,0.996875,1
2025-09-02 00:00:00,0.28,0.04,9.0,comfort,0.28,0.0,0.112777699135205,0.036463618855131,0,0.9983333333333334,1
2025-09-02 00:00:00,0.28,0.04,9.0,comfort,0.28,0.0,0.1176853411656254,0.0369861115050306,0,0.9982608695652174,1
2025-09-02 00:00:00,0.29,0.04,9.0,comfort,0.29,0.0,0.1177927115820559,0.0378709973040228,0,0.9963636363636365,1
2025-09-02 00:00:00,0.3,0.04,9.0,comfort,0.3,0.0,0.1274878338050143,0.0397766441562705,0,0.996923076923077,1
2025-09-02 00:00:00,0.28,0.06,9.0,comfort,0.28,0.0,0.1177206815672012,0.0369898740247811,0,0.99625,1
2025-09-03 00:00:00,0.2,0.22,9.0,stress,0.0,0.0,0.0786151625710811,0.0083697719514663,0,0.9921428571428572,2
2025-09-03 00:00:00,0.25,0.2,9.0,stress,0.0,0.0,0.1029709426886654,0.010962812767224,0,0.9923076923076924,2
2025-09-03 00:00:00,0.27,0.08,9.0,comfort,0.27,0.0,0.1029709426886654,0.0345460868529607,0,0.996923076923077,1
2025-09-03 00:00:00,0.2,0.2,9.0,stress,0.0,0.0,0.0,0.0,0,0.9928571428571428,2
2025-09-03 00:00:00,0.26,0.06,9.0,comfort,0.26,0.0,0.0294202693396187,0.0258420517091755,0,0.9976,1
2025-09-03 00:00:00,0.21,0.06,9.0,comfort,0.21,0.0,0.0637439169025071,0.0251290496527434,0,0.9976,1
2025-09-03 00:00:00,0.22,0.08,9.0,comfort,0.22,0.0,0.0098100756564137,0.0202604318933441,0,0.996923076923077,1
2025-09-03 00:00:00,0.18,0.06,9.0,comfort,0.18,0.0,0.0588405386792374,0.0219866471622381,0,0.9993333333333332,1
2025-09-03 00:00:00,0.19,0.05,9.0,comfort,0.19,0.0,0.0637625088782704,0.0233841198579569,0,0.99875,1
2025-09-03 00:00:00,0.16,0.06,9.0,comfort,0.16,0.0,0.0392270257861582,0.0181515831578975,0,0.999,1
2025-09-03 00:00:00,0.16,0.06,9.0,comfort,0.16,0.0,0.0490419545297366,0.0191965306288051,0,0.9986666666666666,1
2025-09-03 00:00:00,0.18,0.06,9.0,comfort,0.18,0.0,0.0637492288955824,0.0225092514073678,0,0.9985,1
2025-09-04 00:00:00,0.2,0.14,9.0,comfort,0.2,0.0,0.0687331042446842,0.0247867694374825,0,0.996,1
2025-09-04 00:00:00,0.16,0.15,9.0,stress,0.0,0.0,0.0490337822326978,0.0052203870320114,0,0.9961538461538462,2
2025-09-04 00:00:00,0.13,0.15,9.0,stress,0.0,0.0,0.0343236475628884,0.003654270922408,0,0.9976923076923075,2
2025-09-04 00:00:00,0.15,0.07,9.0,comfort,0.15,0.0,0.0049033782232697,0.0136238576397215,0,0.9985106382978725,1
2025-09-04 00:00:00,0.16,0.14,9.0,comfort,0.16,0.0,0.0049073542486375,0.0144977355434687,0,0.9968888888888888,1
2025-09-04 00:00:00,0.14,0.12,9.0,comfort,0.14,0.0,0.0,0.0122283643407523,0,0.9974468085106384,1
2025-09-04 00:00:00,0.14,0.1,9.0,comfort,0.14,0.0,0.0343236475628884,0.0158826352631603,0,0.9980392156862744,1
2025-09-04 00:00:00,0.13,0.08,9.0,comfort,0.13,0.0,0.0,0.0113549097449843,0,0.9983333333333334,1
2025-09-04 00:00:00,0.14,0.08,9.0,comfort,0.14,0.0,0.0098067564465395,0.0132724417471546,0,0.9985454545454546,1
2025-09-04 00:00:00,0.13,0.06,9.0,comfort,0.13,0.0,0.0147101346698093,0.0129210258545877,0,0.9988888888888888,1
2025-09-04 00:00:00,0.21,0.17,9.0,stress,0.0,0.0,0.0638549423433584,0.006798323477417,0,0.9954054054054052,2
2025-09-04 00:00:00,0.21,0.2,9.0,stress,0.0,0.0,0.0637568379667441,0.0067878787841435,0,0.995,2
2025-09-09 00:00:00,0.4,0.06,9.0,comfort,0.4,0.0,0.1667148595911726,0.0526874997395599,0,0.9985,2
2025-09-09 00:00:00,0.4,0.15,9.0,stress,0.0,0.0,0.113095893357765,0.0120407667566161,0,0.9928571428571428,2
2025-09-09 00:00:00,0.37,0.15,9.0,stress,0.0,0.0,0.0833574297955863,0.0088746579544194,0,0.9928571428571428,2
2025-09-09 00:00:00,0.37,0.11,9.0,comfort,0.37,0.0,0.1520047249213633,0.0485010198426524,0,0.9947619047619048,1
2025-09-09 00:00:00,0.4,0.13,9.0,comfort,0.4,0.0,0.1227321063265629,0.0480048710635771,0,0.9923529411764708,1
2025-09-09 00:00:00,0.35,0.11,9.0,comfort,0.35,0.0,0.0980675644653956,0.0410116849159037,0,0.9942105263157895,1
2025-09-09 00:00:00,0.36,0.14,9.0,comfort,0.36,0.0,0.1229446818327962,0.0445336845552153,0,0.9883333333333332,1
2025-09-09 00:00:00,0.37,0.12,9.0,comfort,0.37,0.0,0.1177006908713678,0.0448488370750572,0,0.988,1
2025-09-09 00:00:00,0.4,0.1,9.0,comfort,0.4,0.0,0.1448997298758454,0.050364949549018,0,0.95,1
2025-09-09 00:00:00,0.47,0.11,9.0,comfort,0.47,0.0,0.1622160100713225,0.058322711399749,0,0.945,2
2025-09-09 00:00:00,0.4,0.15,9.0,stress,0.0,0.0,0.1372945902515539,0.014617083689632,0,0.9928571428571428,2
2025-09-09 00:00:00,0.36,0.09,9.0,comfort,0.36,0.0,0.1274878338050143,0.0450173717308786,0,0.9947058823529412,1
2025-09-10 00:00:00,0.45,0.08,9.0,comfort,0.45,0.0,0.166940414989443,0.0570787864987473,0,0.992,2
2025-09-10 00:00:00,0.49,0.2,9.0,stress,0.0,0.0,0.167437290649401,0.0178262296111105,0,0.9833333333333334,2
2025-09-10 00:00:00,0.55,0.22,9.0,stress,0.0,0.0,0.2261568793324645,0.0240778170948452,0,0.978,2
2025-09-10 00:00:00,0.55,0.22,9.0,stress,0.0,0.0,0.2304587764936798,0.0245358190504537,0,0.978,2
2025-09-10 00:00:00,0.55,0.23,9.0,stress,0.0,0.0,0.1717040469333496,0.018280490289346,0,0.977,2
2025-09-10 00:00:00,0.54,0.1,9.0,comfort,0.54,0.0,0.1569081031446331,0.06387178667391,0,0.99,2
2025-09-10 00:00:00,0.53,0.09,9.0,comfort,0.53,0.0,0.1520047249213633,0.0624762933749408,0,0.991,2
2025-09-10 00:00:00,0.62,0.07,9.0,comfort,0.62,0.0,0.1912317507075215,0.0745136943624621,0,0.993,2
2025-09-10 00:00:00,0.5,0.05,9.0,comfort,0.5,0.0,0.1961351289307913,0.064554277916447,0,0.995,2
2025-09-10 00:00:00,0.5,0.09,9.0,comfort,0.5,0.0,0.2014405841683692,0.0651191237933106,0,0.991,2
2025-09-10 00:00:00,0.45,0.09,9.0,comfort,0.45,0.0,0.1863283724842517,0.0591429275312046,0,0.991,2
2025-09-10 00:00:00,0.49,0.23,9.0,stress,0.0,0.0,0.2170333269183672,0.023106477081089,0,0.979090909090909,2
2025-09-11 00:00:00,0.35,0.03,9.0,comfort,0.35,0.0,0.1274878338050143,0.0441439171351106,0,0.9993617021276596,1
2025-09-11 00:00:00,0.32,0.04,9.0,comfort,0.32,0.0,0.1128544839516375,0.0399656121421511,0,0.998,1
2025-09-11 00:00:00,0.32,0.04,9.0,comfort,0.32,0.0,0.044130404009428,0.0326488953933871,0,0.998,1
2025-09-11 00:00:00,0.35,0.03,9.0,comfort,0.35,0.0,0.156908103144633,0.0472761493543174,0,0.998695652173913,1
2025-09-11 00:00:00,0.35,0.03,9.0,comfort,0.35,0.0,0.1520047249213633,0.0467541106511163,0,0.9991176470588234,1
2025-09-11 00:00:00,0.35,0.03,9.0,comfort,0.35,0.0,0.1520047249213633,0.0467541106511163,0,0.9994230769230767,1
2025-09-11 00:00:00,0.35,0.03,9.0,comfort,0.35,0.0,0.1570012895181069,0.0472860704518443,0,0.998235294117647,1
2025-09-11 00:00:00,0.35,0.04,9.0,comfort,0.35,0.0,0.1569122985484604,0.0472765960184485,0,0.9981818181818182,1
2025-09-11 00:00:00,0.36,0.04,9.0,comfort,0.36,0.0,0.1618114813679028,0.0486716426532866,0,0.9982608695652174,1
2025-09-11 00:00:00,0.35,0.04,9.0,comfort,0.35,0.0,0.1569562590842171,0.0472812762817351,0,0.9976470588235294,1
2025-09-11 00:00:00,0.32,0.04,9.0,comfort,0.32,0.0,0.1372945902515539,0.0425676307542088,0,0.998,1
2025-09-11 00:00:00,0.32,0.04,9.0,comfort,0.32,0.0,0.1372945902515539,0.0425676307542088,0,0.998095238095238,1
2025-09-12 00:00:00,0.22,0.04,9.0,comfort,0.22,0.0,0.0882608080188561,0.0286126977645171,0,0.9996296296296296,1
2025-09-12 00:00:00,0.22,0.04,9.0,comfort,0.22,0.0,0.0882640769376716,0.0286130457903192,0,0.9995555555555556,1
2025-09-12 00:00:00,0.2,0.03,9.0,comfort,0.2,0.0,0.0784580138981535,0.0258221330160359,0,0.9994545454545456,1
2025-09-12 00:00:00,0.21,0.03,9.0,comfort,0.21,0.0,0.0833574297955863,0.0272172044655479,0,0.9995,1
2025-09-12 00:00:00,0.21,0.03,9.0,comfort,0.21,0.0,0.0833574297955863,0.0272172044655479,0,0.99953125,1
2025-09-12 00:00:00,0.21,0.07,9.0,comfort,0.21,0.0,0.088286926865926,0.0277420239146823,0,0.998939393939394,1
2025-09-12 00:00:00,0.22,0.07,9.0,comfort,0.22,0.0,0.0931641862421258,0.0291347364677182,0,0.998939393939394,1
2025-09-12 00:00:00,0.22,0.03,9.0,comfort,0.22,0.0,0.0931641862421258,0.0291347364677182,0,0.9995384615384616,1
2025-09-12 00:00:00,0.22,0.04,9.0,comfort,0.22,0.0,0.0735582170078517,0.0270473847913801,0,0.9993333333333332,1
2025-09-12 00:00:00,0.22,0.04,9.0,comfort,0.22,0.0,0.0735506733490467,0.0270465816549137,0,0.9993333333333332,1
2025-09-12 00:00:00,0.22,0.04,9.0,comfort,0.22,0.0,0.0931641862421258,0.0291347364677182,0,0.9994029850746268,1
2025-09-12 00:00:00,0.2,0.03,9.0,comfort,0.2,0.0,0.0784541686679159,0.0258217236331747,0,0.9994,1
2025-09-13 00:00:00,0.26,0.11,9.0,comfort,0.26,0.0,0.108027367604729,0.0342109650934175,0,0.9965625,1
2025-09-13 00:00:00,1.73,0.73,9.0,stress,0.146,0.1591035847462855,0.836698669267503,0.2300992815016713,1,0.9771875,3
2025-09-13 00:00:00,0.26,0.22,9.0,stress,0.0,0.0,0.112777699135205,0.0120068901736263,0,0.994054054054054,2
2025-09-13 00:00:00,0.26,0.15,9.0,stress,0.0,0.0,0.0735506733490467,0.0078305805480171,0,0.9955882352941176,2
2025-09-13 00:00:00,0.26,0.1,9.0,comfort,0.26,0.0,0.0,0.0227098194899686,0,0.996551724137931,1
2025-09-13 00:00:00,0.26,0.24,9.0,stress,0.0,0.0,0.0196777640560047,0.0020949953199499,0,0.99,2
2025-09-13 00:00:00,0.26,0.24,9.0,stress,0.0,0.0,0.0539488859256319,0.0057436740886332,0,0.9895652173913044,2
2025-09-13 00:00:00,0.26,0.24,9.0,stress,0.0,0.0,0.0784540515723165,0.0083526192512182,0,0.9904,2
2025-09-13 00:00:00,0.26,0.24,9.0,stress,0.0,0.0,0.0098067564465395,0.0010440774064022,0,0.9904,2
2025-09-13 00:00:00,0.26,0.24,9.0,stress,0.0,0.0,0.0098108497014042,0.0010445131952327,0,0.9895652173913044,2
2025-09-13 00:00:00,0.26,0.24,9.0,stress,0.0,0.0,0.0098067564465395,0.0010440774064022,0,0.9895652173913044,2
2025-09-13 00:00:00,0.26,0.24,9.0,stress,0.0,0.0,0.0098067564465395,0.0010440774064022,0,0.9895652173913044,2
2025-09-14 00:00:00,0.24,0.27,9.0,stress,0.0,0.0,0.0,0.0,0,0.9865,2
2025-09-14 00:00:00,0.26,0.18,9.0,stress,0.0,0.0,0.0098067564465395,0.0010440774064022,0,0.994,2
2025-09-14 00:00:00,0.24,0.26,9.0,stress,0.0,0.0,0.0,0.0,0,0.991875,2
2025-09-14 00:00:00,0.28,0.56,9.0,stress,0.0,0.0,0.0049088831733584,0.0005226247883193,0,0.9896296296296296,2
2025-09-14 00:00:00,0.3,0.4,9.0,stress,0.0,0.0,0.058927709847651,0.0062737451264706,0,0.9866666666666668,2
2025-09-14 00:00:00,0.26,0.27,9.0,stress,0.0,0.0,0.0,0.0,0,0.9865,2
2025-09-14 00:00:00,0.26,0.14,9.0,comfort,0.26,0.0,0.0,0.0227098194899686,0,0.9944,1
2025-09-14 00:00:00,0.26,0.14,9.0,comfort,0.26,0.0,0.0,0.0227098194899686,0,0.9939130434782608,1
2025-09-14 00:00:00,0.26,0.2,9.0,stress,0.0,0.0,0.0,0.0,0,0.9933333333333334,2
2025-09-14 00:00:00,0.26,0.14,9.0,comfort,0.26,0.0,0.0588405386792374,0.0289742839283823,0,0.995625,1
2025-09-14 00:00:00,0.26,0.34,9.0,stress,0.0,0.0,0.0590965515999331,0.0062917208822443,0,0.9869230769230768,2
2025-09-14 00:00:00,0.26,0.27,9.0,stress,0.0,0.0,0.0294264928581328,0.0031328948067916,0,0.9865,2
2025-09-15 00:00:00,4.0,4.46,9.0,stress,0.6,0.1591035847462855,1.0,0.287140014332054,1,0.891219512195122,3
2025-09-15 00:00:00,3.4,4.87,9.0,stress,0.48,0.2928932188134524,1.0,0.3845183480328011,1,0.8683783783783785,3
2025-09-15 00:00:00,4.5,5.65,9.0,stress,0.7,0.4053964424986395,1.0,0.4944332589336546,1,0.8385714285714286,3
2025-09-15 00:00:00,4.12,4.7,9.0,stress,0.624,0.5,0.0,0.4575982818560711,1,0.8955555555555554,3
2025-09-15 00:00:00,4.9,5.63,9.0,stress,0.78,0.5795517923731428,0.0152777138802772,0.5369845312044151,1,0.8183870967741936,3
2025-09-15 00:00:00,4.08,5.04,9.0,stress,0.616,0.6464466094067263,0.0,0.5749632267659723,1,0.9030769230769232,4
2025-09-15 00:00:00,3.38,4.89,9.0,stress,0.476,0.7026982212493197,0.0,0.6080843173221983,1,0.8641666666666666,4
2025-09-15 00:00:00,4.2,3.64,9.0,stress,0.64,0.75,0.0,0.6605431667493732,1,0.9042105263157896,4
2025-09-15 00:00:00,5.48,5.09,9.0,stress,0.8960000000000001,0.7897758961865713,0.2202554253305328,0.7384200296256196,1,0.8624324324324324,4
2025-09-15 00:00:00,5.75,7.36,9.0,stress,0.95,0.8232233047033631,0.4335224555782196,0.7928071295460201,1,0.8063157894736842,4
2025-09-15 00:00:00,5.46,7.34,9.0,stress,0.892,0.8513491106246599,0.8945094091535186,0.8594948471812097,1,0.8016216216216216,4
2025-09-15 00:00:00,4.14,4.91,9.0,stress,0.6279999999999999,0.875,0.0,0.760268700004488,1,0.9466304347826088,4
2025-09-16 00:00:00,5.4,7.28,9.0,stress,0.8800000000000001,0.8948879480932856,0.0,0.7983132093582257,1,0.8514285714285714,4
2025-09-16 00:00:00,6.2,3.86,9.0,stress,1.0,0.9116116523516816,0.0,0.8222771381136875,1,0.8245454545454546,4
2025-09-16 00:00:00,5.45,4.0,9.0,stress,0.89,0.92567455531233,0.2647824240565683,0.8521965912573456,1,0.84,4
2025-09-16 00:00:00,5.17,4.97,9.0,stress,0.834,0.9375,0.0,0.8286487040623277,1,0.8012,4
2025-09-16 00:00:00,5.7,5.8,9.0,stress,0.94,0.9474439740466428,0.9171984715267956,0.9435736859517284,1,0.768,4
2025-09-16 00:00:00,6.0,6.93,9.0,stress,1.0,0.9558058261758408,0.9840911012094756,0.9626773815244016,1,0.7610344827586207,4
2025-09-16 00:00:00,2.2,3.47,9.0,stress,0.24,0.962837277656165,0.0,0.7971921465091438,1,0.9466153846153846,4
2025-09-16 00:00:00,9.23,2.87,9.0,stress,1.0,0.96875,1.0,0.9748065803074908,1,0.8695454545454545,4
2025-09-16 00:00:00,2.3,4.55,9.0,stress,0.2599999999999999,0.9737219870233216,0.0,0.807714193342848,1,0.9266129032258064,4
2025-09-16 00:00:00,4.2,4.24,9.0,stress,0.64,0.9779029130879204,0.3653216523805458,0.8831700963857158,1,0.8854054054054054,4
2025-09-16 00:00:00,4.4,4.53,9.0,stress,0.68,0.9814186388280824,0.7572091517685275,0.9312206015328444,1,0.8667647058823529,4
2025-09-16 00:00:00,2.7,4.73,9.0,stress,0.34,0.984375,0.0,0.8232901765701509,1,0.9198305084745764,4
2025-09-17 00:00:00,2.1,2.69,9.0,stress,0.22,0.9868609935116608,0.0,0.8148129031134825,1,0.9775833333333334,4
2025-09-17 00:00:00,2.89,3.0,9.0,stress,0.378,0.9889514565439602,0.0,0.8302987949273981,1,0.97,4
2025-09-17 00:00:00,1.4,1.27,9.0,stress,0.0799999999999999,0.9907093194140412,0.0,0.8056870184390416,1,0.9760377358490564,4
2025-09-17 00:00:00,3.43,5.08,9.0,stress,0.486,0.9921875,0.3809816341748206,0.8829022202820553,1,0.8760975609756098,4
2025-09-17 00:00:00,3.0,3.15,9.0,stress,0.4,0.9934304967558304,0.0,0.8358313499141604,1,0.955,4
2025-09-17 00:00:00,1.53,1.48,9.0,stress,0.106,0.99447572827198,0.1274878338050143,0.8245674456822005,1,0.9720754716981131,4
2025-09-17 00:00:00,1.56,1.27,9.0,stress,0.112,0.9953546597070206,0.0,0.8122270973891969,1,0.975576923076923,4
2025-09-17 00:00:00,1.5,1.24,9.0,stress,0.1,0.99609375,0.0,0.8117747986564093,1,0.981764705882353,4
2025-09-17 00:00:00,1.84,1.34,9.0,stress,0.168,0.9967152483779153,0.1782912823228634,0.8371971363621871,1,0.9617142857142856,4
2025-09-17 00:00:00,2.0,1.45,9.0,stress,0.2,0.99723786413599,0.3614749411716384,0.8599161868065371,1,0.942,4
2025-09-17 00:00:00,1.94,1.86,9.0,stress,0.188,0.9976773298535104,0.3465830312662664,0.8576368650778976,1,0.9225,4
2025-09-17 00:00:00,1.71,1.63,9.0,stress,0.142,0.998046875,0.1814249942609819,0.836333328707859,1,0.974126984126984,4
2025-09-18 00:00:00,2.38,3.0,9.0,stress,0.2759999999999999,0.9983576241889576,0.4691155343882645,0.8789171480789649,1,0.9166666666666666,4
2025-09-18 00:00:00,2.0,2.3,9.0,stress,0.2,0.998618932067995,0.0686472951257769,0.8298536615513534,1,0.95,4
2025-09-18 00:00:00,2.32,2.93,9.0,stress,0.2639999999999999,0.9988386649267552,0.34064994361611,0.8645797092357854,1,0.936304347826087,4
2025-09-18 00:00:00,2.3,2.88,9.0,stress,0.2599999999999999,0.9990234375,0.0,0.8281119552848704,1,0.9424,4
2025-09-18 00:00:00,2.1,2.7,9.0,stress,0.22,0.9991788120944788,0.0,0.8247433982575826,1,0.9470588235294116,4
2025-09-18 00:00:00,2.9,3.9,9.0,stress,0.38,0.9993094660339976,0.0,0.8388240036149198,1,0.9025,4
2025-09-18 00:00:00,2.29,2.79,9.0,stress,0.258,0.9994193324633776,0.0,0.8282564307006455,1,0.9473584905660376,4
2025-09-18 00:00:00,3.7,5.4,9.0,stress,0.54,0.99951171875,0.5175503098765313,0.908063381956676,1,0.8363636363636364,4
2025-09-18 00:00:00,3.3,2.6,9.0,stress,0.4599999999999999,0.9995894060472394,0.0,0.8460373250608185,1,0.9161290322580644,4
2025-09-18 00:00:00,3.7,4.5,9.0,stress,0.54,0.9996547330169988,0.4598815166208302,0.9020389641143955,1,0.8548387096774194,4
2025-09-18 00:00:00,3.7,4.1,9.0,stress,0.54,0.9997096662316888,0.0,0.853121914316535,1,0.9088888888888887,4
2025-09-18 00:00:00,3.7,6.4,9.0,stress,0.54,0.999755859375,0.5579499598278429,0.9125613587346728,1,0.8400000000000001,4
2025-09-19 00:00:00,0.36,0.14,9.0,comfort,0.36,0.0,0.0,0.0314443654476489,0,0.9944,1
2025-09-19 00:00:00,0.37,0.11,9.0,comfort,0.37,0.0,0.0,0.0323178200434169,0,0.9957692307692309,1
2025-09-19 00:00:00,0.4,0.1,9.0,comfort,0.4,0.0,0.0,0.034938183830721,0,0.9964285714285712,1
2025-09-19 00:00:00,0.46,0.07,9.0,comfort,0.46,0.0,0.156908103144633,0.0568841499077657,0,0.9975862068965518,2
2025-09-19 00:00:00,2.0,0.16,9.0,stress,0.2,0.1591035847462855,0.9280913093415885,0.2445460638215241,1,0.9946666666666668,3
2025-09-19 00:00:00,2.0,0.09,9.0,comfort,1.0,0.4053964424986395,0.9316418624212588,0.5133591401520078,1,0.997,3
2025-09-19 00:00:00,2.8,1.6,9.0,stress,0.36,0.4053964424986395,1.0,0.4647358026775417,1,0.9483870967741936,3
2025-09-19 00:00:00,2.5,2.2,9.0,stress,0.3,0.5,1.0,0.5357634632160918,1,0.93125,3
2025-09-19 00:00:00,2.9,2.3,9.0,stress,0.38,0.5795517923731428,1.0,0.60688491414377,1,0.928125,4
2025-09-19 00:00:00,2.9,2.4,9.0,stress,0.38,0.6464466094067263,0.6374391690250718,0.6222147297219957,1,0.9314285714285716,4
2025-09-19 00:00:00,2.9,2.3,9.0,stress,0.38,0.7026982212493197,0.3432364756288847,0.6362418624269053,1,0.9323529411764706,4
2025-09-19 00:00:00,2.3,2.1,9.0,stress,0.2599999999999999,0.75,0.0,0.6273518921101882,1,0.9416666666666668,4
2025-09-20 00:00:00,0.38,0.05,9.0,comfort,0.38,0.0,0.0,0.0331912746391849,0,0.9975,1
2025-09-20 00:00:00,0.37,0.05,9.0,comfort,0.37,0.0,0.0,0.0323178200434169,0,0.9975,1
2025-09-20 00:00:00,0.38,0.07,9.0,comfort,0.38,0.0,0.0,0.0331912746391849,0,0.9953333333333332,1
2025-09-20 00:00:00,0.38,0.18,9.0,stress,0.0,0.0,0.1624047901329185,0.017290443888725,0,0.988,2
2025-09-20 00:00:00,0.38,0.2,9.0,stress,0.0,0.0,0.1619193556888148,0.0172387620571081,0,0.9866666666666668,2
2025-09-20 00:00:00,0.39,0.22,9.0,stress,0.0,0.0,0.1570948985055195,0.0167251256911299,0,0.9842857142857142,2
2025-09-20 00:00:00,0.37,0.1,9.0,comfort,0.37,0.0,0.0931641862421258,0.0422365554042386,0,0.996,1
2025-09-20 00:00:00,0.38,0.04,9.0,comfort,0.38,0.0,0.0882608080188561,0.0425879712968055,0,0.998,1
2025-09-20 00:00:00,0.35,0.08,9.0,comfort,0.35,0.0,0.063791031971522,0.0373624301045134,0,0.9965217391304348,1
2025-09-20 00:00:00,0.36,0.04,9.0,comfort,0.36,0.0,0.1274878338050143,0.0450173717308786,0,0.9983333333333334,1
2025-09-20 00:00:00,0.37,0.05,9.0,comfort,0.37,0.0,0.1618605151501355,0.0495503176360867,0,0.9977272727272728,1
2025-09-20 00:00:00,0.37,0.04,9.0,comfort,0.37,0.0,0.1421979684748237,0.0474569424362501,0,0.998095238095238,1
2025-09-21 00:00:00,0.54,0.44,9.0,stress,0.0,0.0,0.2481081911068498,0.0264148659233206,0,0.9741176470588234,2
2025-09-21 00:00:00,0.54,0.41,9.0,stress,0.0,0.0,0.2402655329402194,0.025579896456856,0,0.978421052631579,2
2025-09-21 00:00:00,0.39,0.5,9.0,stress,0.0,0.0,0.1728311787433565,0.0184004905017792,0,0.9642857142857144,2
2025-09-21 00:00:00,0.4,0.3,9.0,stress,0.0,0.0,0.0,0.0,0,0.975,2
2025-09-21 00:00:00,0.43,0.34,9.0,stress,0.0,0.0,0.0098067564465395,0.0010440774064022,0,0.9757142857142858,2
2025-09-21 00:00:00,0.39,0.22,9.0,stress,0.0,0.0,0.0,0.0,0,0.9830769230769232,2
2025-09-21 00:00:00,0.52,0.54,9.0,stress,0.0,0.0,0.1092020048616206,0.0116262034885227,0,0.9584615384615384,2
2025-09-21 00:00:00,0.3,0.48,9.0,stress,0.0,0.0,0.0,0.0,0,0.9563636363636364,2
2025-09-21 00:00:00,0.52,0.5,9.0,stress,0.0,0.0,0.1471013466980935,0.0156611610960343,0,0.9615384615384616,2
2025-09-21 00:00:00,0.4,0.3,9.0,stress,0.0,0.0,0.0,0.0,0,0.9769230769230768,2
2025-09-21 00:00:00,0.25,0.5,9.0,stress,0.0,0.0,0.0,0.0,0,0.9615384615384616,2
2025-09-21 00:00:00,0.32,0.49,9.0,stress,0.0,0.0,0.0,0.0,0,0.9623076923076924,2
2025-09-22 00:00:00,0.54,0.34,9.0,stress,0.0,0.0,0.1176810773584748,0.0125289288768274,0,0.9821052631578948,2
2025-09-22 00:00:00,0.56,0.34,9.0,stress,0.0,0.0,0.0294202693396187,0.0031322322192068,0,0.983,2
2025-09-22 00:00:00,0.48,0.34,9.0,stress,0.0,0.0,0.0,0.0,0,0.983,2
2025-09-22 00:00:00,0.41,0.04,9.0,comfort,0.41,0.0,0.0343236475628884,0.039465909348897,0,0.998,1
2025-09-22 00:00:00,0.41,0.04,9.0,comfort,0.41,0.0,0.0343322284747791,0.0394668229166276,0,0.9975,1
2025-09-22 00:00:00,0.42,0.04,9.0,comfort,0.42,0.0,0.0392270257861582,0.0408614026478662,0,0.9983333333333334,1
2025-09-22 00:00:00,0.48,0.25,9.0,stress,0.0,0.0,0.2169172803004164,0.0230941221651132,0,0.9875,2
2025-09-22 00:00:00,0.45,0.04,9.0,comfort,0.45,0.0,0.2010385071540611,0.060709043640808,0,0.998095238095238,2
2025-09-22 00:00:00,0.41,0.04,9.0,comfort,0.41,0.0,0.1814537918791186,0.0551301363865215,0,0.997777777777778,2
2025-09-22 00:00:00,0.48,0.27,9.0,stress,0.0,0.0,0.1134136400497729,0.0120745956932164,0,0.9865,2
2025-09-22 00:00:00,0.41,0.04,9.0,comfort,0.41,0.0,0.181424994260982,0.0551270704449313,0,0.998,2
2025-09-22 00:00:00,0.41,0.04,9.0,comfort,0.41,0.0,0.1814570104364398,0.0551304790505816,0,0.9976470588235294,2
2025-09-23 00:00:00,0.39,0.1,9.0,comfort,0.39,0.0,0.0589976242802362,0.0403459178091977,0,0.9923076923076924,1
2025-09-23 00:00:00,0.39,0.1,9.0,comfort,0.39,0.0,0.1716182378144424,0.052336083846993,0,0.9923076923076924,2
2025-09-23 00:00:00,0.39,0.1,9.0,comfort,0.39,0.0,0.1716182378144424,0.052336083846993,0,0.9933333333333334,2
2025-09-23 00:00:00,0.39,0.09,9.0,comfort,0.39,0.0,0.1421979684748237,0.0492038516277861,0,0.994375,1
2025-09-23 00:00:00,0.41,0.05,9.0,comfort,0.41,0.0,0.1520047249213632,0.0519948382257245,0,0.996875,2
2025-09-23 00:00:00,0.41,0.06,9.0,comfort,0.41,0.0,0.1520047249213632,0.0519948382257245,0,0.997,2
2025-09-23 00:00:00,0.43,0.06,9.0,comfort,0.43,0.0,0.166758989995182,0.0553125618751928,0,0.9964705882352942,2
2025-09-23 00:00:00,0.42,0.05,9.0,comfort,0.42,0.0,0.181424994260982,0.0560005250406993,0,0.9970588235294118,2
2025-09-23 00:00:00,0.42,0.05,9.0,comfort,0.42,0.0,0.1765216160377122,0.0554784863374982,0,0.9972222222222222,2
2025-09-23 00:00:00,0.41,0.06,9.0,comfort,0.41,0.0,0.1716508553157814,0.0540864656644056,0,0.996842105263158,2
2025-09-23 00:00:00,0.39,0.06,9.0,comfort,0.39,0.0,0.1667458282957406,0.0518173422303384,0,0.9964705882352942,2
2025-09-23 00:00:00,0.43,0.06,9.0,comfort,0.43,0.0,0.1863283724842517,0.0573960183396685,0,0.997,2
2025-09-24 00:00:00,0.42,0.11,9.0,comfort,0.42,0.0,0.1769040795391272,0.0555192053563479,0,0.9926666666666668,2
2025-09-24 00:00:00,0.42,0.11,9.0,comfort,0.42,0.0,0.1765216160377122,0.0554784863374982,0,0.993529411764706,2
2025-09-24 00:00:00,0.43,0.12,9.0,comfort,0.43,0.0,0.1817451560155601,0.0569080656929705,0,0.99,2
2025-09-24 00:00:00,0.44,0.09,9.0,comfort,0.44,0.0,0.1618114813679028,0.0556592794194308,0,0.9925,2
2025-09-24 00:00:00,0.43,0.09,9.0,comfort,0.43,0.0,0.156908103144633,0.0542637861204617,0,0.9925,2
2025-09-24 00:00:00,0.41,0.11,9.0,comfort,0.41,0.0,0.1422663328827443,0.0509580392435495,0,0.9915384615384616,2
2025-09-24 00:00:00,0.4,0.11,9.0,comfort,0.4,0.0,0.1520047249213633,0.0511213836299564,0,0.9915384615384616,2
2025-09-24 00:00:00,0.4,0.14,9.0,comfort,0.4,0.0,0.1520709833912008,0.0511284378452535,0,0.9906666666666666,2
2025-09-24 00:00:00,0.4,0.14,9.0,comfort,0.4,0.0,0.1422453677976486,0.0500823525976851,0,0.99,1
2025-09-24 00:00:00,0.42,0.11,9.0,comfort,0.42,0.0,0.1520047249213633,0.0528682928214925,0,0.9926666666666668,2
2025-09-24 00:00:00,0.39,0.09,9.0,comfort,0.39,0.0,0.1225844555817445,0.0471156968149815,0,0.9935714285714284,1
2025-09-24 00:00:00,0.39,0.09,9.0,comfort,0.39,0.0,0.1225844555817445,0.0471156968149815,0,0.9935714285714284,1
2025-09-25 00:00:00,0.37,0.04,9.0,comfort,0.37,0.0,0.1274878338050143,0.0458908263266466,0,0.998,1
2025-09-25 00:00:00,0.39,0.04,9.0,comfort,0.39,0.0,0.1471013466980935,0.0497258903309873,0,0.998095238095238,1
2025-09-25 00:00:00,0.37,0.04,9.0,comfort,0.37,0.0,0.1372945902515539,0.0469349037330489,0,0.9988888888888888,1
2025-09-25 00:00:00,0.39,0.04,9.0,comfort,0.39,0.0,0.1716945125868044,0.0523442044490428,0,0.998,2
2025-09-25 00:00:00,0.4,0.04,9.0,comfort,0.4,0.0,0.1765657464417216,0.053736275494291,0,0.9975,2
2025-09-25 00:00:00,0.41,0.07,9.0,comfort,0.41,0.0,0.1816215380047647,0.0551479954962846,0,0.9953333333333332,2
2025-09-25 00:00:00,0.41,0.04,9.0,comfort,0.41,0.0,0.181424994260982,0.0551270704449313,0,0.9971428571428572,2
2025-09-25 00:00:00,0.39,0.04,9.0,comfort,0.39,0.0,0.1716182378144424,0.052336083846993,0,0.9971428571428572,2
2025-09-25 00:00:00,0.41,0.07,9.0,comfort,0.41,0.0,0.1668934826550203,0.0535799714595159,0,0.995,2
2025-09-25 00:00:00,0.42,0.07,9.0,comfort,0.42,0.0,0.1863283724842517,0.0565225637439005,0,0.995,2
2025-09-25 00:00:00,0.38,0.04,9.0,comfort,0.38,0.0,0.1667148595911726,0.0509405905480238,0,0.997777777777778,2
2025-09-25 00:00:00,0.37,0.04,9.0,comfort,0.37,0.0,0.1471013466980935,0.0479789811394512,0,0.9984,1
2025-09-26 00:00:00,0.39,0.05,9.0,comfort,0.39,0.0,0.156939484765262,0.05077330878509,0,0.998,2
2025-09-26 00:00:00,0.39,0.05,9.0,comfort,0.39,0.0,0.1716182378144424,0.052336083846993,0,0.9989583333333334,2
2025-09-26 00:00:00,0.39,0.05,9.0,comfort,0.39,0.0,0.1716629300638733,0.0523408420122565,0,0.9984375,2
2025-09-26 00:00:00,0.37,0.05,9.0,comfort,0.37,0.0,0.156908103144633,0.0490230585458535,0,0.9989583333333334,1
2025-09-26 00:00:00,0.39,0.05,9.0,comfort,0.39,0.0,0.1667669579847949,0.0518195918050134,0,0.9983333333333332,2
2025-09-26 00:00:00,0.38,0.05,9.0,comfort,0.38,0.0,0.1618114813679028,0.0504185518448227,0,0.999056603773585,2
2025-09-26 00:00:00,0.38,0.05,9.0,comfort,0.38,0.0,0.161814474551058,0.0504188705143973,0,0.9990196078431371,2
2025-09-26 00:00:00,0.37,0.05,9.0,comfort,0.37,0.0,0.156908103144633,0.0490230585458535,0,0.999074074074074,1
2025-09-26 00:00:00,0.39,0.05,9.0,comfort,0.39,0.0,0.1667148595911726,0.0518140451437918,0,0.9991379310344828,2
2025-09-26 00:00:00,0.39,0.05,9.0,comfort,0.39,0.0,0.1667148595911726,0.0518140451437918,0,0.9991379310344828,2
2025-09-26 00:00:00,0.39,0.05,9.0,comfort,0.39,0.0,0.166737724089941,0.0518164794151743,0,0.9988636363636364,2
2025-09-26 00:00:00,0.39,0.05,9.0,comfort,0.39,0.0,0.1667148595911726,0.0518140451437918,0,0.9990909090909093,2
2025-09-27 00:00:00,0.42,0.83,9.0,stress,0.0,0.0,0.1855253823888501,0.0197519802925965,0,0.953888888888889,2
2025-09-27 00:00:00,0.4,0.11,9.0,comfort,0.4,0.0,0.1716182378144424,0.053209538442761,0,0.9956,2
2025-09-27 00:00:00,0.38,0.09,9.0,comfort,0.38,0.0,0.1618114813679028,0.0504185518448227,0,0.99625,2
2025-09-27 00:00:00,0.4,0.1,9.0,comfort,0.4,0.0,0.0,0.034938183830721,0,0.9956521739130434,1
2025-09-27 00:00:00,0.49,0.2,9.0,stress,0.0,0.0,0.1868105887691488,0.0198888099315855,0,0.9904761904761904,2
2025-09-27 00:00:00,0.55,0.1,9.0,comfort,0.55,0.0,0.22555539827041,0.072053783114494,0,0.9944444444444444,2
2025-09-27 00:00:00,0.48,0.8,9.0,stress,0.0,0.0,0.1897334962504113,0.0201999975988664,0,0.9578947368421052,2
2025-09-27 00:00:00,0.5,0.08,9.0,comfort,0.5,0.0,0.1471013466980935,0.0593338908844355,0,0.9955555555555556,2
2025-09-27 00:00:00,0.53,0.84,9.0,stress,0.0,0.0,0.2150375086078641,0.0228939920645965,0,0.9557894736842104,2
2025-09-27 00:00:00,0.77,0.13,9.0,comfort,0.77,0.0,0.0,0.0672560038741379,0,0.993157894736842,2
2025-09-27 00:00:00,0.54,0.08,9.0,comfort,0.54,0.0,0.22555539827041,0.071180328518726,0,0.9957894736842108,2
2025-09-27 00:00:00,0.43,0.08,9.0,comfort,0.43,0.0,0.0,0.0375585476180251,0,0.9955555555555556,1
2025-09-28 00:00:00,0.43,0.09,9.0,comfort,0.43,0.0,0.1471638407342724,0.0532263621485119,0,0.9947058823529412,2
2025-09-28 00:00:00,0.43,0.07,9.0,comfort,0.43,0.0,0.1716182378144424,0.0558299022300651,0,0.9958823529411764,2
2025-09-28 00:00:00,0.4,0.07,9.0,comfort,0.4,0.0,0.156908103144633,0.0516434223331576,0,0.9958823529411764,2
2025-09-28 00:00:00,0.4,0.09,9.0,comfort,0.4,0.0,0.1520941394654347,0.0511309031592501,0,0.9947058823529412,2
2025-09-28 00:00:00,0.42,0.08,9.0,comfort,0.42,0.0,0.1716182378144424,0.0549564476342971,0,0.9952941176470588,2
2025-09-28 00:00:00,0.47,0.17,9.0,stress,0.0,0.0,0.1967850669070522,0.0209507438463524,0,0.9886666666666668,2
2025-09-28 00:00:00,0.44,0.12,9.0,comfort,0.44,0.0,0.1716182378144424,0.0567033568258331,0,0.9952,2
2025-09-28 00:00:00,0.44,0.13,9.0,comfort,0.44,0.0,0.1765216160377122,0.0572253955290343,0,0.9958064516129032,2
2025-09-28 00:00:00,0.45,0.12,9.0,comfort,0.45,0.0,0.1373648742984569,0.0539300232979964,0,0.9947826086956522,2
2025-09-28 00:00:00,0.44,0.14,9.0,comfort,0.44,0.0,0.1570218046686509,0.0551493459615213,0,0.9933333333333332,2
2025-09-28 00:00:00,0.45,0.16,9.0,stress,0.0,0.0,0.1571234672077728,0.0167281672611654,0,0.9905882352941175,2
2025-09-28 00:00:00,0.47,0.21,9.0,stress,0.0,0.0,0.1723122821585449,0.0183452461196622,0,0.9825,2
2025-09-29 00:00:00,0.48,0.12,9.0,comfort,0.48,0.0,0.1667148595911726,0.0596751365057041,0,0.99,2
2025-09-29 00:00:00,0.58,0.24,9.0,stress,0.0,0.0,0.2066773921108213,0.0220039313399281,0,0.9828571428571428,2
2025-09-29 00:00:00,0.47,0.15,9.0,stress,0.0,0.0,0.1274878338050143,0.0135730062832297,0,0.99,2
2025-09-29 00:00:00,0.47,0.21,9.0,stress,0.0,0.0,0.1717612530126211,0.0182865807408833,0,0.9883333333333332,2
2025-09-29 00:00:00,0.47,0.24,9.0,stress,0.0,0.0,0.112871680551151,0.0120168959154376,0,0.9866666666666668,2
2025-09-29 00:00:00,0.51,0.17,9.0,stress,0.0,0.0,0.1765216160377122,0.0187933933152411,0,0.9922727272727272,2
2025-09-29 00:00:00,0.5,0.19,9.0,stress,0.0,0.0,0.1426134820190683,0.0151833600881369,0,0.9864285714285714,2
2025-09-29 00:00:00,0.49,0.2,9.0,stress,0.0,0.0,0.1226955898409258,0.0130627995011863,0,0.9846153846153848,2
2025-09-29 00:00:00,0.48,0.09,9.0,comfort,0.48,0.0,0.1520047249213632,0.0581090203961006,0,0.9925,2
2025-09-29 00:00:00,0.47,0.1,9.0,comfort,0.47,0.0,0.1373517963308254,0.0556755401422665,0,0.9916666666666668,2
2025-09-29 00:00:00,0.48,0.09,9.0,comfort,0.48,0.0,0.1372945902515539,0.0565429042864972,0,0.9930769230769232,2
2025-09-29 00:00:00,0.48,0.22,9.0,stress,0.0,0.0,0.1920723298315106,0.0204490017739647,0,0.9842857142857142,2
2025-09-30 00:00:00,0.42,0.05,9.0,comfort,0.42,0.0,0.156908103144633,0.0533903315246936,0,0.996153846153846,2
2025-09-30 00:00:00,0.42,0.05,9.0,comfort,0.42,0.0,0.1618114813679028,0.0539123702278948,0,0.996153846153846,2
2025-09-30 00:00:00,0.43,0.05,9.0,comfort,0.43,0.0,0.1029709426886654,0.0485213603852491,0,0.9966666666666666,1
2025-09-30 00:00:00,0.42,0.05,9.0,comfort,0.42,0.0,0.181424994260982,0.0560005250406993,0,0.9966666666666666,2
2025-09-30 00:00:00,0.42,0.05,9.0,comfort,0.42,0.0,0.1814465924745844,0.056002824496892,0,0.9964285714285712,2
2025-09-30 00:00:00,0.42,0.13,9.0,comfort,0.42,0.0,0.1821730778412139,0.0560801698415546,0,0.9881818181818182,2
2025-09-30 00:00:00,0.42,0.05,9.0,comfort,0.42,0.0,0.181424994260982,0.0560005250406993,0,0.9954545454545454,2
2025-09-30 00:00:00,0.44,0.06,9.0,comfort,0.44,0.0,0.1913186742305704,0.0588007659611035,0,0.9945454545454544,2
2025-09-30 00:00:00,0.55,0.17,9.0,stress,0.0,0.0,0.2069715948042175,0.0220352536621202,0,0.9845454545454544,2
2025-09-30 00:00:00,0.42,0.13,9.0,comfort,0.42,0.0,0.181424994260982,0.0560005250406993,0,0.9891666666666666,2
2025-09-30 00:00:00,0.42,0.05,9.0,comfort,0.42,0.0,0.1765216160377122,0.0554784863374982,0,0.996153846153846,2
2025-09-30 00:00:00,0.44,0.06,9.0,comfort,0.44,0.0,0.1324675915736851,0.0525351789569469,0,0.995,2
2025-09-30 02:00:00,0.41,0.07,9.0,comfort,0.41,0.0,0.1372945902515539,0.050428722116121,0,0.9968181818181818,2
2025-10-01 00:00:00,0.19,0.03,10.0,comfort,0.19,0.0,0.0686472951257769,0.0239041791644085,0,0.9986363636363637,1
2025-10-01 00:00:00,0.14,0.04,10.0,comfort,0.14,0.0,0.0392395071125447,0.0164060027921514,0,0.998,1
2025-10-01 00:00:00,0.14,0.04,10.0,comfort,0.14,0.0,0.0343236475628884,0.0158826352631603,0,0.998,1
2025-10-01 00:00:00,0.12,0.04,10.0,comfort,0.12,0.0,0.044130404009428,0.0151798034780266,0,0.998,1
2025-10-01 00:00:00,0.13,0.03,10.0,comfort,0.13,0.0,0.044130404009428,0.0160532580737946,0,0.9983333333333332,1
2025-10-01 00:00:00,0.13,0.03,10.0,comfort,0.13,0.0,0.044130404009428,0.0160532580737946,0,0.9985,1
2025-10-01 00:00:00,0.13,0.03,10.0,comfort,0.13,0.0,0.04413214599906,0.0160534435349128,0,0.9984210526315788,1
2025-10-01 00:00:00,0.12,0.03,10.0,comfort,0.12,0.0,0.044130404009428,0.0151798034780266,0,0.9988,1
2025-10-01 00:00:00,0.16,0.03,10.0,comfort,0.16,0.0,0.0637472426720847,0.020762130752328,0,0.998695652173913,1
2025-10-01 00:00:00,0.17,0.03,10.0,comfort,0.17,0.0,0.0686472951257769,0.0221572699728724,0,0.998695652173913,1
2025-10-01 00:00:00,0.14,0.04,10.0,comfort,0.14,0.0,0.0539559212074305,0.017972787441438,0,0.998,1
2025-10-01 00:00:00,0.13,0.03,10.0,comfort,0.13,0.0,0.0490337822326978,0.0165752967769957,0,0.998695652173913,1
2025-10-02 00:00:00,0.3,0.07,10.0,comfort,0.3,0.0,0.1325487484819562,0.0403154549953822,0,0.9963157894736842,1
2025-10-02 00:00:00,0.32,0.09,10.0,comfort,0.32,0.0,0.1373358818576446,0.0425720268696042,0,0.9957142857142858,1
2025-10-02 00:00:00,0.32,0.09,10.0,comfort,0.32,0.0,0.1422487534635647,0.043095076286836,0,0.995,1
2025-10-02 00:00:00,0.34,0.12,10.0,comfort,0.34,0.0,0.1325567010433195,0.0438101200487767,0,0.9925,1
2025-10-02 00:00:00,0.33,0.11,10.0,comfort,0.33,0.0,0.1176810773584748,0.0413529305371723,0,0.9938888888888888,1
2025-10-02 00:00:00,0.34,0.12,10.0,comfort,0.34,0.0,0.1226695836758986,0.042757487008072,0,0.9925,1
2025-10-02 00:00:00,0.32,0.07,10.0,comfort,0.32,0.0,0.0980675644653956,0.0383913211285997,0,0.9968181818181818,1
2025-10-02 00:00:00,0.33,0.11,10.0,comfort,0.33,0.0,0.108032318654685,0.0403256743778731,0,0.9938888888888888,1
2025-10-02 00:00:00,0.3,0.07,10.0,comfort,0.3,0.0,0.0882608080188561,0.0356003345306613,0,0.9966666666666668,1
2025-10-02 00:00:00,0.32,0.07,10.0,comfort,0.32,0.0,0.1225844555817445,0.0410015146446054,0,0.9968181818181818,1
2025-10-02 00:00:00,0.29,0.08,10.0,comfort,0.29,0.0,0.0882885089218057,0.0347298291145802,0,0.9961904761904764,1
2025-10-02 00:00:00,0.31,0.08,10.0,comfort,0.31,0.0,0.1176810773584748,0.0396060213456362,0,0.9961904761904764,1
2025-10-03 00:00:00,0.18,0.11,10.0,comfort,0.18,0.0,0.0539371604559676,0.021464608459037,0,0.9989814814814816,1
2025-10-03 00:00:00,0.21,0.11,10.0,comfort,0.21,0.0,0.0637622650911486,0.0251310030946702,0,0.9984057971014492,1
2025-10-03 00:00:00,0.21,0.14,10.0,comfort,0.21,0.0,0.0637607137185552,0.025130837927616,0,0.997878787878788,1
2025-10-03 00:00:00,0.23,0.14,10.0,comfort,0.23,0.0,0.0588544068196668,0.0263553966141782,0,0.9974074074074074,1
2025-10-03 00:00:00,0.23,0.09,10.0,comfort,0.23,0.0,0.0588405386792374,0.0263539201410783,0,0.9983018867924528,1
2025-10-03 00:00:00,0.23,0.18,10.0,stress,0.0,0.0,0.0441756793059943,0.0047031685682514,0,0.99625,2
2025-10-03 00:00:00,0.24,0.23,10.0,stress,0.0,0.0,0.0490618201666872,0.0052233720937451,0,0.9951063829787234,2
2025-10-03 00:00:00,0.25,0.25,10.0,stress,0.0,0.0,0.0784800174522695,0.0083553837114905,0,0.9944444444444444,2
2025-10-03 00:00:00,0.26,0.27,10.0,stress,0.0,0.0,0.0392504530376694,0.0041788038105244,0,0.99325,2
2025-10-03 00:00:00,0.26,0.27,10.0,stress,0.0,0.0,0.0147141600782831,0.0015665446751604,0,0.9927027027027028,2
2025-10-03 00:00:00,0.18,0.13,10.0,comfort,0.18,0.0,0.0,0.0157221827238244,0,0.998849557522124,1
2025-10-03 00:00:00,0.17,0.1,10.0,comfort,0.17,0.0,0.0,0.0148487281280564,0,0.9991379310344828,1
2025-10-04 00:00:00,0.24,0.45,10.0,stress,0.0,0.0,0.0,0.0,0,0.988157894736842,2
2025-10-04 00:00:00,0.31,0.11,10.0,comfort,0.31,0.0,0.0882608080188561,0.0364737891264293,0,0.9963333333333334,1
2025-10-04 00:00:00,0.26,0.28,10.0,stress,0.0,0.0,0.0786889628416796,0.008377629105413,0,0.9903448275862068,2
2025-10-04 00:00:00,0.22,0.28,10.0,stress,0.0,0.0,0.0,0.0,0,0.99125,2
2025-10-04 00:00:00,0.2,0.2,10.0,stress,0.0,0.0,0.044130404009428,0.0046983483288102,0,0.9942857142857142,2
2025-10-04 00:00:00,0.17,0.18,10.0,stress,0.0,0.0,0.0,0.0,0,0.9952631578947368,2
2025-10-04 00:00:00,0.16,0.15,10.0,stress,0.0,0.0,0.0,0.0,0,0.9953125,2
2025-10-04 00:00:00,0.16,0.15,10.0,stress,0.0,0.0,0.0,0.0,0,0.995,2
2025-10-04 00:00:00,0.17,0.19,10.0,stress,0.0,0.0,0.0,0.0,0,0.9936666666666666,2
2025-10-04 00:00:00,0.21,0.12,10.0,comfort,0.21,0.0,0.0294202693396187,0.0214747787303354,0,0.9961290322580644,1
2025-10-04 00:00:00,0.31,0.16,10.0,stress,0.0,0.0,0.0785186299907409,0.0083594945996564,0,0.9944827586206896,2
2025-10-04 00:00:00,0.26,0.46,10.0,stress,0.0,0.0,0.0344313831498453,0.0036657410035526,0,0.9882051282051282,2
2025-10-09 00:00:00,0.36,0.14,10.0,comfort,0.36,0.0,0.1176810773584748,0.0439732943244763,0,0.9922222222222222,1
2025-10-09 00:00:00,0.68,0.41,10.0,stress,0.0,0.0,0.2550730541497409,0.027156380835148,0,0.9914583333333334,2
2025-10-09 00:00:00,0.52,0.29,10.0,stress,0.0,0.0,0.0294322312098811,0.0031335057410432,0,0.9906451612903228,2
2025-10-09 00:00:00,0.36,0.14,10.0,comfort,0.36,0.0,0.1078743209119352,0.042929216918074,0,0.9922222222222222,1
2025-10-09 00:00:00,0.72,0.43,10.0,stress,0.0,0.0,0.1521398402324045,0.0161975848657236,0,0.9904444444444443,2
2025-10-09 00:00:00,0.76,0.55,10.0,stress,0.0,0.0,0.2304894128786502,0.0245390807565576,0,0.9901785714285716,2
2025-10-09 00:00:00,0.41,0.86,10.0,stress,0.0,0.0,0.1324804041597642,0.0141045408365434,0,0.9888311688311688,2
2025-10-09 00:00:00,0.38,0.14,10.0,comfort,0.38,0.0,0.0,0.0331912746391849,0,0.9987037037037036,1
2025-10-09 00:00:00,0.38,0.11,10.0,comfort,0.38,0.0,0.0,0.0331912746391849,0,0.998358208955224,1
2025-10-09 00:00:00,0.36,0.14,10.0,comfort,0.36,0.0,0.0,0.0314443654476489,0,0.9922222222222222,1
2025-10-09 00:00:00,0.51,0.28,10.0,stress,0.0,0.0,0.1817777650831561,0.0193529898029226,0,0.9883333333333332,2
2025-10-09 00:00:00,0.51,0.22,10.0,stress,0.0,0.0,0.1961351289307913,0.0208815481280457,0,0.9904347826086956,2
2025-10-10 00:00:00,0.48,0.06,10.0,comfort,0.48,0.0,0.1667148595911726,0.0596751365057041,0,0.9945454545454544,2
2025-10-10 00:00:00,0.47,0.19,10.0,stress,0.0,0.0,0.0935909173049831,0.0099641673304814,0,0.9853846153846154,2
2025-10-10 00:00:00,0.47,0.06,10.0,comfort,0.47,0.0,0.1225844555817445,0.0541033335811258,0,0.995,2
2025-10-10 00:00:00,0.47,0.1,10.0,comfort,0.47,0.0,0.2013091359136916,0.0624847653530784,0,0.9923076923076924,2
2025-10-10 00:00:00,0.45,0.09,10.0,comfort,0.45,0.0,0.1275711912348099,0.0528873377507453,0,0.991,2
2025-10-10 00:00:00,0.47,0.15,10.0,stress,0.0,0.0,0.2012936714131412,0.021430752922225,0,0.9884615384615384,2
2025-10-10 00:00:00,0.46,0.09,10.0,comfort,0.46,0.0,0.1765216160377122,0.0589723047205703,0,0.99,2
2025-10-10 00:00:00,0.48,0.08,10.0,comfort,0.48,0.0,0.1912317507075215,0.0622853300217098,0,0.991111111111111,2
2025-10-10 00:00:00,0.47,0.08,10.0,comfort,0.47,0.0,0.156908103144633,0.0577576045035338,0,0.9933333333333332,2
2025-10-10 00:00:00,0.48,0.06,10.0,comfort,0.48,0.0,0.1912317507075215,0.0622853300217098,0,0.9945454545454544,2
2025-10-10 00:00:00,0.45,0.09,10.0,comfort,0.45,0.0,0.1817466112962628,0.058655129821127,0,0.991,2
2025-10-10 00:00:00,0.48,0.09,10.0,comfort,0.48,0.0,0.1961351289307913,0.0628073687249109,0,0.9918181818181818,2
2025-10-11 00:00:00,0.37,0.04,10.0,comfort,0.37,0.0,0.1520047249213633,0.0485010198426524,0,0.998095238095238,1
2025-10-11 00:00:00,0.37,0.04,10.0,comfort,0.37,0.0,0.1372945902515539,0.0469349037330489,0,0.9983333333333334,1
2025-10-11 00:00:00,0.38,0.04,10.0,comfort,0.38,0.0,0.1422216681362362,0.0483329202190836,0,0.998,1
2025-10-11 00:00:00,0.38,0.05,10.0,comfort,0.38,0.0,0.1667796931476803,0.0509474930597661,0,0.9972222222222222,2
2025-10-11 00:00:00,0.37,0.04,10.0,comfort,0.37,0.0,0.1618114813679028,0.0495450972490546,0,0.998095238095238,1
2025-10-11 00:00:00,0.37,0.04,10.0,comfort,0.37,0.0,0.1618114813679028,0.0495450972490546,0,0.9982608695652174,1
2025-10-11 00:00:00,0.37,0.04,10.0,comfort,0.37,0.0,0.156908103144633,0.0490230585458535,0,0.9984,1
2025-10-11 00:00:00,0.38,0.04,10.0,comfort,0.38,0.0,0.1667148595911726,0.0509405905480238,0,0.9986206896551724,2
2025-10-11 00:00:00,0.38,0.04,10.0,comfort,0.38,0.0,0.1667148595911726,0.0509405905480238,0,0.9986666666666668,2
2025-10-11 00:00:00,0.36,0.04,10.0,comfort,0.36,0.0,0.156908103144633,0.0481496039500855,0,0.999,1
2025-10-11 00:00:00,0.35,0.04,10.0,comfort,0.35,0.0,0.1520047249213633,0.0467541106511163,0,0.9992,1
2025-10-11 00:00:00,0.35,0.04,10.0,comfort,0.35,0.0,0.1520146229034512,0.0467551644408707,0,0.9990697674418604,1
2025-10-12 00:00:00,0.18,0.04,10.0,comfort,0.18,0.0,0.0686725722305713,0.0230334156983895,0,0.9983333333333334,1
2025-10-12 00:00:00,0.18,0.04,10.0,comfort,0.18,0.0,0.0686472951257769,0.0230307245686404,0,0.9985185185185186,1
2025-10-12 00:00:00,0.2,0.04,10.0,comfort,0.2,0.0,0.0784540515723165,0.0258217111665788,0,0.9989473684210528,1
2025-10-12 00:00:00,0.19,0.04,10.0,comfort,0.19,0.0,0.0735609962505694,0.0244273168964584,0,0.9986666666666668,1
2025-10-12 00:00:00,0.2,0.03,10.0,comfort,0.2,0.0,0.0784540515723165,0.0258217111665788,0,0.99925,1
2025-10-12 00:00:00,0.21,0.03,10.0,comfort,0.21,0.0,0.0833574297955863,0.0272172044655479,0,0.9993181818181818,1
2025-10-12 00:00:00,0.2,0.03,10.0,comfort,0.2,0.0,0.0784540515723165,0.0258217111665788,0,0.9993617021276596,1
2025-10-12 00:00:00,0.2,0.03,10.0,comfort,0.2,0.0,0.083358612170477,0.026343875751453,0,0.9993333333333332,1
2025-10-12 00:00:00,0.2,0.03,10.0,comfort,0.2,0.0,0.0833574297955863,0.0263437498697799,0,0.9993617021276596,1
2025-10-12 00:00:00,0.2,0.03,10.0,comfort,0.2,0.0,0.0833574297955863,0.0263437498697799,0,0.999375,1
2025-10-12 00:00:00,0.2,0.03,10.0,comfort,0.2,0.0,0.0833579840338163,0.0263438088768142,0,0.9993617021276596,1
2025-10-12 00:00:00,0.21,0.03,10.0,comfort,0.21,0.0,0.0882657374788784,0.0277397679842539,0,0.99925,1
2025-10-13 00:00:00,0.46,0.06,10.0,comfort,0.46,0.0,0.2108878381249815,0.0626311083444109,0,0.9988461538461538,2
2025-10-13 00:00:00,0.46,0.06,10.0,comfort,0.46,0.0,0.2108452636006007,0.0626265756429783,0,0.9989473684210526,2
2025-10-13 00:00:00,0.46,0.04,10.0,comfort,0.46,0.0,0.2108452636006007,0.0626265756429783,0,0.9990476190476192,2
2025-10-13 00:00:00,0.45,0.05,10.0,comfort,0.45,0.0,0.1916187673458582,0.0597061700034798,0,0.995,2
2025-10-13 00:00:00,0.47,0.05,10.0,comfort,0.47,0.0,0.2010385071540611,0.0624559528323441,0,0.9984848484848484,2
2025-10-13 00:00:00,0.48,0.05,10.0,comfort,0.48,0.0,0.2158420395043137,0.0649054671320622,0,0.9976190476190476,2
2025-10-13 00:00:00,0.53,0.06,10.0,comfort,0.53,0.0,0.2356251051095821,0.0713789463719055,0,0.9953846153846152,2
2025-10-13 00:00:00,0.46,0.07,10.0,comfort,0.46,0.0,0.201278206912591,0.0616080178977979,0,0.993,2
2025-10-13 00:00:00,0.46,0.06,10.0,comfort,0.46,0.0,0.2010385071540611,0.061582498236576,0,0.994,2
2025-10-13 00:00:00,0.46,0.04,10.0,comfort,0.46,0.0,0.1961351289307913,0.0610604595333749,0,0.9988571428571428,2
2025-10-13 00:00:00,0.46,0.06,10.0,comfort,0.46,0.0,0.191759914590428,0.0605946518562043,0,0.9933333333333332,2
2025-10-13 00:00:00,0.55,0.06,10.0,comfort,0.55,0.0,0.2402655329402194,0.0736198992240974,0,0.9945454545454544,2
2025-10-14 00:00:00,0.45,0.05,10.0,comfort,0.45,0.0,0.2010385071540611,0.060709043640808,0,0.9980769230769232,2
2025-10-14 00:00:00,0.45,0.05,10.0,comfort,0.45,0.0,0.1912317507075215,0.0596649662344057,0,0.9983333333333332,2
2025-10-14 00:00:00,0.46,0.05,10.0,comfort,0.46,0.0,0.1961351289307913,0.0610604595333749,0,0.998809523809524,2
2025-10-14 00:00:00,0.45,0.05,10.0,comfort,0.45,0.0,0.1961716123997144,0.0601908891541485,0,0.9984375,2
2025-10-14 00:00:00,0.55,0.11,10.0,comfort,0.55,0.0,0.2452417707970151,0.0741496949362156,0,0.997843137254902,2
2025-10-14 00:00:00,0.47,0.07,10.0,comfort,0.47,0.0,0.2059418853773309,0.0629779915355452,0,0.9985714285714286,2
2025-10-14 00:00:00,0.49,0.07,10.0,comfort,0.49,0.0,0.2157586922264399,0.0657700481507013,0,0.9984782608695651,2
2025-10-14 00:00:00,0.48,0.1,10.0,comfort,0.48,0.0,0.1814759378735009,0.0612466763326315,0,0.9979166666666668,2
2025-10-14 00:00:00,0.48,0.06,10.0,comfort,0.48,0.0,0.2010385071540611,0.0633294074281121,0,0.9989473684210526,2
2025-10-14 00:00:00,0.49,0.09,10.0,comfort,0.49,0.0,0.2060117138506117,0.0647323350231886,0,0.9982692307692308,2
2025-10-14 00:00:00,0.46,0.12,10.0,comfort,0.46,0.0,0.1765765294363664,0.0589781510816129,0,0.9976470588235294,2
2025-10-14 00:00:00,0.47,0.04,10.0,comfort,0.47,0.0,0.2010385071540611,0.0624559528323441,0,0.999344262295082,2
2025-10-15 00:00:00,0.47,0.04,10.0,comfort,0.47,0.0,0.1864743127395673,0.0609053742681146,0,0.997777777777778,2
2025-10-15 00:00:00,0.46,0.05,10.0,comfort,0.46,0.0,0.1667380144327825,0.0579306924969331,0,0.9975,2
2025-10-15 00:00:00,0.46,0.05,10.0,comfort,0.46,0.0,0.2059554341855794,0.0621059794151413,0,0.9973684210526316,2
2025-10-15 00:00:00,0.46,0.05,10.0,comfort,0.46,0.0,0.2059418853773309,0.0621045369397772,0,0.9973684210526316,2
2025-10-15 00:00:00,0.46,0.06,10.0,comfort,0.46,0.0,0.2011090469811327,0.0615900082670431,0,0.9966666666666668,2
2025-10-15 00:00:00,0.46,0.04,10.0,comfort,0.46,0.0,0.2010385071540611,0.061582498236576,0,0.998095238095238,2
2025-10-15 00:00:00,0.45,0.04,10.0,comfort,0.45,0.0,0.1961351289307913,0.0601870049376069,0,0.9983333333333334,2
2025-10-15 00:00:00,0.47,0.05,10.0,comfort,0.47,0.0,0.2010994279138048,0.0624624387677475,0,0.9977272727272728,2
2025-10-15 00:00:00,0.47,0.07,10.0,comfort,0.47,0.0,0.2109411023567828,0.0635102337224907,0,0.9968181818181818,2
2025-10-15 00:00:00,0.45,0.05,10.0,comfort,0.45,0.0,0.2010385071540611,0.060709043640808,0,0.9979166666666668,2
2025-10-15 00:00:00,0.45,0.05,10.0,comfort,0.45,0.0,0.1961351289307913,0.0601870049376069,0,0.998,2
2025-10-15 00:00:00,0.46,0.04,10.0,comfort,0.46,0.0,0.1912317507075215,0.0605384208301737,0,0.9981818181818182,2
2025-10-16 00:00:00,0.47,0.06,10.0,comfort,0.47,0.0,0.2060354953252297,0.0629879577289699,0,0.9972727272727272,2
2025-10-16 00:00:00,0.47,0.04,10.0,comfort,0.47,0.0,0.2059418853773309,0.0629779915355452,0,0.998,2
2025-10-16 00:00:00,0.49,0.04,10.0,comfort,0.49,0.0,0.2206520200471402,0.0662910168366847,0,0.998,2
2025-10-16 00:00:00,0.45,0.14,10.0,comfort,0.45,0.0,0.1916225286328804,0.0597065704493174,0,0.9939130434782608,2
2025-10-16 00:00:00,0.45,0.05,10.0,comfort,0.45,0.0,0.2010385071540611,0.060709043640808,0,0.9973684210526316,2
2025-10-16 00:00:00,0.47,0.04,10.0,comfort,0.47,0.0,0.2108452636006006,0.0635000302387463,0,0.9978947368421052,2
2025-10-16 00:00:00,0.48,0.04,10.0,comfort,0.48,0.0,0.1667148595911726,0.0596751365057041,0,0.9978947368421052,2
2025-10-16 00:00:00,0.48,0.04,10.0,comfort,0.48,0.0,0.210871374469158,0.0643762647310144,0,0.9976470588235294,2
2025-10-16 00:00:00,0.47,0.06,10.0,comfort,0.47,0.0,0.211018900876507,0.0635185165504715,0,0.996,2
2025-10-16 00:00:00,0.47,0.07,10.0,comfort,0.47,0.0,0.2108847970875258,0.0635042391757909,0,0.995625,2
2025-10-16 00:00:00,0.47,0.07,10.0,comfort,0.47,0.0,0.2108452636006006,0.0635000302387463,0,0.9958823529411764,2
2025-10-16 00:00:00,0.47,0.07,10.0,comfort,0.47,0.0,0.2010385071540611,0.0624559528323441,0,0.9965,2
2025-10-17 00:00:00,0.45,0.05,10.0,comfort,0.45,0.0,0.1863283724842517,0.0591429275312046,0,0.9986842105263158,2
2025-10-17 00:00:00,0.45,0.05,10.0,comfort,0.45,0.0,0.1863351827317841,0.059143652584959,0,0.9986111111111112,2
2025-10-17 00:00:00,0.45,0.05,10.0,comfort,0.45,0.0,0.1863283724842517,0.0591429275312046,0,0.9988888888888888,2
2025-10-17 00:00:00,0.48,0.05,10.0,comfort,0.48,0.0,0.2108452636006006,0.0643734848345144,0,0.9993150684931508,2
2025-10-17 00:00:00,0.49,0.04,10.0,comfort,0.49,0.0,0.2157486418238705,0.0657689781334835,0,0.9993939393939392,2
2025-10-17 00:00:00,0.48,0.04,10.0,comfort,0.48,0.0,0.2108566729763366,0.0643746995349601,0,0.9992857142857144,2
2025-10-17 00:00:00,0.48,0.04,10.0,comfort,0.48,0.0,0.2108452636006006,0.0643734848345144,0,0.9994520547945204,2
2025-10-17 00:00:00,0.48,0.05,10.0,comfort,0.48,0.0,0.2157486418238705,0.0648955235377155,0,0.9994791666666668,2
2025-10-17 00:00:00,0.55,0.04,10.0,comfort,0.55,0.0,0.2502155599692201,0.0746792299488589,0,0.9983333333333334,2
2025-10-17 00:00:00,0.5,0.04,10.0,comfort,0.5,0.0,0.2256180525477074,0.0676931806301948,0,0.997777777777778,2
2025-10-17 00:00:00,0.47,0.04,10.0,comfort,0.47,0.0,0.2059418853773309,0.0629779915355452,0,0.997777777777778,2
2025-10-17 00:00:00,0.47,0.07,10.0,comfort,0.47,0.0,0.2109993902552795,0.0635164393500312,0,0.9963157894736842,2
2025-10-18 00:00:00,0.49,0.06,10.0,comfort,0.49,0.0,0.2206520200471402,0.0662910168366847,0,0.9989473684210526,2
2025-10-18 00:00:00,0.49,0.06,10.0,comfort,0.49,0.0,0.2206562430523086,0.0662914664393956,0,0.9989090909090907,2
2025-10-18 00:00:00,0.5,0.06,10.0,comfort,0.5,0.0,0.2108452636006006,0.0661203940260504,0,0.9989090909090907,2
2025-10-18 00:00:00,0.51,0.06,10.0,comfort,0.51,0.0,0.2206542488554236,0.0680381633185404,0,0.9988888888888888,2
2025-10-18 00:00:00,0.51,0.05,10.0,comfort,0.51,0.0,0.2206520200471402,0.0680379260282207,0,0.9990384615384617,2
2025-10-18 00:00:00,0.51,0.07,10.0,comfort,0.51,0.0,0.2207799622149415,0.068051547405223,0,0.997878787878788,2
2025-10-18 00:00:00,0.49,0.07,10.0,comfort,0.49,0.0,0.2108452636006006,0.0652469394302824,0,0.9982051282051282,2
2025-10-18 00:00:00,0.49,0.07,10.0,comfort,0.49,0.0,0.2157486418238705,0.0657689781334835,0,0.9983720930232558,2
2025-10-18 00:00:00,0.48,0.05,10.0,comfort,0.48,0.0,0.2010481802177574,0.0633304372719051,0,0.9982758620689656,2
2025-10-18 00:00:00,0.48,0.05,10.0,comfort,0.48,0.0,0.2010385071540611,0.0633294074281121,0,0.9984375,2
2025-10-18 00:00:00,0.48,0.05,10.0,comfort,0.48,0.0,0.2010385071540611,0.0633294074281121,0,0.998529411764706,2
2025-10-18 00:00:00,0.47,0.06,10.0,comfort,0.47,0.0,0.2059418853773309,0.0629779915355452,0,0.9986363636363637,2
2025-10-19 00:00:00,0.51,0.08,10.0,comfort,0.51,0.0,0.2256454541726678,0.0685695525429856,0,0.997837837837838,2
2025-10-19 00:00:00,0.5,0.04,10.0,comfort,0.5,0.0,0.2206520200471402,0.0671644714324527,0,0.9987878787878788,2
2025-10-19 00:00:00,0.52,0.04,10.0,comfort,0.52,0.0,0.2255642176408213,0.0694343582824332,0,0.9987096774193548,2
2025-10-19 00:00:00,0.54,0.03,10.0,comfort,0.54,0.0,0.22555539827041,0.071180328518726,0,0.9991176470588234,2
2025-10-19 00:00:00,0.49,0.03,10.0,comfort,0.49,0.0,0.2206520200471402,0.0662910168366847,0,0.9991176470588234,2
2025-10-19 00:00:00,0.56,0.04,10.0,comfort,0.56,0.0,0.2550048314935789,0.0760625748655467,0,0.9988888888888888,2
2025-10-19 00:00:00,0.48,0.03,10.0,comfort,0.48,0.0,0.2206520200471402,0.0654175622409166,0,0.9991891891891892,2
2025-10-19 00:00:00,0.54,0.05,10.0,comfort,0.54,0.0,0.2501398764919986,0.0737977177033434,0,0.9986486486486488,2
2025-10-19 00:00:00,0.51,0.05,10.0,comfort,0.51,0.0,0.2304587764936798,0.069082003434623,0,0.9986486486486488,2
2025-10-19 00:00:00,0.48,0.06,10.0,comfort,0.48,0.0,0.2206520200471402,0.0654175622409166,0,0.9988461538461538,2
2025-10-19 00:00:00,0.48,0.06,10.0,comfort,0.48,0.0,0.2108452636006006,0.0643734848345144,0,0.998867924528302,2
2025-10-19 00:00:00,0.68,0.05,10.0,comfort,0.68,0.0,0.3089128280659963,0.0922833508138978,0,0.9995967741935484,2
2025-10-20 00:00:00,0.49,0.04,10.0,comfort,0.49,0.0,0.2110246968576122,0.065266042811775,0,0.9978947368421052,2
2025-10-20 00:00:00,0.49,0.04,10.0,comfort,0.49,0.0,0.210871374469158,0.0652497193267824,0,0.9976470588235294,2
2025-10-20 00:00:00,0.49,0.04,10.0,comfort,0.49,0.0,0.2157645056945928,0.0657706670822292,0,0.9975,2
2025-10-20 00:00:00,0.57,0.04,10.0,comfort,0.57,0.0,0.2598790458332985,0.077454963228438,0,0.9975,2
2025-10-20 00:00:00,0.49,0.04,10.0,comfort,0.49,0.0,0.2206520200471402,0.0662910168366847,0,0.9976470588235294,2
2025-10-20 00:00:00,0.49,0.04,10.0,comfort,0.49,0.0,0.2206520200471402,0.0662910168366847,0,0.9978947368421052,2
2025-10-20 00:00:00,0.49,0.04,10.0,comfort,0.49,0.0,0.2206520200471402,0.0662910168366847,0,0.9984615384615384,2
2025-10-20 00:00:00,0.49,0.04,10.0,comfort,0.49,0.0,0.2206520200471402,0.0662910168366847,0,0.9985714285714286,2
2025-10-20 00:00:00,0.49,0.04,10.0,comfort,0.49,0.0,0.2206520200471402,0.0662910168366847,0,0.9986666666666668,2
2025-10-20 00:00:00,0.52,0.04,10.0,comfort,0.52,0.0,0.2353621547169496,0.0704774967335922,0,0.9987878787878788,2
2025-10-20 00:00:00,0.48,0.04,10.0,comfort,0.48,0.0,0.2157486418238705,0.0648955235377155,0,0.9988235294117648,2
2025-10-20 00:00:00,0.49,0.04,10.0,comfort,0.49,0.0,0.2207544900254903,0.0663019263142284,0,0.9978947368421052,2
2025-10-21 00:00:00,0.47,0.05,10.0,comfort,0.47,0.0,0.2108452636006006,0.0635000302387463,0,0.9988888888888888,2
2025-10-21 00:00:00,0.51,0.06,10.0,comfort,0.51,0.0,0.2304587764936798,0.069082003434623,0,0.9989090909090907,2
2025-10-21 00:00:00,0.49,0.06,10.0,comfort,0.49,0.0,0.2206520200471402,0.0662910168366847,0,0.9989090909090907,2
2025-10-21 00:00:00,0.5,0.03,10.0,comfort,0.5,0.0,0.2206520200471402,0.0671644714324527,0,0.9994545454545456,2
2025-10-21 00:00:00,0.49,0.03,10.0,comfort,0.49,0.0,0.2110310433433536,0.0652667184910792,0,0.9976923076923078,2
2025-10-21 00:00:00,0.49,0.03,10.0,comfort,0.49,0.0,0.2108655371836392,0.065249097859536,0,0.9975,2
2025-10-21 00:00:00,0.47,0.05,10.0,comfort,0.47,0.0,0.2157486418238704,0.0640220689419475,0,0.9988636363636364,2
2025-10-21 00:00:00,0.49,0.03,10.0,comfort,0.49,0.0,0.225709186041958,0.0668294285719408,0,0.9975,2
2025-10-21 00:00:00,0.47,0.04,10.0,comfort,0.47,0.0,0.215838537091297,0.0640316396515062,0,0.9966666666666668,2
2025-10-21 00:00:00,0.46,0.04,10.0,comfort,0.46,0.0,0.2010385071540611,0.061582498236576,0,0.996923076923077,2
2025-10-21 00:00:00,0.46,0.04,10.0,comfort,0.46,0.0,0.2108722950446521,0.0626294535486498,0,0.9966666666666668,2
2025-10-21 00:00:00,0.49,0.03,10.0,comfort,0.49,0.0,0.2206520200471402,0.0662910168366847,0,0.9975,2
2025-10-22 00:00:00,0.44,0.05,10.0,comfort,0.44,0.0,0.1961351289307913,0.0593135503418388,0,0.9983333333333332,2
2025-10-22 00:00:00,0.49,0.07,10.0,comfort,0.49,0.0,0.2206887953838147,0.0662949321269587,0,0.998,2
2025-10-22 00:00:00,0.5,0.05,10.0,comfort,0.5,0.0,0.2304587764936798,0.068208548838855,0,0.9987804878048782,2
2025-10-22 00:00:00,0.5,0.05,10.0,comfort,0.5,0.0,0.2206553836450068,0.0671648295382704,0,0.99875,2
2025-10-22 00:00:00,0.51,0.07,10.0,comfort,0.51,0.0,0.2158295475645544,0.0675245009636224,0,0.998,2
2025-10-22 00:00:00,0.5,0.07,10.0,comfort,0.5,0.0,0.2206520200471402,0.0671644714324527,0,0.998,2
2025-10-22 00:00:00,0.57,0.11,10.0,comfort,0.57,0.0,0.2549756676100287,0.0769329245252369,0,0.998450704225352,2
2025-10-22 00:00:00,0.57,0.05,10.0,comfort,0.57,0.0,0.2451689111634891,0.0758888471188346,0,0.9992857142857144,2
2025-10-22 00:00:00,0.47,0.05,10.0,comfort,0.47,0.0,0.1961351289307913,0.0619339141291429,0,0.999462365591398,2
2025-10-22 00:00:00,0.47,0.05,10.0,comfort,0.47,0.0,0.1765817991221205,0.0598521667150558,0,0.9987804878048782,2
2025-10-22 00:00:00,0.47,0.05,10.0,comfort,0.47,0.0,0.2059450247353397,0.0629783257676418,0,0.99875,2
2025-10-22 00:00:00,0.51,0.07,10.0,comfort,0.51,0.0,0.2255723149252803,0.0685617657649479,0,0.9986,2
2025-10-23 00:00:00,0.96,1.96,10.0,stress,0.0,0.0,0.4641152093726946,0.049412076940555,0,0.9183333333333332,2
2025-10-23 00:00:00,1.3,1.94,10.0,stress,0.06,0.1591035847462855,0.612922277908723,0.1987631937978188,1,0.9515,3
2025-10-23 00:00:00,1.25,2.0,10.0,stress,0.05,0.2928932188134524,0.5897240757488973,0.3032797289011672,1,0.9130434782608696,3
2025-10-23 00:00:00,1.24,1.92,10.0,stress,0.048,0.4053964424986395,0.0,0.3310189090266745,1,0.9165217391304348,3
2025-10-23 00:00:00,0.94,0.48,10.0,stress,0.0,0.0,0.0,0.0,0,0.988,2
2025-10-23 00:00:00,0.49,0.1,10.0,comfort,0.49,0.0,0.0,0.0427992751926332,0,0.9981818181818182,1
2025-10-23 00:00:00,0.49,0.16,10.0,stress,0.0,0.0,0.0,0.0,0,0.9966666666666668,2
2025-10-23 00:00:00,0.47,0.05,10.0,comfort,0.47,0.0,0.0,0.0410523660010972,0,0.9991525423728814,1
2025-10-23 00:00:00,0.48,0.05,10.0,comfort,0.48,0.0,0.186344485280212,0.0617650067691072,0,0.9989795918367348,2
2025-10-23 00:00:00,0.48,2.14,10.0,stress,0.0,0.0,0.1644594875520018,0.0175091974760046,0,0.9027272727272728,2
2025-10-23 00:00:00,0.53,0.16,10.0,stress,0.0,0.0,0.2353621547169496,0.0250578577536548,0,0.9965957446808512,2
2025-10-23 00:00:00,0.5,1.87,10.0,stress,0.0,0.0,0.2296541529926805,0.0244501547206997,0,0.915,2
2025-10-24 00:00:00,0.53,0.1,10.0,comfort,0.53,0.0,0.0,0.0462930935757053,0,0.9952380952380953,1
2025-10-24 00:00:00,0.57,0.09,10.0,comfort,0.57,0.0,0.2010385071540611,0.0711904987900243,0,0.99625,2
2025-10-24 00:00:00,0.63,0.08,10.0,comfort,0.63,0.0,0.0,0.0550276395333856,0,0.996923076923077,2
2025-10-24 00:00:00,0.58,0.09,10.0,comfort,0.58,0.0,0.2355296239424212,0.0757360539377558,0,0.9955,2
2025-10-24 00:00:00,0.54,0.09,10.0,comfort,0.54,0.0,0.2206520200471403,0.0706582898155248,0,0.995909090909091,2
2025-10-24 00:00:00,0.54,0.07,10.0,comfort,0.54,0.0,0.22555539827041,0.071180328518726,0,0.9975,2
2025-10-24 00:00:00,0.54,0.07,10.0,comfort,0.54,0.0,0.2206732365875294,0.0706605486368367,0,0.9973076923076925,2
2025-10-24 00:00:00,0.53,0.09,10.0,comfort,0.53,0.0,0.2157818339226126,0.0692663303170081,0,0.997,2
2025-10-24 00:00:00,0.53,0.07,10.0,comfort,0.53,0.0,0.22555539827041,0.0703068739229579,0,0.9975,2
2025-10-24 00:00:00,0.54,0.09,10.0,comfort,0.54,0.0,0.2306028132289883,0.0717177021088336,0,0.99625,2
2025-10-24 00:00:00,0.55,0.09,10.0,comfort,0.55,0.0,0.225593845213297,0.0720578763725077,0,0.995909090909091,2
2025-10-24 00:00:00,0.55,0.11,10.0,comfort,0.55,0.0,0.2354201037323155,0.0731040300692068,0,0.9954166666666668,2
2025-10-25 00:00:00,0.5,0.05,10.0,comfort,0.5,0.0,0.2010385071540611,0.0650763166196481,0,0.9972222222222222,2
2025-10-25 00:00:00,0.5,0.05,10.0,comfort,0.5,0.0,0.2010385071540611,0.0650763166196481,0,0.9975,2
2025-10-25 00:00:00,0.52,0.05,10.0,comfort,0.52,0.0,0.2010385071540611,0.0668232258111842,0,0.9975,2
2025-10-25 00:00:00,0.49,0.05,10.0,comfort,0.49,0.0,0.2157628358134641,0.0657704892981507,0,0.9973684210526316,2
2025-10-25 00:00:00,0.49,0.06,10.0,comfort,0.49,0.0,0.2157883849947327,0.0657732093945516,0,0.997,2
2025-10-25 00:00:00,0.49,0.05,10.0,comfort,0.49,0.0,0.2157486418238705,0.0657689781334835,0,0.9975,2
2025-10-25 00:00:00,0.49,0.06,10.0,comfort,0.49,0.0,0.2158596889189268,0.0657808007747031,0,0.9964705882352942,2
2025-10-25 00:00:00,0.49,0.05,10.0,comfort,0.49,0.0,0.2108452636006006,0.0652469394302824,0,0.9973684210526316,2
2025-10-25 00:00:00,0.51,0.05,10.0,comfort,0.51,0.0,0.2255903139667367,0.0685636820348812,0,0.9970588235294118,2
2025-10-25 00:00:00,0.49,0.05,10.0,comfort,0.49,0.0,0.2108452636006006,0.0652469394302824,0,0.9970588235294118,2
2025-10-25 00:00:00,0.49,0.06,10.0,comfort,0.49,0.0,0.2158120973067598,0.0657757339284661,0,0.9964705882352942,2
2025-10-25 00:00:00,0.49,0.05,10.0,comfort,0.49,0.0,0.2157486418238705,0.0657689781334835,0,0.9975,2
2025-10-26 00:00:00,0.5,0.04,10.0,comfort,0.5,0.0,0.2206520200471402,0.0671644714324527,0,0.9975,2
2025-10-26 00:00:00,0.51,0.04,10.0,comfort,0.51,0.0,0.2206704077154775,0.0680398836733577,0,0.9973333333333334,2
2025-10-26 00:00:00,0.5,0.04,10.0,comfort,0.5,0.0,0.22067303452524,0.0671667087411807,0,0.9971428571428572,2
2025-10-26 00:00:00,0.49,0.04,10.0,comfort,0.49,0.0,0.2206762675218707,0.0662935983467555,0,0.996923076923077,2
2025-10-26 00:00:00,0.54,0.04,10.0,comfort,0.54,0.0,0.2451689111634891,0.0732684833315305,0,0.996923076923077,2
2025-10-26 00:00:00,0.51,0.04,10.0,comfort,0.51,0.0,0.2304587764936798,0.069082003434623,0,0.9975,2
2025-10-26 00:00:00,0.5,0.04,10.0,comfort,0.5,0.0,0.2255741945535992,0.0676885112840161,0,0.9973333333333334,2
2025-10-26 00:00:00,0.5,0.04,10.0,comfort,0.5,0.0,0.22555539827041,0.0676865101356539,0,0.9973333333333334,2
2025-10-26 00:00:00,0.5,0.04,10.0,comfort,0.5,0.0,0.22555539827041,0.0676865101356539,0,0.9976470588235294,2
2025-10-26 00:00:00,0.5,0.07,10.0,comfort,0.5,0.0,0.2257544177394722,0.067707698765372,0,0.9958823529411764,2
2025-10-26 00:00:00,0.5,0.04,10.0,comfort,0.5,0.0,0.22555539827041,0.0676865101356539,0,0.9973333333333334,2
2025-10-26 00:00:00,0.54,0.08,10.0,comfort,0.54,0.0,0.2454188873082049,0.0732950970693408,0,0.9952941176470588,2
2025-10-27 00:00:00,0.83,0.06,10.0,comfort,0.83,0.0,0.3726567449685035,0.112171672892033,0,0.9953846153846152,2
2025-10-27 00:00:00,0.83,0.06,10.0,comfort,0.83,0.0,0.387529411196203,0.1137550929418684,0,0.9945454545454544,2
2025-10-27 00:00:00,0.83,0.06,10.0,comfort,0.83,0.0,0.3677533667452338,0.1116496341888319,0,0.9945454545454544,2
2025-10-27 00:00:00,0.85,0.06,10.0,comfort,0.85,0.0,0.3874725251509415,0.1154959457543233,0,0.994,2
2025-10-27 00:00:00,0.88,0.04,10.0,comfort,0.88,0.0,0.4020770143081222,0.11967117809008,0,0.9984615384615384,2
2025-10-27 00:00:00,0.78,0.04,10.0,comfort,0.78,0.0,0.3532129643985376,0.1057343156708837,0,0.9975,2
2025-10-27 00:00:00,0.78,0.04,10.0,comfort,0.78,0.0,0.3530432320754244,0.1057162451003883,0,0.9975,2
2025-10-27 00:00:00,0.78,0.04,10.0,comfort,0.78,0.0,0.362849988521964,0.1067603225067906,0,0.9976470588235294,2
2025-10-27 00:00:00,0.77,0.03,10.0,comfort,0.77,0.0,0.3579466102986942,0.1053648292078214,0,0.99875,2
2025-10-27 00:00:00,0.59,0.05,10.0,comfort,0.59,0.0,0.2699138454214717,0.0802702284645951,0,0.9970588235294118,2
2025-10-27 00:00:00,0.54,0.05,10.0,comfort,0.54,0.0,0.2452461702741499,0.0732767087312658,0,0.9964285714285712,2
2025-10-27 00:00:00,0.55,0.05,10.0,comfort,0.55,0.0,0.255010691740195,0.0751897441815808,0,0.996153846153846,2
2025-10-28 00:00:00,0.17,0.05,10.0,comfort,0.17,0.0,0.0588405386792374,0.0211131925664701,0,0.9984375,1
2025-10-28 00:00:00,0.16,0.07,10.0,comfort,0.16,0.0,0.0539676297653598,0.019720943185885,0,0.9973076923076925,1
2025-10-28 00:00:00,0.16,0.06,10.0,comfort,0.16,0.0,0.0539371604559676,0.0197176992675009,0,0.998,1
2025-10-28 00:00:00,0.16,0.06,10.0,comfort,0.16,0.0,0.0539371604559676,0.0197176992675009,0,0.9985365853658535,1
2025-10-28 00:00:00,0.16,0.07,10.0,comfort,0.16,0.0,0.0441575197829985,0.0186765087449217,0,0.9973076923076925,1
2025-10-28 00:00:00,0.27,0.06,10.0,comfort,0.27,0.0,0.1030140413863971,0.0345506753605669,0,0.9964705882352942,1
2025-10-28 00:00:00,0.16,0.09,10.0,comfort,0.16,0.0,0.0490337822326978,0.0191956605642998,0,0.9971875,1
2025-10-28 00:00:00,0.15,0.09,10.0,comfort,0.15,0.0,0.0392270257861582,0.0172781285621295,0,0.9976315789473684,1
2025-10-28 00:00:00,0.23,0.06,10.0,comfort,0.23,0.0,0.0834254319093669,0.0289713535096257,0,0.996,1
2025-10-28 00:00:00,0.17,0.05,10.0,comfort,0.17,0.0,0.0392270257861582,0.0190250377536655,0,0.9990909090909093,1
2025-10-28 00:00:00,0.16,0.09,10.0,comfort,0.16,0.0,0.0343613067373305,0.0176335538428558,0,0.996896551724138,1
2025-10-28 00:00:00,0.17,0.06,10.0,comfort,0.17,0.0,0.0539371604559676,0.020591153863269,0,0.9992,1
2025-10-29 00:00:00,0.18,0.07,10.0,comfort,0.18,0.0,0.0637741952630358,0.0225119094544315,0,0.99825,1
2025-10-29 00:00:00,0.1,0.04,10.0,comfort,0.1,0.0,0.0049033782232697,0.0092565846608814,0,0.9985714285714286,1
2025-10-29 00:00:00,0.12,0.04,10.0,comfort,0.12,0.0,0.0294202693396187,0.0136136873684231,0,0.9988235294117648,1
2025-10-29 00:00:00,0.12,0.04,10.0,comfort,0.12,0.0,0.0245168911163489,0.013091648665222,0,0.9988235294117648,1
2025-10-29 00:00:00,0.1,0.04,10.0,comfort,0.1,0.0,0.0294239777769304,0.0118671729960744,0,0.9985714285714286,1
2025-10-29 00:00:00,0.12,0.04,10.0,comfort,0.12,0.0,0.0392270257861582,0.0146577647748254,0,0.9986666666666668,1
2025-10-29 00:00:00,0.16,0.05,10.0,comfort,0.16,0.0,0.0588405386792374,0.0202397379707021,0,0.9986842105263158,1
2025-10-29 00:00:00,0.12,0.04,10.0,comfort,0.12,0.0,0.0392273698828756,0.0146578014091204,0,0.9986666666666668,1
2025-10-29 00:00:00,0.12,0.04,10.0,comfort,0.12,0.0,0.0392270257861582,0.0146577647748254,0,0.9988235294117648,1
2025-10-29 00:00:00,0.12,0.04,10.0,comfort,0.12,0.0,0.0343236475628884,0.0141357260716243,0,0.999,1
2025-10-29 00:00:00,0.14,0.04,10.0,comfort,0.14,0.0,0.0490337822326978,0.0174487513727637,0,0.9993333333333332,1
2025-10-29 00:00:00,0.12,0.08,10.0,comfort,0.12,0.0,0.0392531771366823,0.0146605489812425,0,0.998,1
2025-10-30 00:00:00,0.1,0.04,10.0,comfort,0.1,0.0,0.0294202693396187,0.0118667781768871,0,0.9986666666666668,1
2025-10-30 00:00:00,0.11,0.04,10.0,comfort,0.11,0.0,0.0343244366122577,0.0132623554820843,0,0.9986206896551724,1
2025-10-30 00:00:00,0.11,0.04,10.0,comfort,0.11,0.0,0.0147101346698093,0.0111741166630517,0,0.9986206896551724,1
2025-10-30 00:00:00,0.15,0.05,10.0,comfort,0.15,0.0,0.0539481205932523,0.0188454115439574,0,0.9982142857142856,1
2025-10-30 00:00:00,0.15,0.04,10.0,comfort,0.15,0.0,0.0539371604559676,0.0188442446717329,0,0.9983333333333334,1
2025-10-30 00:00:00,0.15,0.08,10.0,comfort,0.15,0.0,0.0539949502707418,0.0188503972707349,0,0.9961904761904764,1
2025-10-30 00:00:00,0.15,0.05,10.0,comfort,0.15,0.0,0.0490337822326978,0.0183222059685318,0,0.9972222222222222,1
2025-10-30 00:00:00,0.15,0.05,10.0,comfort,0.15,0.0,0.0539415670867238,0.0188447138241623,0,0.9970588235294118,1
2025-10-30 00:00:00,0.11,0.06,10.0,comfort,0.11,0.0,0.0147101346698093,0.0111741166630517,0,0.9979310344827588,1
2025-10-30 00:00:00,0.14,0.04,10.0,comfort,0.14,0.0,0.044130404009428,0.0169267126695626,0,0.9985714285714286,1
2025-10-30 00:00:00,0.14,0.06,10.0,comfort,0.14,0.0,0.0441816267997961,0.0169321661095871,0,0.99625,1
2025-10-30 00:00:00,0.14,0.07,10.0,comfort,0.14,0.0,0.0392450048396436,0.0164065881082732,0,0.9953333333333332,1
2025-10-31 00:00:00,0.14,0.05,10.0,comfort,0.14,0.0,0.0490337822326978,0.0174487513727637,0,0.996153846153846,1
2025-10-31 00:00:00,0.14,0.05,10.0,comfort,0.14,0.0,0.0392270257861582,0.0164046739663615,0,0.9973684210526316,1
2025-10-31 00:00:00,0.14,0.04,10.0,comfort,0.14,0.0,0.0343236475628884,0.0158826352631603,0,0.9978947368421052,1
2025-10-31 00:00:00,0.14,0.04,10.0,comfort,0.14,0.0,0.044130404009428,0.0169267126695626,0,0.998,1
2025-10-31 00:00:00,0.14,0.05,10.0,comfort,0.14,0.0,0.0441511712583736,0.0169289236570115,0,0.9970588235294118,1
2025-10-31 00:00:00,0.14,0.04,10.0,comfort,0.14,0.0,0.0490337822326978,0.0174487513727637,0,0.9971428571428572,1
2025-10-31 00:00:00,0.14,0.04,10.0,comfort,0.14,0.0,0.0490454569427532,0.0174499943220571,0,0.9966666666666668,1
2025-10-31 00:00:00,0.15,0.05,10.0,comfort,0.15,0.0,0.0491052898317871,0.0183298190329535,0,0.99375,1
2025-10-31 00:00:00,0.17,0.06,10.0,comfort,0.17,0.0,0.0637571968851952,0.0216366451244924,0,0.9933333333333332,1
2025-10-31 00:00:00,0.19,0.06,10.0,comfort,0.19,0.0,0.0735506733490467,0.0244262178676096,0,0.994,1
2025-10-31 00:00:00,0.14,0.04,10.0,comfort,0.14,0.0,0.044130404009428,0.0169267126695626,0,0.9966666666666668,1
2025-10-31 00:00:00,0.22,0.07,10.0,comfort,0.22,0.0,0.0785521191367819,0.0275790611321788,0,0.9941666666666666,1
2025-10-31 02:00:00,0.15,0.05,10.0,comfort,0.15,0.0,0.0441395978435966,0.0178011460878991,0,0.99375,1
2025-11-01 00:00:00,0.16,0.05,11.0,comfort,0.16,0.0,0.0588405386792374,0.0202397379707021,0,0.9979166666666668,1
2025-11-01 00:00:00,0.14,0.03,11.0,comfort,0.14,0.0,0.0343236475628884,0.0158826352631603,0,0.9985,1
2025-11-01 00:00:00,0.14,0.03,11.0,comfort,0.14,0.0,0.044130404009428,0.0169267126695626,0,0.99875,1
2025-11-01 00:00:00,0.14,0.05,11.0,comfort,0.14,0.0,0.0441487916777653,0.0169286703146996,0,0.9979166666666668,1
2025-11-01 00:00:00,0.18,0.07,11.0,comfort,0.18,0.0,0.0735966425198899,0.0235576573846841,0,0.9966666666666668,1
2025-11-01 00:00:00,0.18,0.04,11.0,comfort,0.18,0.0,0.0735506733490467,0.0235527632718416,0,0.998095238095238,1
2025-11-01 00:00:00,0.16,0.04,11.0,comfort,0.16,0.0,0.0539371604559676,0.0197176992675009,0,0.9985714285714286,1
2025-11-01 00:00:00,0.14,0.04,11.0,comfort,0.14,0.0,0.034333454319335,0.0158836793405667,0,0.998,1
2025-11-01 00:00:00,0.14,0.04,11.0,comfort,0.14,0.0,0.0490337822326978,0.0174487513727637,0,0.998095238095238,1
2025-11-01 00:00:00,0.17,0.04,11.0,comfort,0.17,0.0,0.0637439169025071,0.0216352312696713,0,0.9984,1
2025-11-01 00:00:00,0.17,0.05,11.0,comfort,0.17,0.0,0.0637593216824253,0.0216368713412638,0,0.9979166666666668,1
2025-11-01 00:00:00,0.14,0.04,11.0,comfort,0.14,0.0,0.0490337822326978,0.0174487513727637,0,0.9982608695652174,1
2025-11-02 00:00:00,0.35,0.04,11.0,comfort,0.35,0.0,0.1521258881078948,0.0467670103031302,0,0.9966666666666668,1
2025-11-02 00:00:00,0.34,0.15,11.0,stress,0.0,0.0,0.1426275248379247,0.0151848551583948,0,0.990625,2
2025-11-02 00:00:00,0.35,0.14,11.0,comfort,0.35,0.0,0.1520047249213633,0.0467541106511163,0,0.9906666666666666,1
2025-11-02 00:00:00,0.35,0.12,11.0,comfort,0.35,0.0,0.1520047249213633,0.0467541106511163,0,0.992,1
2025-11-02 00:00:00,0.37,0.12,11.0,comfort,0.37,0.0,0.1078743209119352,0.0438026715138421,0,0.9925,1
2025-11-02 00:00:00,0.38,0.13,11.0,comfort,0.38,0.0,0.1177178526951493,0.0457241188062864,0,0.991875,1
2025-11-02 00:00:00,0.37,0.13,11.0,comfort,0.37,0.0,0.1225844555817445,0.0453687876234455,0,0.9923529411764708,1
2025-11-02 00:00:00,0.36,0.03,11.0,comfort,0.36,0.0,0.1176810773584748,0.0439732943244763,0,0.9983333333333332,1
2025-11-02 00:00:00,0.36,0.03,11.0,comfort,0.36,0.0,0.112777699135205,0.0434512556212752,0,0.9986363636363637,1
2025-11-02 00:00:00,0.36,0.05,11.0,comfort,0.36,0.0,0.1129021939978867,0.0434645099805578,0,0.9964285714285712,1
2025-11-02 00:00:00,0.35,0.04,11.0,comfort,0.35,0.0,0.1569131975635663,0.0472766917321909,0,0.9963636363636365,1
2025-11-02 00:00:00,0.38,0.05,11.0,comfort,0.38,0.0,0.1716182378144424,0.051462629251225,0,0.9966666666666666,2
2025-11-03 00:00:00,0.27,0.27,11.0,stress,0.0,0.0,0.1080990590805017,0.0115087782443218,0,0.9925,2
2025-11-03 00:00:00,0.44,0.08,11.0,comfort,0.44,0.0,0.1961351289307913,0.0593135503418388,0,0.9975,2
2025-11-03 00:00:00,0.27,0.28,11.0,stress,0.0,0.0,0.1082266523633008,0.0115223624772438,0,0.990967741935484,2
2025-11-03 00:00:00,0.27,0.26,11.0,stress,0.0,0.0,0.0,0.0,0,0.991875,2
2025-11-03 00:00:00,0.25,0.21,11.0,stress,0.0,0.0,0.0833574297955863,0.0088746579544194,0,0.9943243243243244,2
2025-11-03 00:00:00,0.25,0.21,11.0,stress,0.0,0.0,0.0,0.0,0,0.9948780487804878,2
2025-11-03 00:00:00,0.24,0.1,11.0,comfort,0.24,0.0,0.0,0.0209629102984326,0,0.9981132075471698,1
2025-11-03 00:00:00,0.25,0.06,11.0,comfort,0.25,0.0,0.0196135128930791,0.0239245197070052,0,0.998125,1
2025-11-03 00:00:00,0.39,0.06,11.0,comfort,0.39,0.0,0.0882608080188561,0.0434614258925735,0,0.998125,1
2025-11-03 00:00:00,0.34,0.07,11.0,comfort,0.34,0.0,0.117699465026812,0.0422283427780773,0,0.9978125,1
2025-11-03 00:00:00,0.23,0.07,11.0,comfort,0.23,0.0,0.0833574297955863,0.028964113657084,0,0.9978125,1
2025-11-03 00:00:00,0.34,0.06,11.0,comfort,0.34,0.0,0.1372945902515539,0.0443145399457449,0,0.998181818181818,1
2025-11-04 00:00:00,0.21,0.31,11.0,stress,0.0,0.0,0.0687058013432137,0.0073147707157064,0,0.9964772727272728,2
2025-11-04 00:00:00,0.26,0.28,11.0,stress,0.0,0.0,0.0934348564347308,0.0099475522927222,0,0.9906666666666666,2
2025-11-04 00:00:00,0.21,0.37,11.0,stress,0.0,0.0,0.0735506733490467,0.0078305805480171,0,0.9944776119402984,2
2025-11-04 00:00:00,0.21,0.39,11.0,stress,0.0,0.0,0.0,0.0,0,0.9930357142857142,2
2025-11-04 00:00:00,0.2,0.37,11.0,stress,0.0,0.0,0.0,0.0,0,0.9939344262295082,2
2025-11-04 00:00:00,0.21,0.18,11.0,stress,0.0,0.0,0.0,0.0,0,0.9971875,2
2025-11-04 00:00:00,0.23,0.15,11.0,stress,0.0,0.0,0.0,0.0,0,0.9978260869565216,2
2025-11-04 00:00:00,0.2,0.36,11.0,stress,0.0,0.0,0.0,0.0,0,0.995,2
2025-11-04 00:00:00,0.26,0.29,11.0,stress,0.0,0.0,0.0392270257861582,0.0041763096256091,0,0.9986384976525822,2
2025-11-04 00:00:00,0.33,0.25,11.0,stress,0.0,0.0,0.0882608080188561,0.0093966966576205,0,0.99875,2
2025-11-04 00:00:00,0.28,0.28,11.0,stress,0.0,0.0,0.0,0.0,0,0.99125,2
2025-11-04 00:00:00,0.23,0.36,11.0,stress,0.0,0.0,0.0,0.0,0,0.9972307692307693,2
2025-11-09 00:00:00,0.54,0.28,11.0,stress,0.0,0.0,0.1434230586647606,0.0152695517549868,0,0.98,2
2025-11-09 00:00:00,0.38,0.14,11.0,comfort,0.38,0.0,0.0490337822326978,0.0384116616711964,0,0.9917647058823528,1
2025-11-09 00:00:00,0.4,0.14,11.0,comfort,0.4,0.0,0.0196135128930791,0.0370263386435256,0,0.9917647058823528,1
2025-11-09 00:00:00,0.42,0.45,11.0,stress,0.0,0.0,0.0691775582878166,0.0073649963708309,0,0.9763157894736842,2
2025-11-09 00:00:00,0.66,1.1,11.0,stress,0.0,0.0,0.2589680497739227,0.02757106197375,0,0.945,2
2025-11-09 00:00:00,0.89,0.5,11.0,stress,0.0,0.0,0.3677533667452338,0.0391529027400857,0,0.9736842105263158,2
2025-11-09 00:00:00,0.58,0.33,11.0,stress,0.0,0.0,0.0637439169025071,0.0067865031416148,0,0.978,2
2025-11-09 00:00:00,0.39,0.13,11.0,comfort,0.39,0.0,0.0,0.034064729234953,0,0.9891666666666666,1
2025-11-09 00:00:00,0.39,0.13,11.0,comfort,0.39,0.0,0.0,0.034064729234953,0,0.9891666666666666,1
2025-11-09 00:00:00,0.55,0.25,11.0,stress,0.0,0.0,0.1083272547593539,0.0115330731224323,0,0.9807692307692308,2
2025-11-09 00:00:00,0.39,0.13,11.0,comfort,0.39,0.0,0.1274878338050143,0.0476377355181827,0,0.9891666666666666,1
2025-11-09 00:00:00,0.49,0.26,11.0,stress,0.0,0.0,0.1773306734445517,0.0188795297012693,0,0.98,2
2025-11-10 00:00:00,0.5,0.1,11.0,comfort,0.5,0.0,0.1225844555817445,0.0567236973684298,0,0.9916666666666668,2
2025-11-10 00:00:00,0.47,0.14,11.0,comfort,0.47,0.0,0.1667148595911726,0.058801681909936,0,0.9917647058823528,2
2025-11-10 00:00:00,0.47,0.14,11.0,comfort,0.47,0.0,0.1029709426886654,0.0520151787683212,0,0.9917647058823528,2
2025-11-10 00:00:00,0.5,0.12,11.0,comfort,0.5,0.0,0.1961351289307913,0.064554277916447,0,0.992,2
2025-11-10 00:00:00,0.5,0.12,11.0,comfort,0.5,0.0,0.1765216160377122,0.0624661231036424,0,0.992,2
2025-11-10 00:00:00,0.49,0.11,11.0,comfort,0.49,0.0,0.1717898560522568,0.0610889011592853,0,0.99,2
2025-11-10 00:00:00,0.5,0.1,11.0,comfort,0.5,0.0,0.1863283724842517,0.0635102005100447,0,0.990909090909091,2
2025-11-10 00:00:00,0.49,0.11,11.0,comfort,0.49,0.0,0.1815074601674642,0.0621234869529021,0,0.99,2
2025-11-10 00:00:00,0.49,0.11,11.0,comfort,0.49,0.0,0.1863283724842517,0.0626367459142767,0,0.9908333333333332,2
2025-11-10 00:00:00,0.48,0.11,11.0,comfort,0.48,0.0,0.1863283724842517,0.0617632913185086,0,0.9926666666666668,2
2025-11-10 00:00:00,0.48,0.13,11.0,comfort,0.48,0.0,0.1816020996125224,0.0612601081560874,0,0.9907142857142855,2
2025-11-10 00:00:00,0.48,0.13,11.0,comfort,0.48,0.0,0.1814897889017894,0.0612481509838855,0,0.99,2
2025-11-11 00:00:00,0.42,0.04,11.0,comfort,0.42,0.0,0.1520047249213633,0.0528682928214925,0,0.999,2
2025-11-11 00:00:00,0.4,0.03,11.0,comfort,0.4,0.0,0.1324152831577438,0.0490357915526039,0,0.9986363636363637,1
2025-11-11 00:00:00,0.4,0.03,11.0,comfort,0.4,0.0,0.1323912120282841,0.0490332288171519,0,0.9986363636363637,1
2025-11-11 00:00:00,0.43,0.03,11.0,comfort,0.43,0.0,0.1912317507075215,0.0579180570428697,0,0.999032258064516,2
2025-11-11 00:00:00,0.4,0.04,11.0,comfort,0.4,0.0,0.1814505985948494,0.0542563418173917,0,0.99875,2
2025-11-11 00:00:00,0.42,0.04,11.0,comfort,0.42,0.0,0.1912356061863664,0.057045012921082,0,0.9987096774193548,2
2025-11-11 00:00:00,0.42,0.04,11.0,comfort,0.42,0.0,0.1912317507075215,0.0570446024471016,0,0.9990909090909093,2
2025-11-11 00:00:00,0.42,0.04,11.0,comfort,0.42,0.0,0.1863303421287812,0.0565227734423225,0,0.9990697674418604,2
2025-11-11 00:00:00,0.36,0.04,11.0,comfort,0.36,0.0,0.1570443334357353,0.0481641077230488,0,0.9973333333333334,1
2025-11-11 00:00:00,0.36,0.03,11.0,comfort,0.36,0.0,0.156908103144633,0.0481496039500855,0,0.9986363636363637,1
2025-11-11 00:00:00,0.42,0.04,11.0,comfort,0.42,0.0,0.1863283724842517,0.0565225637439005,0,0.9990909090909093,2
2025-11-11 00:00:00,0.42,0.04,11.0,comfort,0.42,0.0,0.1863471935319774,0.0565245675288219,0,0.9988888888888888,2
2025-11-12 00:00:00,0.19,0.03,11.0,comfort,0.19,0.0,0.0784540515723165,0.0249482565708107,0,0.999,1
2025-11-12 00:00:00,0.19,0.03,11.0,comfort,0.19,0.0,0.0735533001588092,0.0244264975312006,0,0.9989285714285714,1
2025-11-12 00:00:00,0.19,0.04,11.0,comfort,0.19,0.0,0.0735781354511089,0.0244291416233337,0,0.9981818181818182,1
2025-11-12 00:00:00,0.2,0.03,11.0,comfort,0.2,0.0,0.0833574297955863,0.0263437498697799,0,0.9989655172413792,1
2025-11-12 00:00:00,0.21,0.03,11.0,comfort,0.21,0.0,0.0882608080188561,0.0277392431687491,0,0.9989655172413792,1
2025-11-12 00:00:00,0.18,0.04,11.0,comfort,0.18,0.0,0.0686667057402608,0.0230327911218517,0,0.9984,1
2025-11-12 00:00:00,0.18,0.04,11.0,comfort,0.18,0.0,0.0735506733490467,0.0235527632718416,0,0.9985714285714286,1
2025-11-12 00:00:00,0.18,0.04,11.0,comfort,0.18,0.0,0.0735506733490467,0.0235527632718416,0,0.9988235294117648,1
2025-11-12 00:00:00,0.18,0.04,11.0,comfort,0.18,0.0,0.0686472951257769,0.0230307245686404,0,0.9990476190476192,1
2025-11-12 00:00:00,0.18,0.04,11.0,comfort,0.18,0.0,0.0686718120168933,0.0230333347621564,0,0.9983333333333334,1
2025-11-12 00:00:00,0.19,0.04,11.0,comfort,0.19,0.0,0.0735506733490467,0.0244262178676096,0,0.9983333333333334,1
2025-11-12 00:00:00,0.19,0.04,11.0,comfort,0.19,0.0,0.0735506733490467,0.0244262178676096,0,0.9985185185185186,1
2025-11-13 00:00:00,0.38,0.04,11.0,comfort,0.38,0.0,0.1667247389902595,0.0509416423593369,0,0.9984,2
2025-11-13 00:00:00,0.38,0.04,11.0,comfort,0.38,0.0,0.1667148595911726,0.0509405905480238,0,0.9986206896551724,2
2025-11-13 00:00:00,0.38,0.04,11.0,comfort,0.38,0.0,0.1667148595911726,0.0509405905480238,0,0.999,2
2025-11-13 00:00:00,0.39,0.04,11.0,comfort,0.39,0.0,0.1716182378144424,0.052336083846993,0,0.9993548387096776,2
2025-11-13 00:00:00,0.39,0.04,11.0,comfort,0.39,0.0,0.1716182378144424,0.052336083846993,0,0.9993548387096776,2
2025-11-13 00:00:00,0.38,0.05,11.0,comfort,0.38,0.0,0.1668595506751496,0.0509559951002335,0,0.9976190476190476,2
2025-11-13 00:00:00,0.38,0.05,11.0,comfort,0.38,0.0,0.1667148595911726,0.0509405905480238,0,0.9978260869565218,2
2025-11-13 00:00:00,0.38,0.05,11.0,comfort,0.38,0.0,0.1667321178582111,0.050942427951327,0,0.9976190476190476,2
2025-11-13 00:00:00,0.39,0.05,11.0,comfort,0.39,0.0,0.1667148595911726,0.0518140451437918,0,0.9976190476190476,2
2025-11-13 00:00:00,0.38,0.05,11.0,comfort,0.38,0.0,0.1618317584958938,0.05042071065149,0,0.9973684210526316,2
2025-11-13 00:00:00,0.38,0.05,11.0,comfort,0.38,0.0,0.1618114813679028,0.0504185518448227,0,0.9975,2
2025-11-13 00:00:00,0.38,0.05,11.0,comfort,0.38,0.0,0.1618339551847595,0.0504209445222123,0,0.9972222222222222,2
2025-11-14 00:00:00,0.39,0.04,11.0,comfort,0.39,0.0,0.1667148595911726,0.0518140451437918,0,0.9983333333333334,2
2025-11-14 00:00:00,0.38,0.04,11.0,comfort,0.38,0.0,0.1618114813679028,0.0504185518448227,0,0.9984,2
2025-11-14 00:00:00,0.4,0.04,11.0,comfort,0.4,0.0,0.1716182378144424,0.053209538442761,0,0.9986666666666668,2
2025-11-14 00:00:00,0.41,0.04,11.0,comfort,0.41,0.0,0.181424994260982,0.0551270704449313,0,0.9990697674418604,2
2025-11-14 00:00:00,0.4,0.04,11.0,comfort,0.4,0.0,0.1765277737685042,0.0537322327294499,0,0.999,2
2025-11-14 00:00:00,0.43,0.04,11.0,comfort,0.43,0.0,0.1912317507075215,0.0579180570428697,0,0.9993103448275862,2
2025-11-14 00:00:00,0.5,0.04,11.0,comfort,0.5,0.0,0.2257429798389513,0.0677064810280319,0,0.9976470588235294,2
2025-11-14 00:00:00,0.36,0.05,11.0,comfort,0.36,0.0,0.156908103144633,0.0481496039500855,0,0.9983333333333332,1
2025-11-14 00:00:00,0.36,0.05,11.0,comfort,0.36,0.0,0.156922631672702,0.0481511507314283,0,0.998148148148148,1
2025-11-14 00:00:00,0.36,0.05,11.0,comfort,0.36,0.0,0.1569807457849778,0.0481573378567996,0,0.9972222222222222,1
2025-11-14 00:00:00,0.47,0.04,11.0,comfort,0.47,0.0,0.2059418853773309,0.0629779915355452,0,0.9978947368421052,2
2025-11-14 00:00:00,0.45,0.04,11.0,comfort,0.45,0.0,0.1961465988213721,0.0601882260807722,0,0.997777777777778,2
2025-11-15 00:00:00,0.43,0.06,11.0,comfort,0.43,0.0,0.1863283724842517,0.0573960183396685,0,0.9989285714285714,2
2025-11-15 00:00:00,0.39,0.04,11.0,comfort,0.39,0.0,0.1716370209165073,0.0523380835920254,0,0.9987096774193548,2
2025-11-15 00:00:00,0.39,0.04,11.0,comfort,0.39,0.0,0.1716182378144424,0.052336083846993,0,0.9989473684210528,2
2025-11-15 00:00:00,0.45,0.08,11.0,comfort,0.45,0.0,0.1912973908965516,0.0596719546243685,0,0.9982608695652174,2
2025-11-15 00:00:00,0.43,0.03,11.0,comfort,0.43,0.0,0.1912317507075215,0.0579180570428697,0,0.9994117647058824,2
2025-11-15 00:00:00,0.43,0.04,11.0,comfort,0.43,0.0,0.1912586503143986,0.0579209209124819,0,0.9991304347826088,2
2025-11-15 00:00:00,0.51,0.06,11.0,comfort,0.51,0.0,0.210904195506576,0.0670001228136861,0,0.9985714285714286,2
2025-11-15 00:00:00,0.52,0.06,11.0,comfort,0.52,0.0,0.2402787343431282,0.0710009409256096,0,0.9984615384615384,2
2025-11-15 00:00:00,0.43,0.04,11.0,comfort,0.43,0.0,0.1912317507075215,0.0579180570428697,0,0.9990243902439024,2
2025-11-15 00:00:00,0.43,0.04,11.0,comfort,0.43,0.0,0.181424994260982,0.0568739796364674,0,0.9990909090909093,2
2025-11-15 00:00:00,0.43,0.04,11.0,comfort,0.43,0.0,0.1814310283517002,0.056874622056601,0,0.9990243902439024,2
2025-11-15 00:00:00,0.44,0.04,11.0,comfort,0.44,0.0,0.1961375208226075,0.0593138049948648,0,0.999,2
2025-11-16 00:00:00,0.47,0.05,11.0,comfort,0.47,0.0,0.2110326816126901,0.0635199837180687,0,0.9972222222222222,2
2025-11-16 00:00:00,0.42,0.04,11.0,comfort,0.42,0.0,0.1863283724842517,0.0565225637439005,0,0.99875,2
2025-11-16 00:00:00,0.43,0.04,11.0,comfort,0.43,0.0,0.1912317507075215,0.0579180570428697,0,0.9988235294117648,2
2025-11-16 00:00:00,0.46,0.04,11.0,comfort,0.46,0.0,0.2010499514713564,0.0615837166570788,0,0.9987096774193548,2
2025-11-16 00:00:00,0.47,0.04,11.0,comfort,0.47,0.0,0.2108497979073448,0.0635005129842138,0,0.9986666666666668,2
2025-11-16 00:00:00,0.47,0.05,11.0,comfort,0.47,0.0,0.2109557063577248,0.0635117885390613,0,0.9976190476190476,2
2025-11-16 00:00:00,0.47,0.04,11.0,comfort,0.47,0.0,0.2108452636006006,0.0635000302387463,0,0.9982608695652174,2
2025-11-16 00:00:00,0.47,0.04,11.0,comfort,0.47,0.0,0.2108961924082336,0.0635054523798665,0,0.997777777777778,2
2025-11-16 00:00:00,0.47,0.04,11.0,comfort,0.47,0.0,0.2060072637536411,0.0629849520515879,0,0.9971428571428572,2
2025-11-16 00:00:00,0.47,0.04,11.0,comfort,0.47,0.0,0.2108452636006006,0.0635000302387463,0,0.9975,2
2025-11-16 00:00:00,0.47,0.05,11.0,comfort,0.47,0.0,0.2109111527454759,0.0635070451338206,0,0.996875,2
2025-11-16 00:00:00,0.42,0.04,11.0,comfort,0.42,0.0,0.1863283724842517,0.0565225637439005,0,0.9985714285714286,2
2025-11-17 00:00:00,0.47,0.06,11.0,comfort,0.47,0.0,0.2111812258338104,0.0635357984949492,0,0.9953846153846152,2
2025-11-17 00:00:00,0.52,0.06,11.0,comfort,0.52,0.0,0.2304587764936798,0.069955458030391,0,0.9992592592592592,2
2025-11-17 00:00:00,0.55,0.06,11.0,comfort,0.55,0.0,0.2500968914059694,0.0746665958871876,0,0.9990625,2
2025-11-17 00:00:00,0.57,0.1,11.0,comfort,0.57,0.0,0.2502051402904957,0.0764250298081506,0,0.998,2
2025-11-17 00:00:00,0.55,0.06,11.0,comfort,0.55,0.0,0.2404257099621795,0.073636952488402,0,0.9966666666666668,2
2025-11-17 00:00:00,0.55,0.06,11.0,comfort,0.55,0.0,0.2402655329402194,0.0736198992240974,0,0.9966666666666668,2
2025-11-17 00:00:00,0.56,0.06,11.0,comfort,0.56,0.0,0.22555539827041,0.072927237710262,0,0.9973913043478262,2
2025-11-17 00:00:00,0.57,0.05,11.0,comfort,0.57,0.0,0.2500722893867589,0.0764108858220357,0,0.9978260869565218,2
2025-11-17 00:00:00,0.47,0.06,11.0,comfort,0.47,0.0,0.2011550512161793,0.062468360708768,0,0.9966666666666668,2
2025-11-17 00:00:00,0.47,0.06,11.0,comfort,0.47,0.0,0.2011055199897791,0.0624630873612878,0,0.996,2
2025-11-17 00:00:00,0.51,0.05,11.0,comfort,0.51,0.0,0.22555539827041,0.0685599647314219,0,0.9996153846153846,2
2025-11-17 00:00:00,0.56,0.06,11.0,comfort,0.56,0.0,0.2454895166627029,0.0750495258228913,0,0.997,2
2025-11-18 00:00:00,0.53,0.04,11.0,comfort,0.53,0.0,0.2304587764936798,0.0708289126261591,0,0.9994520547945204,2
2025-11-18 00:00:00,0.53,0.04,11.0,comfort,0.53,0.0,0.2353700910593637,0.0713517962729304,0,0.9993846153846152,2
2025-11-18 00:00:00,0.5,0.05,11.0,comfort,0.5,0.0,0.2157486418238705,0.0666424327292516,0,0.9995370370370372,2
2025-11-18 00:00:00,0.5,0.05,11.0,comfort,0.5,0.0,0.2255631745105001,0.0676873380339125,0,0.999468085106383,2
2025-11-18 00:00:00,0.51,0.06,11.0,comfort,0.51,0.0,0.2304760497578754,0.0690838424346002,0,0.9993181818181818,2
2025-11-18 00:00:00,0.53,0.05,11.0,comfort,0.53,0.0,0.2353621547169496,0.0713509513293602,0,0.9994318181818184,2
2025-11-18 00:00:00,0.53,0.05,11.0,comfort,0.53,0.0,0.2353688411417995,0.0713516632003191,0,0.999375,2
2025-11-18 00:00:00,0.53,0.05,11.0,comfort,0.53,0.0,0.2304625669340826,0.0708293161758145,0,0.999342105263158,2
2025-11-18 00:00:00,0.53,0.05,11.0,comfort,0.53,0.0,0.2353687908679285,0.0713516578479059,0,0.9992857142857144,2
2025-11-18 00:00:00,0.53,0.04,11.0,comfort,0.53,0.0,0.2353621547169496,0.0713509513293602,0,0.9993650793650792,2
2025-11-18 00:00:00,0.53,0.04,11.0,comfort,0.53,0.0,0.2353621547169496,0.0713509513293602,0,0.9993650793650792,2
2025-11-18 00:00:00,0.53,0.04,11.0,comfort,0.53,0.0,0.2353658906241673,0.0713513490731341,0,0.9993333333333332,2
2025-11-19 00:00:00,0.58,0.05,11.0,comfort,0.58,0.0,0.2648947559940468,0.0788624159595169,0,0.9984848484848484,2
2025-11-19 00:00:00,0.64,0.04,11.0,comfort,0.64,0.0,0.2942061223320074,0.0872237813832524,0,0.9984615384615384,2
2025-11-19 00:00:00,0.92,0.04,11.0,comfort,0.92,0.0,0.4315576329181811,0.1263036537840907,0,0.9981818181818182,2
2025-11-19 00:00:00,0.58,0.04,11.0,comfort,0.58,0.0,0.2598790458332985,0.0783284178242061,0,0.99921568627451,2
2025-11-19 00:00:00,0.74,0.04,11.0,comfort,0.74,0.0,0.3434139062490851,0.1011972394814576,0,0.9981818181818182,2
2025-11-19 00:00:00,0.58,0.04,11.0,comfort,0.58,0.0,0.2647824240565682,0.0788504565274072,0,0.9992592592592592,2
2025-11-19 00:00:00,0.53,0.03,11.0,comfort,0.53,0.0,0.2402655329402194,0.0718729900325614,0,0.9995081967213114,2
2025-11-19 00:00:00,0.57,0.04,11.0,comfort,0.57,0.0,0.2598963533517197,0.0774568058752951,0,0.999375,2
2025-11-19 00:00:00,0.56,0.04,11.0,comfort,0.56,0.0,0.2549756676100287,0.0760594699294689,0,0.9994285714285712,2
2025-11-19 00:00:00,0.56,0.04,11.0,comfort,0.56,0.0,0.2598847574606794,0.0765821167217089,0,0.9993846153846152,2
2025-11-19 00:00:00,0.53,0.03,11.0,comfort,0.53,0.0,0.2402655329402194,0.0718729900325614,0,0.9995,2
2025-11-19 00:00:00,0.58,0.04,11.0,comfort,0.58,0.0,0.2648221414201767,0.0788546850409031,0,0.9992,2
2025-11-20 00:00:00,0.99,0.05,11.0,comfort,0.99,0.0,0.4664664259295927,0.1361344044515717,0,0.9964285714285712,2
2025-11-20 00:00:00,0.58,0.05,11.0,comfort,0.58,0.0,0.269685802279838,0.0793724952306083,0,0.9973684210526316,2
2025-11-20 00:00:00,0.58,0.05,11.0,comfort,0.58,0.0,0.2648017794969233,0.0788525172064988,0,0.9972222222222222,2
2025-11-20 00:00:00,0.58,0.05,11.0,comfort,0.58,0.0,0.2598790458332985,0.0783284178242061,0,0.9972222222222222,2
2025-11-20 00:00:00,0.73,0.05,11.0,comfort,0.73,0.0,0.3336078333485751,0.0992797802530906,0,0.996153846153846,2
2025-11-20 00:00:00,0.64,0.07,11.0,comfort,0.64,0.0,0.2895218531076656,0.0867250701437818,0,0.9946153846153846,2
2025-11-20 00:00:00,0.64,0.06,11.0,comfort,0.64,0.0,0.2892993151729172,0.0867013776180211,0,0.9957142857142856,2
2025-11-20 00:00:00,0.64,0.06,11.0,comfort,0.64,0.0,0.2892993151729172,0.0867013776180211,0,0.9964705882352942,2
2025-11-20 00:00:00,0.61,0.06,11.0,comfort,0.61,0.0,0.2647824240565683,0.0814708203147113,0,0.997,2
2025-11-20 00:00:00,0.64,0.06,11.0,comfort,0.64,0.0,0.2843959369496475,0.0861793389148199,0,0.9988,2
2025-11-20 00:00:00,0.4,0.06,11.0,comfort,0.4,0.0,0.1667148595911726,0.0526874997395599,0,0.9991176470588234,2
2025-11-20 00:00:00,0.64,0.07,11.0,comfort,0.64,0.0,0.2849814579963085,0.086241676477614,0,0.995,2
2025-11-21 00:00:00,0.67,0.04,11.0,comfort,0.67,0.0,0.2991060716194568,0.0903658188117274,0,0.9988571428571428,2
2025-11-21 00:00:00,0.67,0.04,11.0,comfort,0.67,0.0,0.2991060716194568,0.0903658188117274,0,0.998974358974359,2
2025-11-21 00:00:00,0.68,0.04,11.0,comfort,0.68,0.0,0.2991060716194568,0.0912392734074955,0,0.9990909090909093,2
2025-11-21 00:00:00,0.68,0.04,11.0,comfort,0.68,0.0,0.3138162062892661,0.0928053895170989,0,0.9991666666666666,2
2025-11-21 00:00:00,0.67,0.04,11.0,comfort,0.67,0.0,0.3089385708016685,0.0914126369213215,0,0.999,2
2025-11-21 00:00:00,0.67,0.04,11.0,comfort,0.67,0.0,0.308934893268001,0.0914122453922941,0,0.9988571428571428,2
2025-11-21 00:00:00,0.66,0.04,11.0,comfort,0.66,0.0,0.3040094498427266,0.0900144029191606,0,0.999,2
2025-11-21 00:00:00,0.63,0.04,11.0,comfort,0.63,0.0,0.2892993151729172,0.0858279230222531,0,0.99953488372093,2
2025-11-21 00:00:00,0.66,0.04,11.0,comfort,0.66,0.0,0.3040769360842349,0.090021587849304,0,0.9990909090909093,2
2025-11-21 00:00:00,0.62,0.04,11.0,comfort,0.62,0.0,0.2843959369496474,0.0844324297232839,0,0.9995294117647058,2
2025-11-21 00:00:00,0.64,0.04,11.0,comfort,0.64,0.0,0.2942444891173353,0.0872278661072828,0,0.999245283018868,2
2025-11-21 00:00:00,0.66,0.04,11.0,comfort,0.66,0.0,0.3040467340205375,0.0900183723832623,0,0.999,2
2025-11-22 00:00:00,0.68,0.04,11.0,comfort,0.68,0.0,0.3138162062892661,0.0928053895170989,0,0.9993939393939392,2
2025-11-22 00:00:00,0.68,0.04,11.0,comfort,0.68,0.0,0.3138240010286175,0.0928062193848834,0,0.999344262295082,2
2025-11-22 00:00:00,0.68,0.04,11.0,comfort,0.68,0.0,0.3138702238329717,0.0928111405008456,0,0.999,2
2025-11-22 00:00:00,0.73,0.04,11.0,comfort,0.73,0.0,0.3384345973348367,0.099793662213101,0,0.9984,2
2025-11-22 00:00:00,0.74,0.04,11.0,comfort,0.74,0.0,0.3432364756288848,0.1011783493109139,0,0.9985714285714286,2
2025-11-22 00:00:00,0.75,0.04,11.0,comfort,0.75,0.0,0.3481398538521546,0.1025738426098831,0,0.9986206896551724,2
2025-11-22 00:00:00,0.75,0.04,11.0,comfort,0.75,0.0,0.3481675572888007,0.1025767920593203,0,0.9984615384615384,2
2025-11-22 00:00:00,0.75,0.04,11.0,comfort,0.75,0.0,0.3481398538521546,0.1025738426098831,0,0.9988888888888888,2
2025-11-22 00:00:00,0.75,0.05,11.0,comfort,0.75,0.0,0.3481816724532179,0.1025782948318563,0,0.9986486486486488,2
2025-11-22 00:00:00,0.9,0.04,11.0,comfort,0.9,0.0,0.4216905272012013,0.1235062420944206,0,0.999245283018868,2
2025-11-22 00:00:00,0.72,0.04,11.0,comfort,0.72,0.0,0.3335338481772752,0.0983984488179024,0,0.9986206896551724,2
2025-11-22 00:00:00,0.75,0.03,11.0,comfort,0.75,0.0,0.3432364756288848,0.1020518039066819,0,0.9993617021276596,2
2025-11-23 00:00:00,0.71,0.03,11.0,comfort,0.71,0.0,0.328585755297334,0.0969981949680803,0,0.999,2
2025-11-23 00:00:00,0.74,0.03,11.0,comfort,0.74,0.0,0.3433866415869724,0.1011943367461994,0,0.998125,2
2025-11-23 00:00:00,0.77,0.04,11.0,comfort,0.77,0.0,0.362849988521964,0.1058868679110226,0,0.9990909090909093,2
2025-11-23 00:00:00,0.77,0.05,11.0,comfort,0.77,0.0,0.3629010388450244,0.1058923029892962,0,0.998809523809524,2
2025-11-23 00:00:00,0.76,0.03,11.0,comfort,0.76,0.0,0.3579466102986942,0.1044913746120534,0,0.9988888888888888,2
2025-11-23 00:00:00,0.78,0.04,11.0,comfort,0.78,0.0,0.3629275205707934,0.1067685769649181,0,0.9984615384615384,2
2025-11-23 00:00:00,0.81,0.03,11.0,comfort,0.81,0.0,0.3726567449685035,0.110424763700497,0,0.9986363636363637,2
2025-11-23 00:00:00,0.77,0.03,11.0,comfort,0.77,0.0,0.3629427626667565,0.1058967451205775,0,0.998125,2
2025-11-23 00:00:00,0.73,0.03,11.0,comfort,0.73,0.0,0.338333097405615,0.0997828560119448,0,0.998125,2
2025-11-23 00:00:00,0.7,0.03,11.0,comfort,0.7,0.0,0.3285263409590754,0.0961184148182384,0,0.99925,2
2025-11-23 00:00:00,0.68,0.03,11.0,comfort,0.68,0.0,0.3187195845125359,0.0933274282203,0,0.9993023255813952,2
2025-11-23 00:00:00,0.66,0.03,11.0,comfort,0.66,0.0,0.3089595241911691,0.0905414131304771,0,0.999,2
2025-11-24 00:00:00,0.83,0.06,11.0,comfort,0.83,0.0,0.3923611497505994,0.1142695045198237,0,0.9985365853658535,2
2025-11-24 00:00:00,0.84,0.05,11.0,comfort,0.84,0.0,0.3971736360848524,0.1156553210038068,0,0.9985714285714288,2
2025-11-24 00:00:00,0.83,0.06,11.0,comfort,0.83,0.0,0.3922997518659332,0.1142629677872628,0,0.9984210526315788,2
2025-11-24 00:00:00,0.83,0.05,11.0,comfort,0.83,0.0,0.3775601231917733,0.1126937115952341,0,0.9988636363636364,2
2025-11-24 00:00:00,0.85,0.04,11.0,comfort,0.85,0.0,0.3923004546189693,0.1160099517974784,0,0.9987096774193548,2
2025-11-24 00:00:00,0.82,0.05,11.0,comfort,0.82,0.0,0.3726825046513354,0.111300960803738,0,0.9985714285714288,2
2025-11-24 00:00:00,0.82,0.05,11.0,comfort,0.82,0.0,0.3775601231917733,0.1118202569994661,0,0.9986842105263158,2
2025-11-24 00:00:00,0.78,0.04,11.0,comfort,0.78,0.0,0.3629267931534017,0.1067684995203453,0,0.9982608695652174,2
2025-11-24 00:00:00,0.73,0.04,11.0,comfort,0.73,0.0,0.3334297191823452,0.0992608173087436,0,0.9982608695652174,2
2025-11-24 00:00:00,0.66,0.04,11.0,comfort,0.66,0.0,0.2991060716194568,0.0894923642159594,0,0.99875,2
2025-11-24 00:00:00,0.66,0.04,11.0,comfort,0.66,0.0,0.3040446361216435,0.0900181490302252,0,0.9985185185185186,2
2025-11-24 00:00:00,0.8,0.05,11.0,comfort,0.8,0.0,0.3726567449685035,0.1095513091047289,0,0.9989130434782608,2
2025-11-25 00:00:00,0.89,0.04,11.0,comfort,0.89,0.0,0.4167871489779316,0.1221107487954515,0,0.9991304347826088,2
2025-11-25 00:00:00,0.91,0.03,11.0,comfort,0.91,0.0,0.4265939054244712,0.1249017353933898,0,0.9992307692307691,2
2025-11-25 00:00:00,0.92,0.03,11.0,comfort,0.92,0.0,0.4266126568049294,0.1257771863569459,0,0.9991428571428572,2
2025-11-25 00:00:00,0.94,0.04,11.0,comfort,0.94,0.0,0.4413823667853794,0.1290965543501017,0,0.9987878787878788,2
2025-11-25 00:00:00,0.92,0.04,11.0,comfort,0.92,0.0,0.4364006618710107,0.1268192673955601,0,0.9989473684210528,2
2025-11-25 00:00:00,0.88,0.04,11.0,comfort,0.88,0.0,0.4167871489779316,0.1212372941996834,0,0.9990909090909093,2
2025-11-25 00:00:00,0.9,0.03,11.0,comfort,0.9,0.0,0.4216905272012013,0.1235062420944206,0,0.9992857142857142,2
2025-11-25 00:00:00,0.86,0.04,11.0,comfort,0.86,0.0,0.4021161776536717,0.1179284384284461,0,0.9990909090909093,2
2025-11-25 00:00:00,0.85,0.05,11.0,comfort,0.85,0.0,0.3972939917321509,0.1165415892768352,0,0.9984848484848484,2
2025-11-25 00:00:00,0.9,0.03,11.0,comfort,0.9,0.0,0.4265939054244712,0.1240282807976218,0,0.9995588235294116,2
2025-11-25 00:00:00,0.91,0.05,11.0,comfort,0.91,0.0,0.426731648341504,0.1249164002082396,0,0.9989130434782608,2
2025-11-25 00:00:00,0.9,0.03,11.0,comfort,0.9,0.0,0.4167871489779316,0.1229842033912195,0,0.9994339622641508,2
2025-11-26 00:00:00,0.95,0.04,11.0,comfort,0.95,0.0,0.4512144625438953,0.1310167841049155,0,0.998974358974359,2
2025-11-26 00:00:00,0.95,0.04,11.0,comfort,0.95,0.0,0.4413373209419497,0.1299652131351821,0,0.9988235294117648,2
2025-11-26 00:00:00,0.92,0.04,11.0,comfort,0.92,0.0,0.4364006618710107,0.1268192673955601,0,0.99921568627451,2
2025-11-26 00:00:00,0.95,0.04,11.0,comfort,0.95,0.0,0.4462264382416047,0.1304857335475781,0,0.9991304347826088,2
2025-11-26 00:00:00,0.9,0.04,11.0,comfort,0.9,0.0,0.4216905272012013,0.1235062420944206,0,0.9995505617977528,2
2025-11-26 00:00:00,0.95,0.04,11.0,comfort,0.95,0.0,0.4464148762416033,0.1305057956200257,0,0.9986206896551724,2
2025-11-26 00:00:00,0.91,0.04,11.0,comfort,0.91,0.0,0.4265939054244712,0.1249017353933898,0,0.9994366197183098,2
2025-11-26 00:00:00,0.98,0.04,11.0,comfort,0.98,0.0,0.4609584272617508,0.1346745401703039,0,0.9992592592592592,2
2025-11-26 00:00:00,0.98,0.04,11.0,comfort,0.98,0.0,0.4609663273315911,0.1346753812521106,0,0.9990476190476192,2
2025-11-26 00:00:00,0.94,0.04,11.0,comfort,0.94,0.0,0.4413040400942805,0.1290882152902973,0,0.9990476190476192,2
2025-11-26 00:00:00,0.94,0.04,11.0,comfort,0.94,0.0,0.4413145473333303,0.1290893339446613,0,0.999,2
2025-11-26 00:00:00,0.94,0.04,11.0,comfort,0.94,0.0,0.4413219307986086,0.1290901200261063,0,0.9989189189189188,2
2025-11-27 00:00:00,0.99,0.06,11.0,comfort,0.99,0.0,0.4660058432356877,0.1360853684642799,0,0.998125,2
2025-11-27 00:00:00,0.99,0.06,11.0,comfort,0.99,0.0,0.4658209312106294,0.1360656817851432,0,0.998125,2
2025-11-27 00:00:00,0.99,0.06,11.0,comfort,0.99,0.0,0.465835018537178,0.1360671815939175,0,0.9980645161290324,2
2025-11-27 00:00:00,1.0,0.06,11.0,comfort,1.0,0.0,0.4609175529873596,0.13641709767771,0,0.9980645161290324,2
2025-11-27 00:00:00,1.0,0.06,11.0,comfort,1.0,0.0,0.4609175529873596,0.13641709767771,0,0.9983783783783784,2
2025-11-27 00:00:00,1.0,0.04,11.0,comfort,1.0,0.0,0.4609175529873596,0.13641709767771,0,0.99875,2
2025-11-27 00:00:00,1.0,0.06,11.0,comfort,1.0,0.0,0.4610361714752607,0.1364297264081037,0,0.998235294117647,2
2025-11-27 00:00:00,0.99,0.04,11.0,comfort,0.99,0.0,0.4560141747640898,0.1350216043787409,0,0.9988235294117648,2
2025-11-27 00:00:00,0.99,0.04,11.0,comfort,0.99,0.0,0.4658209312106294,0.1360656817851432,0,0.9988235294117648,2
2025-11-27 00:00:00,0.94,0.04,11.0,comfort,0.94,0.0,0.4314972836477409,0.128044137883895,0,0.9988888888888888,2
2025-11-27 00:00:00,0.94,0.04,11.0,comfort,0.94,0.0,0.4413263281771135,0.1290905881934937,0,0.9987878787878788,2
2025-11-27 00:00:00,0.99,0.04,11.0,comfort,0.99,0.0,0.4658209312106294,0.1360656817851432,0,0.9987878787878788,2
2025-11-28 00:00:00,0.18,0.04,11.0,comfort,0.18,0.0,0.0686547244867213,0.0230315155363725,0,0.9985714285714286,1
2025-11-28 00:00:00,0.17,0.04,11.0,comfort,0.17,0.0,0.0637590940255792,0.0216368471037526,0,0.998095238095238,1
2025-11-28 00:00:00,0.17,0.04,11.0,comfort,0.17,0.0,0.0637439169025071,0.0216352312696713,0,0.9981818181818182,1
2025-11-28 00:00:00,0.18,0.04,11.0,comfort,0.18,0.0,0.0686472951257769,0.0230307245686404,0,0.9983333333333334,1
2025-11-28 00:00:00,0.18,0.04,11.0,comfort,0.18,0.0,0.0686472951257769,0.0230307245686404,0,0.9984615384615384,1
2025-11-28 00:00:00,1.04,0.04,11.0,comfort,1.0,0.2288945872960295,0.4903378223269783,0.3240817267958783,1,0.9986206896551724,2
2025-11-28 00:00:00,1.03,0.04,11.0,comfort,1.0,0.4053964424986395,0.485459242798171,0.4658562583564441,1,0.9985185185185186,2
2025-11-28 00:00:00,1.0,0.04,11.0,comfort,1.0,0.0,0.4707243094338992,0.1374611750841123,0,0.9986206896551724,2
2025-11-28 00:00:00,1.0,0.04,11.0,comfort,1.0,0.0,0.4707483566527719,0.1374637352739211,0,0.9985185185185186,2
2025-11-28 00:00:00,0.99,0.04,11.0,comfort,0.99,0.0,0.4658209312106294,0.1360656817851432,0,0.9987096774193548,2
2025-11-28 00:00:00,0.99,0.04,11.0,comfort,0.99,0.0,0.4658209312106294,0.1360656817851432,0,0.99875,2
2025-11-28 00:00:00,1.03,0.04,11.0,comfort,1.0,0.2288945872960295,0.4855044586869927,0.3235671422030065,1,0.9984615384615384,2
2025-11-29 00:00:00,0.2,0.04,11.0,comfort,0.2,0.0,0.078465024166942,0.0258228793650754,0,0.9981818181818182,1
2025-11-29 00:00:00,0.2,0.04,11.0,comfort,0.2,0.0,0.0784611837588231,0.0258224704956016,0,0.998,1
2025-11-29 00:00:00,0.2,0.04,11.0,comfort,0.2,0.0,0.0784540515723165,0.0258217111665788,0,0.998095238095238,1
2025-11-29 00:00:00,0.2,0.04,11.0,comfort,0.2,0.0,0.0784540515723165,0.0258217111665788,0,0.998095238095238,1
2025-11-29 00:00:00,0.18,0.04,11.0,comfort,0.18,0.0,0.0686472951257769,0.0230307245686404,0,0.9984,1
2025-11-29 00:00:00,0.19,0.04,11.0,comfort,0.19,0.0,0.0735557899176275,0.0244267626036477,0,0.9982608695652174,1
2025-11-29 00:00:00,0.17,0.04,11.0,comfort,0.17,0.0,0.0637439169025071,0.0216352312696713,0,0.9985714285714286,1
2025-11-29 00:00:00,0.17,0.04,11.0,comfort,0.17,0.0,0.063756334548657,0.0216365533157378,0,0.9981818181818182,1
2025-11-29 00:00:00,0.17,0.04,11.0,comfort,0.17,0.0,0.0637466763794293,0.021635525057686,0,0.998095238095238,1
2025-11-29 00:00:00,0.2,0.04,11.0,comfort,0.2,0.0,0.0784540515723165,0.0258217111665788,0,0.9982608695652174,1
2025-11-29 00:00:00,0.17,0.04,11.0,comfort,0.17,0.0,0.0637439169025071,0.0216352312696713,0,0.9989189189189188,1
2025-11-29 00:00:00,0.19,0.03,11.0,comfort,0.19,0.0,0.0735506733490467,0.0244262178676096,0,0.999,1
2025-11-30 00:00:00,0.21,0.05,11.0,comfort,0.21,0.0,0.0834104754327289,0.0272228519751553,0,0.9977272727272728,1
2025-11-30 00:00:00,0.2,0.04,11.0,comfort,0.2,0.0,0.0784540515723165,0.0258217111665788,0,0.998,1
2025-11-30 00:00:00,0.21,0.04,11.0,comfort,0.21,0.0,0.0882608080188561,0.0277392431687491,0,0.9986206896551724,1
2025-11-30 00:00:00,0.21,0.04,11.0,comfort,0.21,0.0,0.0784559839381188,0.026695371491885,0,0.9985714285714286,1
2025-11-30 00:00:00,0.21,0.04,11.0,comfort,0.21,0.0,0.0833703734958651,0.0272185825180253,0,0.9982608695652174,1
2025-11-30 00:00:00,0.21,0.04,11.0,comfort,0.21,0.0,0.0833574297955863,0.0272172044655479,0,0.9985185185185186,1
2025-11-30 00:00:00,0.22,0.05,11.0,comfort,0.22,0.0,0.0882913653034359,0.0286159510491892,0,0.9978260869565218,1
2025-11-30 00:00:00,0.21,0.05,11.0,comfort,0.21,0.0,0.083376504722313,0.0272192352797251,0,0.9973684210526316,1
2025-11-30 00:00:00,0.21,0.04,11.0,comfort,0.21,0.0,0.0833574297955863,0.0272172044655479,0,0.9978947368421052,1
2025-11-30 00:00:00,0.21,0.04,11.0,comfort,0.21,0.0,0.0784540515723165,0.0266951657623468,0,0.9986666666666668,1
2025-11-30 00:00:00,0.2,0.04,11.0,comfort,0.2,0.0,0.0735751902401631,0.0253022826568936,0,0.998,1
2025-11-30 00:00:00,0.22,0.04,11.0,comfort,0.22,0.0,0.0882608080188561,0.0286126977645171,0,0.9987096774193548,1
2025-11-30 02:00:00,0.21,0.03,11.0,comfort,0.21,0.0,0.0833631918299039,0.0272178179211669,0,0.9985714285714286,1
2025-12-01 00:00:00,0.14,0.03,12.0,comfort,0.14,0.0,0.0490337822326978,0.0174487513727637,0,0.9986363636363637,1
2025-12-01 00:00:00,0.14,0.03,12.0,comfort,0.14,0.0,0.0490353742386144,0.0174489208658492,0,0.9985714285714286,1
2025-12-01 00:00:00,0.15,0.03,12.0,comfort,0.15,0.0,0.0588405386792374,0.0193662833749341,0,0.9986363636363637,1
2025-12-01 00:00:00,0.15,0.03,12.0,comfort,0.15,0.0,0.0588405386792374,0.0193662833749341,0,0.9991428571428572,1
2025-12-01 00:00:00,0.14,0.03,12.0,comfort,0.14,0.0,0.0539371604559676,0.0179707900759649,0,0.9995081967213114,1
2025-12-01 00:00:00,0.14,0.03,12.0,comfort,0.14,0.0,0.0539422848881271,0.0179713356491998,0,0.9993181818181818,1
2025-12-01 00:00:00,0.13,0.03,12.0,comfort,0.13,0.0,0.0490345782356561,0.0165753815235385,0,0.9992857142857142,1
2025-12-01 00:00:00,0.15,0.04,12.0,comfort,0.15,0.0,0.0588405386792374,0.0193662833749341,0,0.999344262295082,1
2025-12-01 00:00:00,0.14,0.03,12.0,comfort,0.14,0.0,0.0539371604559676,0.0179707900759649,0,0.9993478260869564,1
2025-12-01 00:00:00,0.13,0.03,12.0,comfort,0.13,0.0,0.0490357321445045,0.0165755043745712,0,0.9992682926829268,1
2025-12-01 00:00:00,0.13,0.03,12.0,comfort,0.13,0.0,0.044130404009428,0.0160532580737946,0,0.9992857142857142,1
2025-12-01 00:00:00,0.14,0.04,12.0,comfort,0.14,0.0,0.0539371604559676,0.0179707900759649,0,0.9994202898550724,1
2025-12-01 02:00:00,0.13,0.03,12.0,comfort,0.13,0.0,0.0490355588190106,0.0165754859214534,0,0.9993478260869564,1
2025-12-02 00:00:00,0.38,0.04,12.0,comfort,0.38,0.0,0.1717767981428579,0.051479510394073,0,0.9975,2
2025-12-02 00:00:00,0.35,0.04,12.0,comfort,0.35,0.0,0.1520318686222421,0.0467570005082233,0,0.9971428571428572,1
2025-12-02 00:00:00,0.36,0.03,12.0,comfort,0.36,0.0,0.1618114813679028,0.0486716426532866,0,0.998,1
2025-12-02 00:00:00,0.38,0.04,12.0,comfort,0.38,0.0,0.1667565383060704,0.050945027877001,0,0.9975,2
2025-12-02 00:00:00,0.39,0.08,12.0,comfort,0.39,0.0,0.1718613636513462,0.0523619682660267,0,0.9946666666666668,2
2025-12-02 00:00:00,0.39,0.04,12.0,comfort,0.39,0.0,0.1765216160377122,0.0528581225501941,0,0.9975,2
2025-12-02 00:00:00,0.39,0.04,12.0,comfort,0.39,0.0,0.1716182378144424,0.052336083846993,0,0.9975,2
2025-12-02 00:00:00,0.39,0.06,12.0,comfort,0.39,0.0,0.1520829626474257,0.0502562586223204,0,0.9964705882352942,1
2025-12-02 00:00:00,0.39,0.08,12.0,comfort,0.39,0.0,0.1717444276951883,0.0523495186665607,0,0.995,2
2025-12-02 00:00:00,0.39,0.08,12.0,comfort,0.39,0.0,0.1716468408540782,0.0523391290727617,0,0.9946666666666668,2
2025-12-02 00:00:00,0.39,0.04,12.0,comfort,0.39,0.0,0.1618114813679028,0.0512920064405907,0,0.9975,2
2025-12-02 00:00:00,0.35,0.03,12.0,comfort,0.35,0.0,0.1323912120282841,0.0446659558383117,0,0.9978571428571428,1
2025-12-02 02:00:00,0.4,0.1,12.0,comfort,0.4,0.0,0.1572630143303173,0.051681207991675,0,0.9933333333333334,2
2025-12-03 00:00:00,0.32,0.15,12.0,stress,0.0,0.0,0.1372945902515539,0.014617083689632,0,0.9958333333333332,2
2025-12-03 00:00:00,0.25,0.29,12.0,stress,0.0,0.0,0.1079624182740133,0.0114942307657926,0,0.9942,2
2025-12-03 00:00:00,0.28,0.3,12.0,stress,0.0,0.0,0.0884185742131898,0.009413493252896,0,0.990625,2
2025-12-03 00:00:00,0.3,0.41,12.0,stress,0.0,0.0,0.0736770885688654,0.007844039358334,0,0.9871875,2
2025-12-03 00:00:00,0.38,0.25,12.0,stress,0.0,0.0,0.044130404009428,0.0046983483288102,0,0.9921875,2
2025-12-03 00:00:00,0.4,0.12,12.0,comfort,0.4,0.0,0.0490337822326978,0.0401585708627324,0,0.9963636363636365,1
2025-12-03 00:00:00,0.36,0.22,12.0,stress,0.0,0.0,0.0,0.0,0,0.993125,2
2025-12-03 00:00:00,0.26,0.16,12.0,stress,0.0,0.0,0.0049033782232697,0.0005220387032011,0,0.9955555555555556,2
2025-12-03 00:00:00,0.26,0.18,12.0,stress,0.0,0.0,0.0686617254881157,0.0073100781749335,0,0.9951351351351352,2
2025-12-03 00:00:00,0.26,0.19,12.0,stress,0.0,0.0,0.0196135808539692,0.0020881620482682,0,0.9951282051282052,2
2025-12-03 00:00:00,0.26,0.2,12.0,stress,0.0,0.0,0.0490339355590963,0.0052204033559233,0,0.995121951219512,2
2025-12-03 00:00:00,0.25,0.21,12.0,stress,0.0,0.0,0.0343236475628884,0.003654270922408,0,0.9952272727272728,2
2025-12-03 02:00:00,0.26,0.31,12.0,stress,0.0,0.0,0.0343937435833984,0.0036617337029605,0,0.9911428571428572,2
2025-12-04 00:00:00,0.32,0.16,12.0,stress,0.0,0.0,0.0588405386792374,0.0062644644384137,0,0.999324894514768,2
2025-12-04 00:00:00,0.23,0.3,12.0,stress,0.0,0.0,0.0098138053987723,0.0010448278738789,0,0.997887323943662,2
2025-12-04 00:00:00,0.24,0.34,12.0,stress,0.0,0.0,0.0,0.0,0,0.9970175438596492,2
2025-12-04 00:00:00,0.2,0.05,12.0,comfort,0.2,0.0,0.0196135128930791,0.019557246728165,0,0.9993150684931508,1
2025-12-04 00:00:00,0.21,0.05,12.0,comfort,0.21,0.0,0.0,0.0183425465111285,0,0.9993055555555556,1
2025-12-04 00:00:00,0.18,0.07,12.0,comfort,0.18,0.0,0.0,0.0157221827238244,0,0.999,1
2025-12-04 00:00:00,0.18,0.06,12.0,comfort,0.18,0.0,0.0637439169025071,0.0225086858654393,0,0.9991891891891892,1
2025-12-04 00:00:00,0.2,0.16,12.0,stress,0.0,0.0,0.073617315407974,0.0078376756021689,0,0.997377049180328,2
2025-12-04 00:00:00,0.22,0.16,12.0,stress,0.0,0.0,0.0735574424647993,0.0078313012226721,0,0.9971929824561404,2
2025-12-04 00:00:00,0.22,0.18,12.0,stress,0.0,0.0,0.0784880399011394,0.008356237822394,0,0.9963265306122449,2
2025-12-04 00:00:00,0.27,0.2,12.0,stress,0.0,0.0,0.0539371604559676,0.0057424257352125,0,0.999052132701422,2
2025-12-04 00:00:00,0.32,0.45,12.0,stress,0.0,0.0,0.0785337712898286,0.0083611066197333,0,0.997019867549669,2
2025-12-04 02:00:00,0.23,0.2,12.0,stress,0.0,0.0,0.0245257609751658,0.0026111378465026,0,0.9962962962962962,2
2025-12-09 00:00:00,0.57,0.18,12.0,stress,0.0,0.0,0.1820495073131221,0.019381920869399,0,0.9894117647058824,2
2025-12-09 00:00:00,0.4,0.08,12.0,comfort,0.4,0.0,0.0,0.034938183830721,0,0.9933333333333332,1
2025-12-09 00:00:00,0.57,0.18,12.0,stress,0.0,0.0,0.1817807295438466,0.0193533054145569,0,0.9894117647058824,2
2025-12-09 00:00:00,0.57,0.18,12.0,stress,0.0,0.0,0.1912317507075215,0.0203595094248446,0,0.9894117647058824,2
2025-12-09 00:00:00,0.57,0.17,12.0,stress,0.0,0.0,0.2402655329402193,0.025579896456856,0,0.99,2
2025-12-09 00:00:00,0.74,0.34,12.0,stress,0.0,0.0,0.2759621264056234,0.0293803382161603,0,0.98,2
2025-12-09 00:00:00,0.66,0.64,12.0,stress,0.0,0.0,0.2377157762641191,0.0253084363311914,0,0.96,2
2025-12-09 00:00:00,0.66,0.3,12.0,stress,0.0,0.0,0.2402655329402194,0.025579896456856,0,0.9785714285714284,2
2025-12-09 00:00:00,0.4,0.13,12.0,comfort,0.4,0.0,0.0294202693396187,0.0380704160499278,0,0.99,1
2025-12-09 00:00:00,0.39,0.1,12.0,comfort,0.39,0.0,0.0,0.034064729234953,0,0.9916666666666668,1
2025-12-09 00:00:00,0.4,0.11,12.0,comfort,0.4,0.0,0.0490542129752948,0.0401607460239958,0,0.9908333333333332,1
2025-12-09 00:00:00,0.39,0.13,12.0,comfort,0.39,0.0,0.1275940736665185,0.047649046356752,0,0.9891666666666666,1
2025-12-10 00:00:00,0.6,0.04,12.0,comfort,0.6,0.0,0.2451689111634891,0.0785092109061387,0,0.9971428571428572,2
2025-12-10 00:00:00,0.47,0.1,12.0,comfort,0.47,0.0,0.1768210723506333,0.0598776409657124,0,0.99375,2
2025-12-10 00:00:00,0.47,0.07,12.0,comfort,0.47,0.0,0.1667148595911726,0.058801681909936,0,0.9946153846153846,2
2025-12-10 00:00:00,0.46,0.09,12.0,comfort,0.46,0.0,0.2061597085253262,0.0621277275052463,0,0.9925,2
2025-12-10 00:00:00,0.47,0.1,12.0,comfort,0.47,0.0,0.181424994260982,0.0603677980195395,0,0.9941176470588234,2
2025-12-10 00:00:00,0.45,0.04,12.0,comfort,0.45,0.0,0.1863283724842517,0.0591429275312046,0,0.9963636363636365,2
2025-12-10 00:00:00,0.45,0.06,12.0,comfort,0.45,0.0,0.1766820902341101,0.0581159350278161,0,0.9945454545454544,2
2025-12-10 00:00:00,0.46,0.04,12.0,comfort,0.46,0.0,0.1765216160377122,0.0589723047205703,0,0.9966666666666668,2
2025-12-10 00:00:00,0.45,0.07,12.0,comfort,0.45,0.0,0.2013431109527794,0.060741473317825,0,0.9936363636363637,2
2025-12-10 00:00:00,0.45,0.07,12.0,comfort,0.45,0.0,0.1912317507075215,0.0596649662344057,0,0.9936363636363637,2
2025-12-10 00:00:00,0.46,0.04,12.0,comfort,0.46,0.0,0.2059418853773309,0.0621045369397772,0,0.9971428571428572,2
2025-12-10 00:00:00,0.45,0.07,12.0,comfort,0.45,0.0,0.1866550520983475,0.0591777075123399,0,0.9936363636363637,2
2025-12-11 00:00:00,0.41,0.03,12.0,comfort,0.41,0.0,0.1667148595911726,0.0535609543353279,0,0.999,2
2025-12-11 00:00:00,0.39,0.04,12.0,comfort,0.39,0.0,0.1716468408540782,0.0523391290727617,0,0.9986666666666668,2
2025-12-11 00:00:00,0.39,0.04,12.0,comfort,0.39,0.0,0.1569155749590685,0.0507707632249373,0,0.9985714285714286,2
2025-12-11 00:00:00,0.39,0.04,12.0,comfort,0.39,0.0,0.1765216160377122,0.0528581225501941,0,0.99875,2
2025-12-11 00:00:00,0.41,0.03,12.0,comfort,0.41,0.0,0.181424994260982,0.0551270704449313,0,0.9991176470588234,2
2025-12-11 00:00:00,0.41,0.03,12.0,comfort,0.41,0.0,0.1814421457835487,0.0551288964836726,0,0.9989285714285714,2
2025-12-11 00:00:00,0.41,0.04,12.0,comfort,0.41,0.0,0.1815412434694895,0.0551394469297331,0,0.9976470588235294,2
2025-12-11 00:00:00,0.41,0.03,12.0,comfort,0.41,0.0,0.1863283724842517,0.0556491091481325,0,0.999032258064516,2
2025-12-11 00:00:00,0.41,0.04,12.0,comfort,0.41,0.0,0.1864343487232708,0.0556603919201049,0,0.9978947368421052,2
2025-12-11 00:00:00,0.41,0.04,12.0,comfort,0.41,0.0,0.181424994260982,0.0551270704449313,0,0.9983333333333334,2
2025-12-11 00:00:00,0.41,0.04,12.0,comfort,0.41,0.0,0.1863283724842517,0.0556491091481325,0,0.9984615384615384,2
2025-12-11 00:00:00,0.41,0.03,12.0,comfort,0.41,0.0,0.181424994260982,0.0551270704449313,0,0.9989285714285714,2
2025-12-12 00:00:00,0.22,0.03,12.0,comfort,0.22,0.0,0.0882608080188561,0.0286126977645171,0,0.9995238095238096,1
2025-12-12 00:00:00,0.22,0.03,12.0,comfort,0.22,0.0,0.088263864670216,0.0286130231912412,0,0.9994545454545456,1
2025-12-12 00:00:00,0.23,0.03,12.0,comfort,0.23,0.0,0.0980702390353356,0.030530514515071,0,0.9994,1
2025-12-12 00:00:00,0.23,0.03,12.0,comfort,0.23,0.0,0.0980758624900812,0.0305311132168005,0,0.9992307692307691,1
2025-12-12 00:00:00,0.21,0.03,12.0,comfort,0.21,0.0,0.0882608080188561,0.0277392431687491,0,0.9992307692307691,1
2025-12-12 00:00:00,0.21,0.03,12.0,comfort,0.21,0.0,0.0882626429628897,0.0277394385262679,0,0.9991891891891892,1
2025-12-12 00:00:00,0.2,0.03,12.0,comfort,0.2,0.0,0.0833615259837826,0.0263441859709079,0,0.999090909090909,1
2025-12-12 00:00:00,0.19,0.03,12.0,comfort,0.19,0.0,0.0784589703216314,0.0249487802459989,0,0.9989655172413792,1
2025-12-12 00:00:00,0.18,0.03,12.0,comfort,0.18,0.0,0.0735506733490467,0.0235527632718416,0,0.9990625,1
2025-12-12 00:00:00,0.18,0.04,12.0,comfort,0.18,0.0,0.0735549073516244,0.0235532140453929,0,0.9989473684210528,1
2025-12-12 00:00:00,0.18,0.04,12.0,comfort,0.18,0.0,0.0735528239535306,0.0235529922361851,0,0.9988888888888888,1
2025-12-12 00:00:00,0.21,0.03,12.0,comfort,0.21,0.0,0.0882608080188561,0.0277392431687491,0,0.999090909090909,1
2025-12-13 00:00:00,0.27,0.04,12.0,comfort,0.27,0.0,0.112777699135205,0.035590164259363,0,0.9993220338983052,1
2025-12-13 00:00:00,0.28,0.03,12.0,comfort,0.28,0.0,0.1176810773584748,0.0369856575583321,0,0.9994,1
2025-12-13 00:00:00,0.27,0.04,12.0,comfort,0.27,0.0,0.1176893586194741,0.0361130846279295,0,0.9992592592592592,1
2025-12-13 00:00:00,0.27,0.04,12.0,comfort,0.27,0.0,0.1127801561656872,0.0355904258473842,0,0.99921568627451,1
2025-12-13 00:00:00,0.27,0.04,12.0,comfort,0.27,0.0,0.1176810773584748,0.0361122029625641,0,0.9992592592592592,1
2025-12-13 00:00:00,0.27,0.04,12.0,comfort,0.27,0.0,0.112777699135205,0.035590164259363,0,0.999344262295082,1
2025-12-13 00:00:00,0.23,0.03,12.0,comfort,0.23,0.0,0.0931641862421258,0.0300081910634863,0,0.9995384615384616,1
2025-12-13 00:00:00,0.26,0.04,12.0,comfort,0.26,0.0,0.1078842250059147,0.0341957254008514,0,0.9993548387096776,1
2025-12-13 00:00:00,0.25,0.03,12.0,comfort,0.25,0.0,0.1029709426886654,0.0327991776614246,0,0.999516129032258,1
2025-12-13 00:00:00,0.27,0.05,12.0,comfort,0.27,0.0,0.1177008360798187,0.0361143065770106,0,0.9991803278688524,1
2025-12-13 00:00:00,0.23,0.03,12.0,comfort,0.23,0.0,0.0931641862421258,0.0300081910634863,0,0.9995714285714286,1
2025-12-13 00:00:00,0.23,0.03,12.0,comfort,0.23,0.0,0.0980675644653956,0.0305302297666874,0,0.9995945945945944,1
2025-12-14 00:00:00,0.75,6.5,12.0,stress,0.0,0.0,0.3456132132680338,0.036795748858898,0,0.9857456140350878,2
2025-12-14 00:00:00,0.51,5.1,12.0,stress,0.0,0.0,0.2353621547169496,0.0250578577536548,0,0.986578947368421,2
2025-12-14 00:00:00,0.34,0.03,12.0,comfort,0.34,0.0,0.1520047249213633,0.0458806560553483,0,0.99988,1
2025-12-14 00:00:00,0.32,0.03,12.0,comfort,0.32,0.0,0.0,0.0279505470645768,0,0.9998477157360406,1
2025-12-14 00:00:00,0.32,0.03,12.0,comfort,0.32,0.0,0.0,0.0279505470645768,0,0.9998235294117648,1
2025-12-14 00:00:00,0.32,0.03,12.0,comfort,0.32,0.0,0.1421994542895098,0.0430898276448343,0,0.9998026315789472,1
2025-12-14 00:00:00,0.31,0.03,12.0,comfort,0.31,0.0,0.1372964102407216,0.0416943699237882,0,0.999776119402985,1
2025-12-14 00:00:00,0.31,0.03,12.0,comfort,0.31,0.0,0.1372945902515539,0.0416941761584408,0,0.9997959183673468,1
2025-12-14 00:00:00,0.32,0.03,12.0,comfort,0.32,0.0,0.1421979684748237,0.0430896694574099,0,0.9997972972972972,1
2025-12-14 00:00:00,0.29,0.03,12.0,comfort,0.29,0.0,0.1274892910678982,0.038903344708156,0,0.9997744360902256,1
2025-12-14 00:00:00,0.28,0.03,12.0,comfort,0.28,0.0,0.122585953324153,0.0375078557188439,0,0.99975,1
2025-12-14 00:00:00,0.28,0.03,12.0,comfort,0.28,0.0,0.1225864793817188,0.0375079117256207,0,0.9997169811320754,1
2025-12-15 00:00:00,0.35,0.04,12.0,comfort,0.35,0.0,0.156908103144633,0.0472761493543174,0,0.9998190045248868,1
2025-12-15 00:00:00,0.35,0.04,12.0,comfort,0.35,0.0,0.156908103144633,0.0472761493543174,0,0.9998230088495575,1
2025-12-15 00:00:00,0.35,0.04,12.0,comfort,0.35,0.0,0.156908103144633,0.0472761493543174,0,0.9998275862068966,1
2025-12-15 00:00:00,0.35,0.04,12.0,comfort,0.35,0.0,0.1520047249213633,0.0467541106511163,0,0.9998347107438016,1
2025-12-15 00:00:00,0.35,0.04,12.0,comfort,0.35,0.0,0.1520047249213633,0.0467541106511163,0,0.9998360655737704,1
2025-12-15 00:00:00,0.35,0.04,12.0,comfort,0.35,0.0,0.1520057770487853,0.0467542226659783,0,0.9998222222222224,1
2025-12-15 00:00:00,0.35,0.04,12.0,comfort,0.35,0.0,0.1520056900307278,0.0467542134015912,0,0.9998095238095238,1
2025-12-15 00:00:00,0.45,0.06,12.0,comfort,0.45,0.0,0.2010498210094421,0.0607102481716686,0,0.9996969696969696,2
2025-12-15 00:00:00,0.83,0.04,12.0,comfort,0.83,0.0,0.3873668796383128,0.1137377890016364,0,0.9998586572438162,2
2025-12-15 00:00:00,1.74,0.08,12.0,comfort,1.0,0.2288945872960295,0.8336229460854145,0.3606296153484351,1,0.999741935483871,2
2025-12-15 00:00:00,0.96,0.61,12.0,stress,0.0,0.0,0.4416757528356749,0.0470230577261016,0,0.9980573248407644,2
2025-12-15 00:00:00,0.84,4.5,12.0,stress,0.0,0.0,0.3941465406867567,0.041962854913958,0,0.9884910485933504,2
2025-12-16 00:00:00,0.53,0.06,12.0,comfort,0.53,0.0,0.2206520200471402,0.0697848352197568,0,0.9992857142857142,2
2025-12-16 00:00:00,0.5,0.06,12.0,comfort,0.5,0.0,0.0,0.0436727297884012,0,0.9993023255813952,1
2025-12-16 00:00:00,0.42,0.06,12.0,comfort,0.42,0.0,0.0,0.036685093022257,0,0.9993258426966292,1
2025-12-16 00:00:00,0.39,0.06,12.0,comfort,0.39,0.0,0.1618114813679028,0.0512920064405907,0,0.9993406593406592,2
2025-12-16 00:00:00,0.39,0.06,12.0,comfort,0.39,0.0,0.1618139339860365,0.0512922675588507,0,0.9993103448275862,2
2025-12-16 00:00:00,0.38,0.04,12.0,comfort,0.38,0.0,0.156908103144633,0.0498965131416215,0,0.999578947368421,1
2025-12-16 00:00:00,0.38,0.04,12.0,comfort,0.38,0.0,0.156908103144633,0.0498965131416215,0,0.9997938144329898,1
2025-12-16 00:00:00,0.38,0.04,12.0,comfort,0.38,0.0,0.156908103144633,0.0498965131416215,0,0.9998048780487804,1
2025-12-16 00:00:00,0.36,0.04,12.0,comfort,0.36,0.0,0.156908103144633,0.0481496039500855,0,0.99984,1
2025-12-16 00:00:00,0.35,0.1,12.0,comfort,0.35,0.0,0.1520253241823612,0.0467563037537098,0,0.9995689655172414,1
2025-12-16 00:00:00,0.35,0.09,12.0,comfort,0.35,0.0,0.1520047249213633,0.0467541106511163,0,0.9996017699115044,1
2025-12-16 00:00:00,0.38,0.04,12.0,comfort,0.38,0.0,0.1667148595911726,0.0509405905480238,0,0.9997014925373134,2
2025-12-17 00:00:00,1.66,2.17,12.0,stress,0.1319999999999999,0.1591035847462855,0.768256593118927,0.2215897518838158,1,0.9909958506224068,3
2025-12-17 00:00:00,1.21,2.41,12.0,stress,0.0419999999999999,0.2928932188134524,0.5494981549780117,0.2982983081342535,1,0.989831223628692,3
2025-12-17 00:00:00,0.98,2.31,12.0,stress,0.0,0.0,0.4609175529873596,0.0490716381009075,0,0.9901282051282052,2
2025-12-17 00:00:00,0.78,1.7,12.0,stress,0.0,0.0,0.0,0.0,0,0.9924107142857144,2
2025-12-17 00:00:00,0.68,0.55,12.0,stress,0.0,0.0,0.0,0.0,0,0.9975877192982456,2
2025-12-17 00:00:00,0.75,0.47,12.0,stress,0.0,0.0,0.0,0.0,0,0.998,2
2025-12-17 00:00:00,0.56,0.43,12.0,stress,0.0,0.0,0.0,0.0,0,0.9948192771084337,2
2025-12-17 00:00:00,0.76,1.75,12.0,stress,0.0,0.0,0.103570552794579,0.0110266503232648,0,0.9831730769230768,2
2025-12-17 00:00:00,0.64,0.48,12.0,stress,0.0,0.0,0.0833574297955863,0.0088746579544194,0,0.9942857142857142,2
2025-12-17 00:00:00,0.66,0.47,12.0,stress,0.0,0.0,0.1127826716968952,0.0120074195779549,0,0.9941975308641976,2
2025-12-17 00:00:00,0.54,0.63,12.0,stress,0.0,0.0,0.0,0.0,0,0.992125,2
2025-12-17 00:00:00,1.06,0.8,12.0,stress,0.012,0.1591035847462855,0.2843959369496475,0.1595940186236557,1,0.9967078189300412,2
2025-12-18 00:00:00,1.11,1.18,12.0,stress,0.022,0.2928932188134524,0.3141568195584382,0.2714957577178534,1,0.994537037037037,3
2025-12-18 00:00:00,1.08,0.95,12.0,stress,0.016,0.4053964424986395,0.2206520200471403,0.3517155959642683,1,0.9956221198156684,3
2025-12-18 00:00:00,1.02,0.94,12.0,stress,0.004,0.5,0.1078743209119352,0.4149289483888786,1,0.9957272727272728,3
2025-12-18 00:00:00,1.01,0.93,12.0,stress,0.002,0.5795517923731428,0.0,0.4674032201608338,1,0.9958108108108108,3
2025-12-18 00:00:00,1.72,2.49,12.0,stress,0.144,0.6464466094067263,0.3787867227916218,0.574063740053856,1,0.98931330472103,4
2025-12-18 00:00:00,1.72,2.34,12.0,stress,0.144,0.7026982212493197,0.3824635014150431,0.6198046435923891,1,0.98987012987013,4
2025-12-18 00:00:00,1.52,2.66,12.0,stress,0.104,0.75,0.2894507055708496,0.644542401700483,1,0.9888235294117648,4
2025-12-18 00:00:00,1.66,2.04,12.0,stress,0.1319999999999999,0.7897758961865713,0.0,0.6482385803651243,1,0.9915,4
2025-12-18 00:00:00,1.69,2.02,12.0,stress,0.1379999999999999,0.8232233047033631,0.0,0.6757276003350761,1,0.9920158102766798,4
2025-12-18 00:00:00,2.13,2.22,12.0,stress,0.2259999999999999,0.8513491106246599,0.0,0.706088728226324,1,0.991526717557252,4
2025-12-18 00:00:00,2.13,1.99,12.0,stress,0.2259999999999999,0.875,0.0441304040094279,0.7298541735834237,1,0.9926296296296296,4
2025-12-18 00:00:00,1.76,2.21,12.0,stress,0.152,0.8948879480932856,0.0,0.7347257147863134,1,0.990595744680851,4
2025-12-19 00:00:00,0.7,0.79,12.0,stress,0.0,0.0,0.0,0.0,0,0.9958201058201058,2
2025-12-19 00:00:00,0.7,0.79,12.0,stress,0.0,0.0,0.0,0.0,0,0.9958201058201058,2
2025-12-19 00:00:00,0.7,0.78,12.0,stress,0.0,0.0,0.0,0.0,0,0.9958947368421052,2
2025-12-19 00:00:00,0.71,0.76,12.0,stress,0.0,0.0,0.0,0.0,0,0.9960416666666668,2
2025-12-19 00:00:00,0.75,0.76,12.0,stress,0.0,0.0,0.0,0.0,0,0.996102564102564,2
2025-12-19 00:00:00,0.85,0.55,12.0,stress,0.0,0.0,0.0343236475628884,0.003654270922408,0,0.9971794871794872,2
2025-12-19 00:00:00,0.98,0.6,12.0,stress,0.0,0.0,0.1078890064195401,0.0114864149646115,0,0.9969072164948454,2
2025-12-19 00:00:00,1.12,1.47,12.0,stress,0.024,0.1591035847462855,0.1947834141504797,0.1511015570178268,1,0.79,2
2025-12-19 00:00:00,1.11,1.7,12.0,stress,0.022,0.2928932188134524,0.2791002884685161,0.2677634602699298,1,0.7571428571428571,3
2025-12-19 00:00:00,1.1,1.32,12.0,stress,0.02,0.4053964424986395,0.2451689111634892,0.3546751713185812,1,0.9937142857142858,3
2025-12-19 00:00:00,1.15,1.72,12.0,stress,0.0299999999999999,0.5,0.0,0.4057150788674504,1,0.992037037037037,3
2025-12-19 00:00:00,1.03,1.13,12.0,stress,0.006,0.5795517923731428,0.0,0.467752601999141,1,0.993756906077348,3
2025-12-20 00:00:00,0.51,0.56,12.0,stress,0.0,0.0,0.0,0.0,0,0.9968181818181818,2
2025-12-20 00:00:00,0.51,0.35,12.0,stress,0.0,0.0,0.0,0.0,0,0.9978658536585366,2
2025-12-20 00:00:00,0.5,0.3,12.0,stress,0.0,0.0,0.0,0.0,0,0.9980891719745222,2
2025-12-20 00:00:00,0.48,0.29,12.0,stress,0.0,0.0,0.0,0.0,0,0.998092105263158,2
2025-12-20 00:00:00,0.48,0.36,12.0,stress,0.0,0.0,0.0637787244360789,0.0067902089295145,0,0.997,2
2025-12-20 00:00:00,0.49,0.31,12.0,stress,0.0,0.0,0.0931641862421258,0.0099187353608217,0,0.9976335877862595,2
2025-12-20 00:00:00,0.78,0.32,12.0,stress,0.0,0.0,0.2402655329402194,0.025579896456856,0,0.9978231292517008,2
2025-12-20 00:00:00,0.97,0.46,12.0,stress,0.0,0.0,0.2991781694614224,0.0318520367999643,0,0.9973410404624276,2
2025-12-20 00:00:00,0.67,0.52,12.0,stress,0.0,0.0,0.1765601223357331,0.0187974928925057,0,0.9969047619047618,2
2025-12-20 00:00:00,0.68,0.68,12.0,stress,0.0,0.0,0.1766189052881739,0.0188037512260189,0,0.9958024691358024,2
2025-12-20 00:00:00,0.76,0.75,12.0,stress,0.0,0.0,0.1471289752632855,0.0156641025742738,0,0.9954268292682928,2
2025-12-20 00:00:00,0.51,0.33,12.0,stress,0.0,0.0,0.0,0.0,0,0.9975735294117646,2
2025-12-21 00:00:00,0.84,0.48,12.0,stress,0.0,0.0,0.0784540515723165,0.0083526192512182,0,0.997777777777778,2
2025-12-21 00:00:00,1.33,1.83,12.0,stress,0.066,0.1591035847462855,0.2847701862448081,0.1643505179332781,1,0.9951458885941644,2
2025-12-21 00:00:00,1.0,0.47,12.0,stress,0.0,0.0,0.3285263409590754,0.0349765931144766,0,0.9983450704225352,2
2025-12-21 00:00:00,0.89,0.49,12.0,stress,0.0,0.0,0.201066069963695,0.0214065213088137,0,0.9980708661417322,2
2025-12-21 00:00:00,0.83,0.48,12.0,stress,0.0,0.0,0.0,0.0,0,0.9977033492822966,2
2025-12-21 00:00:00,1.05,0.46,12.0,stress,0.01,0.1591035847462855,0.2843959369496475,0.159419327704502,1,0.997860465116279,2
2025-12-21 00:00:00,0.53,0.68,12.0,stress,0.0,0.0,0.0196287733563463,0.0020897795197089,0,0.9963043478260868,2
2025-12-21 00:00:00,0.83,2.44,12.0,stress,0.0,0.0,0.172274950879163,0.0183412716408866,0,0.9886511627906976,2
2025-12-21 00:00:00,0.74,1.24,12.0,stress,0.0,0.0,0.1372945902515539,0.014617083689632,0,0.994095238095238,2
2025-12-21 00:00:00,0.68,1.22,12.0,stress,0.0,0.0,0.0,0.0,0,0.9943518518518518,2
2025-12-21 00:00:00,0.55,0.81,12.0,stress,0.0,0.0,0.0,0.0,0,0.99625,2
2025-12-21 00:00:00,1.15,0.33,12.0,stress,0.0299999999999999,0.1591035847462855,0.0,0.1308879921103718,1,0.9984210526315788,2
2025-12-22 00:00:00,0.52,0.42,12.0,stress,0.0,0.0,0.0,0.0,0,0.9978350515463918,2
2025-12-22 00:00:00,0.46,0.36,12.0,stress,0.0,0.0,0.0,0.0,0,0.9982857142857142,2
2025-12-22 00:00:00,0.46,0.36,12.0,stress,0.0,0.0,0.0637441783266366,0.0067865309741636,0,0.9982775119617224,2
2025-12-22 00:00:00,0.5,0.36,12.0,stress,0.0,0.0,0.0392270257861582,0.0041763096256091,0,0.9982775119617224,2
2025-12-22 00:00:00,0.52,0.39,12.0,stress,0.0,0.0,0.0784596822458743,0.0083532187214994,0,0.998133971291866,2
2025-12-22 00:00:00,0.52,0.49,12.0,stress,0.0,0.0,0.0784853160912562,0.0083559478316745,0,0.997336956521739,2
2025-12-22 00:00:00,0.64,0.44,12.0,stress,0.0,0.0,0.1373215351439644,0.0146199523805735,0,0.9969444444444444,2
2025-12-22 00:00:00,0.76,0.43,12.0,stress,0.0,0.0,0.181424994260982,0.0193154320184423,0,0.9975842696629214,2
2025-12-22 00:00:00,0.63,0.2,12.0,stress,0.0,0.0,0.0686472951257769,0.007308541844816,0,0.9990147783251232,2
2025-12-22 00:00:00,0.83,0.25,12.0,stress,0.0,0.0,0.1912397015876455,0.0203603559161736,0,0.998931623931624,2
2025-12-22 00:00:00,1.24,0.5,12.0,stress,0.048,0.1591035847462855,0.3972817720003843,0.1747568580442173,1,0.9983870967741936,2
2025-12-22 00:00:00,1.45,0.52,12.0,stress,0.09,0.2928932188134524,0.612922277908723,0.3092433464350863,1,0.9985014409221904,3
2025-12-23 00:00:00,0.36,0.04,12.0,comfort,0.36,0.0,0.0539371604559676,0.0371867911828615,0,0.999811320754717,1
2025-12-23 00:00:00,0.82,0.04,12.0,comfort,0.82,0.0,0.156908103144633,0.0883285153554147,0,0.9998190045248868,2
2025-12-23 00:00:00,0.34,0.04,12.0,comfort,0.34,0.0,0.0,0.0296974562561128,0,0.9998297872340426,1
2025-12-23 00:00:00,0.34,0.04,12.0,comfort,0.34,0.0,0.147101731061448,0.0453586582734341,0,0.9998245614035088,1
2025-12-23 00:00:00,0.34,0.04,12.0,comfort,0.34,0.0,0.1471021908606012,0.0453587072260016,0,0.9998130841121496,1
2025-12-23 00:00:00,0.36,0.04,12.0,comfort,0.36,0.0,0.1569088219832951,0.0481496804813229,0,0.9998039215686276,1
2025-12-23 00:00:00,0.36,0.04,12.0,comfort,0.36,0.0,0.156908103144633,0.0481496039500855,0,0.9998048780487804,1
2025-12-23 00:00:00,0.4,0.03,12.0,comfort,0.4,0.0,0.1765216160377122,0.0537315771459622,0,0.9998578199052132,2
2025-12-23 00:00:00,0.45,0.1,12.0,comfort,0.45,0.0,0.2010703250664069,0.0607124311383542,0,0.9995412844036696,2
2025-12-23 00:00:00,0.49,0.18,12.0,stress,0.0,0.0,0.2206916785211354,0.0234959638878582,0,0.9991818181818182,2
2025-12-23 00:00:00,0.5,0.2,12.0,stress,0.0,0.0,0.230466470813249,0.024536638227035,0,0.9991150442477876,2
2025-12-23 00:00:00,0.35,0.04,12.0,comfort,0.35,0.0,0.1225844555817445,0.0436218784319094,0,0.9998076923076924,1
2025-12-24 00:00:00,0.36,0.05,12.0,comfort,0.36,0.0,0.0882628789156213,0.0408412825835219,0,0.9997607655502392,1
2025-12-24 00:00:00,0.36,0.05,12.0,comfort,0.36,0.0,0.078454623214302,0.0397970455587942,0,0.9997461928934008,1
2025-12-24 00:00:00,0.36,0.05,12.0,comfort,0.36,0.0,0.1569095099845558,0.048149753729453,0,0.9997282608695652,1
2025-12-24 00:00:00,0.36,0.05,12.0,comfort,0.36,0.0,0.1520072435574469,0.0476278333937527,0,0.9996951219512196,1
2025-12-24 00:00:00,0.36,0.05,12.0,comfort,0.36,0.0,0.1520062295611016,0.04762772543852,0,0.9996753246753246,1
2025-12-24 00:00:00,0.35,0.05,12.0,comfort,0.35,0.0,0.1471021480433535,0.0462321572632266,0,0.9996644295302012,1
2025-12-24 00:00:00,0.35,0.04,12.0,comfort,0.35,0.0,0.1471013466980935,0.0462320719479152,0,0.9997660818713452,1
2025-12-24 00:00:00,0.35,0.05,12.0,comfort,0.35,0.0,0.1471081780299835,0.0462327992464181,0,0.999673202614379,1
2025-12-24 00:00:00,0.36,0.05,12.0,comfort,0.36,0.0,0.1520047249213633,0.0476275652468843,0,0.9996987951807228,1
2025-12-24 00:00:00,0.36,0.04,12.0,comfort,0.36,0.0,0.156908103144633,0.0481496039500855,0,0.9997860962566846,1
2025-12-24 00:00:00,0.37,0.04,12.0,comfort,0.37,0.0,0.156908103144633,0.0490230585458535,0,0.9997948717948718,1
2025-12-24 00:00:00,0.35,0.05,12.0,comfort,0.35,0.0,0.1471114479672468,0.0462331473806494,0,0.9996575342465752,1
2025-12-25 00:00:00,0.35,0.05,12.0,comfort,0.35,0.0,0.1520054581102737,0.0467541887101545,0,0.9996478873239436,1
2025-12-25 00:00:00,0.33,0.05,12.0,comfort,0.33,0.0,0.1421986941227543,0.0439632013093649,0,0.9996376811594202,1
2025-12-25 00:00:00,0.33,0.05,12.0,comfort,0.33,0.0,0.1372955252969817,0.0434411848996914,0,0.999624060150376,1
2025-12-25 00:00:00,0.35,0.05,12.0,comfort,0.35,0.0,0.1471013466980935,0.0462320719479152,0,0.9996575342465752,1
2025-12-25 00:00:00,0.35,0.05,12.0,comfort,0.35,0.0,0.1471024262089548,0.046232186878158,0,0.999642857142857,1
2025-12-25 00:00:00,0.33,0.05,12.0,comfort,0.33,0.0,0.1372945902515539,0.0434410853499768,0,0.999642857142857,1
2025-12-25 00:00:00,0.36,0.06,12.0,comfort,0.36,0.0,0.1520068128983539,0.0476277875435849,0,0.9996153846153846,1
2025-12-25 00:00:00,0.36,0.05,12.0,comfort,0.36,0.0,0.1520047249213633,0.0476275652468843,0,0.9997282608695652,1
2025-12-25 00:00:00,0.35,0.05,12.0,comfort,0.35,0.0,0.1471013466980935,0.0462320719479152,0,0.9997630331753554,1
2025-12-25 00:00:00,0.35,0.07,12.0,comfort,0.35,0.0,0.1422047077150358,0.0457107507386663,0,0.9996682464454976,1
2025-12-25 00:00:00,0.36,0.07,12.0,comfort,0.36,0.0,0.1520047249213633,0.0476275652468843,0,0.9997083333333332,1
2025-12-25 00:00:00,0.36,0.05,12.0,comfort,0.36,0.0,0.1520107065887792,0.0476282020857653,0,0.9996296296296296,1
2025-12-26 00:00:00,0.6,0.39,12.0,stress,0.0,0.0,0.2602237605021902,0.0277047513548934,0,0.9969767441860466,2
2025-12-26 00:00:00,0.74,0.42,12.0,stress,0.0,0.0,0.3285604277708386,0.0349802221706494,0,0.9967692307692309,2
2025-12-26 00:00:00,0.86,0.6,12.0,stress,0.0,0.0,0.3974486024482958,0.0423144092834952,0,0.9953846153846154,2
2025-12-26 00:00:00,0.87,0.63,12.0,stress,0.0,0.0,0.2353621547169496,0.0250578577536548,0,0.9954676258992806,2
2025-12-26 00:00:00,1.04,0.68,12.0,stress,0.008,0.1591035847462855,0.3040695163537736,0.1613391865858748,1,0.995072463768116,2
2025-12-26 00:00:00,0.46,0.28,12.0,stress,0.0,0.0,0.0,0.0,0,0.9978125,2
2025-12-26 00:00:00,0.69,2.21,12.0,stress,0.0,0.0,0.0296170303398895,0.0031531804007961,0,0.9844366197183098,2
2025-12-26 00:00:00,0.6,0.05,12.0,comfort,0.6,0.0,0.0,0.0524072757460815,0,0.9996478873239436,2
2025-12-26 00:00:00,0.35,0.03,12.0,comfort,0.35,0.0,0.0343236475628884,0.0342251817742889,0,0.9997777777777778,1
2025-12-26 00:00:00,0.34,0.04,12.0,comfort,0.34,0.0,0.0,0.0296974562561128,0,0.9997014925373134,1
2025-12-26 00:00:00,0.34,0.04,12.0,comfort,0.34,0.0,0.1421981280505935,0.0448365956381979,0,0.9996992481203008,1
2025-12-26 00:00:00,1.51,0.58,12.0,stress,0.102,0.1591035847462855,0.7269663589882411,0.2145734187670071,1,0.9962091503267974,3
2025-12-27 00:00:00,0.26,0.22,12.0,stress,0.0,0.0,0.1078743209119352,0.0114848514704251,0,0.9984397163120567,2
2025-12-27 00:00:00,0.26,0.2,12.0,stress,0.0,0.0,0.1078743209119352,0.0114848514704251,0,0.9985611510791368,2
2025-12-27 00:00:00,0.26,0.18,12.0,stress,0.0,0.0,0.0,0.0,0,0.9986861313868612,2
2025-12-27 00:00:00,0.2,0.15,12.0,stress,0.0,0.0,0.0,0.0,0,0.9988636363636364,2
2025-12-27 00:00:00,0.2,0.15,12.0,stress,0.0,0.0,0.0,0.0,0,0.9989051094890512,2
2025-12-27 00:00:00,0.2,0.1,12.0,comfort,0.2,0.0,0.0098067564465395,0.0185131693217628,0,0.9992857142857144,1
2025-12-27 00:00:00,0.43,0.09,12.0,comfort,0.43,0.0,0.1372945902515539,0.0521756313076571,0,0.9993793103448276,2
2025-12-27 00:00:00,0.33,0.22,12.0,stress,0.0,0.0,0.0883037695515949,0.0094012705619406,0,0.9984057971014492,2
2025-12-27 00:00:00,0.31,0.19,12.0,stress,0.0,0.0,0.1029709426886654,0.010962812767224,0,0.9987662337662336,2
2025-12-27 00:00:00,0.4,0.18,12.0,stress,0.0,0.0,0.152015386499918,0.0161843348853718,0,0.9986259541984732,2
2025-12-27 00:00:00,0.4,0.17,12.0,stress,0.0,0.0,0.0882608080188561,0.0093966966576205,0,0.9987121212121212,2
2025-12-27 00:00:00,0.36,0.29,12.0,stress,0.0,0.0,0.0833913383679834,0.0088782680343185,0,0.9978985507246376,2
2025-12-28 00:00:00,0.41,0.22,12.0,stress,0.0,0.0,0.112777699135205,0.0120068901736263,0,0.9985714285714286,2
2025-12-28 00:00:00,0.39,0.3,12.0,stress,0.0,0.0,0.1079003324633835,0.0114876207931182,0,0.9980891719745222,2
2025-12-28 00:00:00,0.39,0.3,12.0,stress,0.0,0.0,0.0490343867173771,0.0052204513885394,0,0.998064516129032,2
2025-12-28 00:00:00,0.39,0.3,12.0,stress,0.0,0.0,0.0833574297955863,0.0088746579544194,0,0.998125,2
2025-12-28 00:00:00,0.4,0.2,12.0,stress,0.0,0.0,0.0490337822326978,0.0052203870320114,0,0.99873417721519,2
2025-12-28 00:00:00,0.41,0.28,12.0,stress,0.0,0.0,0.0539523772771105,0.0057440457957534,0,0.9981699346405228,2
2025-12-28 00:00:00,0.32,0.28,12.0,stress,0.0,0.0,0.0098069359165921,0.0010440965137012,0,0.9981333333333332,2
2025-12-28 00:00:00,0.32,0.28,12.0,stress,0.0,0.0,0.0588405386792374,0.0062644644384137,0,0.9981333333333332,2
2025-12-28 00:00:00,0.32,0.3,12.0,stress,0.0,0.0,0.019614311018712,0.002088239785338,0,0.998051948051948,2
2025-12-28 00:00:00,0.32,0.3,12.0,stress,0.0,0.0,0.0196135128930791,0.0020881548128045,0,0.998051948051948,2
2025-12-28 00:00:00,0.36,0.3,12.0,stress,0.0,0.0,0.0392285747648879,0.0041764745378004,0,0.9979729729729728,2
2025-12-28 00:00:00,0.32,0.15,12.0,stress,0.0,0.0,0.0098067564465395,0.0010440774064022,0,0.999,2
2025-12-29 00:00:00,0.5,0.43,12.0,stress,0.0,0.0,0.0981494904742192,0.0104494963255856,0,0.9973291925465838,2
2025-12-29 00:00:00,0.55,0.51,12.0,stress,0.0,0.0,0.1226024944253274,0.0130528880874996,0,0.9970348837209304,2
2025-12-29 00:00:00,0.64,0.64,12.0,stress,0.0,0.0,0.2403412633554556,0.0255879591038644,0,0.9964044943820224,2
2025-12-29 00:00:00,0.7,0.87,12.0,stress,0.0,0.0,0.1324919711034002,0.014105772312473,0,0.9948823529411764,2
2025-12-29 00:00:00,0.66,0.8,12.0,stress,0.0,0.0,0.0735506733490467,0.0078305805480171,0,0.9952095808383232,2
2025-12-29 00:00:00,0.6,0.7,12.0,stress,0.0,0.0,0.0,0.0,0,0.995625,2
2025-12-29 00:00:00,0.6,0.69,12.0,stress,0.0,0.0,0.0,0.0,0,0.9955483870967742,2
2025-12-29 00:00:00,0.63,0.63,12.0,stress,0.0,0.0,0.0,0.0,0,0.9961349693251534,2
2025-12-29 00:00:00,0.6,0.74,12.0,stress,0.0,0.0,0.0,0.0,0,0.9954601226993864,2
2025-12-29 00:00:00,0.58,0.63,12.0,stress,0.0,0.0,0.0,0.0,0,0.9961349693251534,2
2025-12-29 00:00:00,0.56,0.33,12.0,stress,0.0,0.0,0.0,0.0,0,0.9981868131868132,2
2025-12-29 00:00:00,0.71,0.25,12.0,stress,0.0,0.0,0.0,0.0,0,0.9986033519553073,2
2025-12-30 00:00:00,0.24,0.12,12.0,comfort,0.24,0.0,0.0,0.0209629102984326,0,0.99925,1
2025-12-30 00:00:00,0.24,0.12,12.0,comfort,0.24,0.0,0.0,0.0209629102984326,0,0.9992814371257484,1
2025-12-30 00:00:00,0.24,0.12,12.0,comfort,0.24,0.0,0.0,0.0209629102984326,0,0.9992258064516129,1
2025-12-30 00:00:00,0.29,0.12,12.0,comfort,0.29,0.0,0.0833574297955863,0.0342048412316921,0,0.9992941176470588,1
2025-12-30 00:00:00,0.38,0.12,12.0,comfort,0.38,0.0,0.1274891973112582,0.0467644260882573,0,0.9992727272727272,1
2025-12-30 00:00:00,0.4,0.12,12.0,comfort,0.4,0.0,0.1372958306318159,0.0495553995775744,0,0.9992546583850932,1
2025-12-30 00:00:00,0.84,0.31,12.0,stress,0.0,0.0,0.3532433098416166,0.0376080879319211,0,0.998121212121212,2
2025-12-30 00:00:00,0.46,0.31,12.0,stress,0.0,0.0,0.1667158145358598,0.0177494175771303,0,0.9981097560975608,2
2025-12-30 00:00:00,0.46,0.31,12.0,stress,0.0,0.0,0.1667148595911726,0.0177493159088388,0,0.9981097560975608,2
2025-12-30 00:00:00,0.41,0.35,12.0,stress,0.0,0.0,0.0490407369181417,0.005221127463364,0,0.9978260869565218,2
2025-12-30 00:00:00,0.41,0.34,12.0,stress,0.0,0.0,0.0490337822326978,0.0052203870320114,0,0.9978616352201256,2
2025-12-30 00:00:00,0.48,0.14,12.0,comfort,0.48,0.0,0.0833574297955863,0.0508004785512846,0,0.999113924050633,2
2025-12-31 00:00:00,0.19,0.1,12.0,comfort,0.19,0.0,0.0,0.0165956373195924,0,0.999404761904762,1
2025-12-31 00:00:00,0.2,0.09,12.0,comfort,0.2,0.0,0.0,0.0174690919153605,0,0.9995027624309392,1
2025-12-31 00:00:00,0.2,0.09,12.0,comfort,0.2,0.0,0.0294202693396187,0.0206013241345673,0,0.9995081967213114,1
2025-12-31 00:00:00,0.25,0.07,12.0,comfort,0.25,0.0,0.0735506733490467,0.0296669454422177,0,0.9996236559139784,1
2025-12-31 00:00:00,0.21,0.09,12.0,comfort,0.21,0.0,0.0588445109907745,0.024607433862128,0,0.9994886363636364,1
2025-12-31 00:00:00,0.28,0.09,12.0,comfort,0.28,0.0,0.0931645993124472,0.0343755080199037,0,0.9994797687861272,1
2025-12-31 00:00:00,0.28,0.09,12.0,comfort,0.28,0.0,0.1029709426886654,0.0354195414487287,0,0.9994797687861272,1
2025-12-31 00:00:00,0.3,0.09,12.0,comfort,0.3,0.0,0.1029725859002761,0.0371666255849701,0,0.9994478527607362,1
2025-12-31 00:00:00,0.3,0.09,12.0,comfort,0.3,0.0,0.1029709426886654,0.0371664506402647,0,0.9994478527607362,1
2025-12-31 00:00:00,0.19,0.1,12.0,comfort,0.19,0.0,0.0490355683559003,0.0218162145114076,0,0.999375,1
2025-12-31 00:00:00,0.28,0.09,12.0,comfort,0.28,0.0,0.0931641862421259,0.0343754640423264,0,0.9994797687861272,1
2025-12-31 00:00:00,0.19,0.1,12.0,comfort,0.19,0.0,0.0490365448003658,0.0218163184686753,0,0.9993670886075948,1
